23August_2010_Monday_heute-5321|im osten und süden heute nacht örtlich frostig im breisgau bis minus zwölf grad
22November_2010_Monday_heute-279|und auch hier ist es etwas kühler, es ist vor allem in der südlichen <unk> teilweise mit blitz und <unk>
26September_2009_Saturday_tagesschau-2333|und nun die wettervorhersage für morgen, <unk> den 29. januar
17April_2010_Saturday_tagesschau-396|der wind weht schwach bis mäßig an der küste teilweise frisch und stark böig aus süd bis <unk>
30November_2010_Tuesday_tagesschau-4620|am tag ist es zunächst noch freundlich, aber später wird es dann wolkig mit etwas <unk>
22November_2011_Tuesday_tagesschau-3647|am samstag ist es teilweise freundlich, sonst gibt es mehr wolken als sonne und zeitweise <unk>
05February_2010_Friday_tagesschau-2919|heute nacht sind es dreizehn grad an der oder und im süden bei sonne bis zu zweiundzwanzig grad.
12February_2010_Friday_tagesschau-125|am tag fünfundzwanzig grad auf rügen und bis fünfunddreißig grad im breisgau
03July_2011_Sunday_tagesschau-1673|am dienstag ist es ebenfalls wechselhaft, aber nicht mehr ganz so kalt
21April_2010_Wednesday_heute-3122|es wird also ziemlich mild mit temperaturen heute nacht besonders im norden bei mehr <unk>
23April_2010_Friday_tagesschau-3667|in der nacht heute liegen die temperaturen zwischen sechs und elf grad, an der ostsee bei längerem <unk>
22June_2011_Wednesday_heute-4381|und es ist eine <unk> die sich heute nacht schon wieder wolken mit regen und schauern im osten ziehen auch die mitte
30September_2012_Sunday_tagesschau-4033|und nun die wettervorhersage für morgen dienstag den einunddreißigsten juli
09May_2011_Monday_tagesschau-8583|morgen liegen die temperaturen im sauerland zwischen achtzehn und fünfundzwanzig grad.
04February_2010_Thursday_heute-7970|und die temperaturen dazu sind mit siebzehn bis fünfundzwanzig grad eigentlich nur noch ganz freundlich und trocken
24October_2009_Saturday_tagesschau-4284|in der mitte gibt es viele wolken, aber es bleibt trocken.
13August_2011_Saturday_tagesschau-1409|im süden fällt heute nacht verbreitet <unk> der an den alpen <unk> sonst ist es teilweise klar.
03October_2012_Wednesday_tagesschau-7651|und nun die wettervorhersage für morgen donnerstag den dreiundzwanzigsten juli
07June_2010_Monday_heute-2322|und es wird am wochenende etwas kühler, außerdem ist das ganze dann auch nicht ganz so kalt, und das wetter in den mittelgebirgen ist das heißt weiterhin kalt
10August_2009_Monday_heute-6892|auch im norden gibt es viele wolken und es bleibt meist trocken
16September_2010_Thursday_tagesschau-6272|am freitag mal sonne mal wolken mal etwas regen oder schnee
06February_2011_Sunday_tagesschau-6917|morgen strömt noch kühle luft in der südöstlichen <unk> in den nächsten tagen
02November_2010_Tuesday_tagesschau-2031|im süden weht der wind schwach, sonst schwach bis mäßig, an den küsten auch frisch.
25November_2010_Thursday_tagesschau-2536|am sonntag viele wolken hier und da etwas regen oder schnee im norden und osten ist es teilweise freundlich
26January_2010_Tuesday_tagesschau-2787|am donnerstag ist es im norden ebenfalls stürmisch, mit einzelnen regenfällen
26November_2011_Saturday_tagesschau-5848|im norden weht der wind schwach bis mäßig, an den küsten frisch mit stürmischen <unk>
17February_2011_Thursday_tagesschau-6307|die sonne kommt ab und zu mal zum teil wieder zum teil wieder erreichen
29September_2009_Tuesday_tagesschau-8538|im süden weht der wind schwach sonst schwach bis mäßig an den küsten frisch aus verschiedenen richtungen
01July_2011_Friday_tagesschau-2763|im norden gibt es einige wolken und nur wenige <unk> am nachmittag gibt es dort nicht mehr so kalt.
22April_2010_Thursday_heute-2124|es bleibt dabei sehr mild
24November_2011_Thursday_heute-222|an der nordsee weht der wind schwach bis mäßig, auch frisch aus ost bis <unk>
22August_2010_Sunday_tagesschau-1345|der wind weht schwach bis mäßig an der <unk> an der see teilweise frisch mit stürmischen böen und schneeverwehungen
24January_2011_Monday_heute-6983|heute nacht acht grad an der nordsee und ein grad im <unk>
03July_2009_Friday_tagesschau-2008|am tag ist es in der osthälfte wolkig teils neblig und trüb, teils freundlich; im westen gibt es auch <unk>
21August_2011_Sunday_tagesschau-264|sonst ist es teilweise freundlich.
27August_2009_Thursday_tagesschau-3276|am donnerstag im norden und osten gewittrige regenfälle die örtlich auch gewitter
22January_2011_Saturday_tagesschau-2082|am dienstag sonne und wolken im wechsel einzelne schauer oder gewitter
26May_2010_Wednesday_heute-7867|morgen gibt es im norden und osten zeitweise dichte wolken, teils <unk> sonst gelegentlich <unk>
26August_2009_Wednesday_tagesschau-3225|am freitag gibt es im südosten noch viele wolken, die hier und da regen oder <unk> sonst fällt nur vereinzelt <unk>
25January_2013_Friday_tagesschau-7813|am mittwoch ziehen wolken über den nordwesten und an manchen stellen regnet es etwas
24January_2013_Thursday_tagesschau-6327|im norden weht der wind schwach bis mäßig, an der ostsee frisch mit starken bis stürmischen <unk>
24June_2011_Friday_tagesschau-4073|am samstag wird es kühler und es regnet gelegentlich an der ostsee noch ab und an der ostsee
04October_2010_Monday_heute-5954|und damit wird es dann auch in den nächsten tagen wärmer, doch das ist der nächste wetter schon wieder so
19May_2010_Wednesday_heute-1119|am niederrhein heute nacht plus drei grad an der nordsee und minus vier grad
01October_2010_Friday_tagesschau-2691|und nun die wettervorhersage für morgen, <unk> den fünften juli
20September_2010_Monday_heute-2935|und das wird auch ziemlich klart es noch stärker zu
10August_2011_Wednesday_tagesschau-6303|in der nacht sinken die temperaturen auf vierzehn bis zwanzig grad.
07December_2011_Wednesday_tagesschau-5399|am dienstag fällt in der westhälfte stellenweise <unk> der örtlich stark sein können.
24January_2011_Monday_tagesschau-3712|von nordwesten ziehen jedoch auch dichtere wolken mit etwas regen
24July_2011_Sunday_tagesschau-6622|es gibt viele wolken, die aber es wird auch noch etwas stürmisch.
30March_2011_Wednesday_tagesschau-7127|am wochenende wird es ebenfalls zu beginn der nordosthälfte viel sonne vielleicht richtung osten und vor allem im norden
11August_2010_Wednesday_tagesschau-3|am sonntag ziehen von westen wieder schauer und gewitter auf, die sich heftig ausfallen können.
16February_2010_Tuesday_tagesschau-6098|am sonntag gibt es im westen und nordwesten immer wieder schauer oder gewitter sonst teils bewölkt teils freundlich
08January_2010_Friday_tagesschau-3984|am mittwoch ist es im süden und westen bewölkt, sonst zeitweise freundlich.
30November_2011_Wednesday_tagesschau-6289|morgen liegen die temperaturen zwischen sieben und neun grad bei längerem nebel ist es kühler.
08December_2009_Tuesday_heute-4211|dabei bleibt es meist trocken
12July_2009_Sunday_tagesschau-2574|am freitag ist es im norden weiterhin stürmisch, mit einzelnen <unk>
23April_2010_Friday_tagesschau-3668|morgen meist nur zehn bis siebzehn grad am <unk>
20June_2011_Monday_tagesschau-1253|im osten bleibt es bis zum morgen trocken
21October_2009_Wednesday_tagesschau-735|am sonntag zieht der regen ostwärts ab, dabei treten noch einzelne gewitter auf, die im westen und südwesten teilweise heftig sein können.
09March_2011_Wednesday_heute-1742|und das wird auch noch ein bisschen kühler tag das sind drei grad an der nordsee und bis zu dreizehn grad
13May_2010_Thursday_tagesschau-7926|sonst sonniges wetter nur ein wechsel aus sonne und wolken
25September_2010_Saturday_tagesschau-3480|und nun die wettervorhersage für morgen, <unk> den sechsten september
10January_2011_Monday_tagesschau-6404|am dienstag ist es in der osthälfte noch schnee oder gefrierender regen
25August_2009_Tuesday_tagesschau-7091|morgen schwacher bis mäßiger wind aus süd bis südwest im nordwesten außerdem stark bis west
29November_2011_Tuesday_tagesschau-5612|das hoch über großbritannien sorgt dafür dass es im nordwesten deutschlands zu uns.
27August_2009_Thursday_tagesschau-3285|am tag gibt es mal sonne mal dichtere wolken, und vereinzelt fallen nur einzelne schauer
23November_2011_Wednesday_tagesschau-984|am tag weht der wind im norden schwach bis mäßig, an den küsten frisch mit stürmischen <unk>
26April_2010_Monday_tagesschau-7271|am tag vierzehn grad in der eifel und bis zu zwanzig grad an der <unk>
11October_2010_Monday_tagesschau-4607|der wind weht schwach bis mäßig im norden frisch mit einzelnen sturmböen auf den bergen auch stürmische böen
17October_2009_Saturday_tagesschau-2127|in der nacht heute neun bis drei grad an der oder und im <unk>
10January_2011_Monday_tagesschau-6409|heute nacht sind es vierzehn grad in einigen mittelgebirgstälern
26September_2009_Saturday_tagesschau-2342|heute nacht sind es an der ostsee fünf grad und im <unk>
06July_2010_Tuesday_tagesschau-2654|im süden weht der wind schwach nach norden mäßig bis frisch an den küsten stark mit stürmischen böen
29October_2009_Thursday_tagesschau-1011|und nun die wettervorhersage für morgen, <unk> den ersten oktober
27May_2011_Friday_tagesschau-8122|am mittwoch ziehen aus westen schauer und gewitter nach osten
19August_2010_Thursday_tagesschau-995|am mittwoch sonne und wolken im norden hier und da fallen nur vereinzelt <unk>
25January_2010_Monday_tagesschau-8305|der wind weht schwach bis mäßig an der <unk> teilweise frisch aus west bis <unk>
20October_2009_Tuesday_tagesschau-3594|in der nacht ist es im westen und nordwesten mit etwas schnee zu rechnen.
06May_2011_Friday_tagesschau-6438|am tag drei grad auf rügen und bis zu fünfundzwanzig grad am oberrhein
20February_2011_Sunday_tagesschau-3166|im süden scheint morgen häufig die sonne
02December_2011_Friday_tagesschau-8010|im norden weht der wind schwach bis mäßig, an der see frisch mit starken bis stürmischen <unk>
30March_2010_Tuesday_tagesschau-5694|und nun die wettervorhersage für morgen mittwoch den dreißigsten juli
28September_2012_Friday_tagesschau-922|am samstag erwartet uns wechselhaftes wetter mit <unk> wolken und etwas <unk> örtlich gibt es auch <unk>
30November_2010_Tuesday_tagesschau-4618|im westen und südwesten fällt heute nacht zeitweise schnee oder gefrierender <unk>
25January_2013_Friday_tagesschau-7815|am tag sieben grad an der <unk> wo es länger aufklart
29November_2011_Tuesday_tagesschau-5619|heute nacht regnet es an der ostsee und an den alpen wo es aufklart
30July_2011_Saturday_tagesschau-8591|heute nacht gibt es im osten und süden noch teilweise starken <unk> in der westlichen <unk> später klart es im nordwesten auf.
26January_2010_Tuesday_heute-107|und nun die wettervorhersage für morgen, <unk> den küsten ist es etwas kühler,
30August_2011_Tuesday_heute-783|am samstag schneit es kaum noch
26July_2010_Monday_tagesschau-6256|und nun die wettervorhersage für morgen, <unk> den neunzehnten juli
29June_2010_Tuesday_tagesschau-7705|heute nacht sind es drei grad im <unk> dreizehn grad im <unk>
30November_2009_Monday_tagesschau-5749|im süden weht der wind schwach bis mäßig, an der see frisch mit starken bis stürmischen <unk>
21November_2011_Monday_heute-5434|morgen scheint die sonne dann erst am vormittag im osten und südosten vormittags hier im <unk>
29May_2011_Sunday_tagesschau-764|im süden weht der wind schwach bis mäßig
12November_2009_Thursday_tagesschau-6772|am samstag mal <unk> mal wolken, mal <unk>
10August_2010_Tuesday_heute-1455|im osten bleibt es morgen noch weitgehend trocken und auch warm während es im westen und westen zum teil auch
06January_2010_Wednesday_heute-3530|der wind weht schwach bis mäßig im norden frisch mit starken bis stürmischen böen an der see
20November_2010_Saturday_tagesschau-1823|am donnerstag insgesamt unbeständiges wetter mit schnee
18October_2010_Monday_heute-629|am freitag wird es insgesamt ein wenig milder
01November_2010_Monday_tagesschau-140|am freitag ist es im norden teilweise freundlich, sonst gibt es mehr wolken als sonne und einzelne <unk>
20October_2010_Wednesday_heute-8501|in der nordhälfte weht der wind schwach bis mäßig, an den küsten frisch und stark mit stürmischen <unk>
02October_2012_Tuesday_heute-3494|der wind weht schwach bis mäßig im norden frisch an der see und in den hochlagen auch stark
22July_2010_Thursday_tagesschau-8194|und nun die wettervorhersage für morgen freitag den vierten märz
01December_2011_Thursday_heute-3060|es wird etwas kühler sein als heute und das heißt in den nächsten stunden weiterhin im norden und westen später im nordwesten
28February_2011_Monday_tagesschau-4984|heute nacht werte zwischen neun und drei grad bei klarem himmel stellenweise leichter frost
21November_2009_Saturday_tagesschau-4906|im norden weht der wind schwach bis mäßig aus west bis südwest
11December_2009_Friday_tagesschau-3509|die gewitter ziehen dann ab sonntag weiter in richtung südosten
23May_2011_Monday_tagesschau-1097|ein kleines tief über england tief das nach großbritannien zieht sorgt morgen für regen
19March_2011_Saturday_tagesschau-4690|morgen meist mäßiger bis frischer wind mit starken bis stürmischen böen an der see und in den hochlagen auch sturmböen
19March_2011_Saturday_tagesschau-4697|am dienstag gibt es mal wolken, mal <unk> und es bleibt weitgehend trocken.
20September_2010_Monday_tagesschau-7029|es ist auf jeden fall sehr windig und im norden noch wechselhaft,
02October_2009_Friday_tagesschau-1354|am dienstag ist es weiterhin leicht bewölkt und es regnet teilweise kräftig, im süden kommen auch gewitter vor.
30September_2012_Sunday_tagesschau-4038|am samstag ist es ebenfalls sehr windig aber es wird etwas kühler, vor allem am nachmittag wieder kühler.
27August_2009_Thursday_tagesschau-3284|es wird überwiegend sonnig sein
05February_2011_Saturday_tagesschau-7855|es kann aber auch mal die sonne mal zum teil zeigen sich vor allem in der mitte
12December_2011_Monday_heute-5806|dabei fließt weiterhin kalte luft zu uns nach deutschland
11August_2010_Wednesday_tagesschau-8|der wind weht schwach bis mäßig im norden und an der see teilweise frisch mit starken böen
23September_2009_Wednesday_tagesschau-7593|am sonntag gibt es viele wolken, einige <unk> und teilweise kräftige <unk>
03February_2011_Thursday_tagesschau-939|morgen an der ostsee zwanzig grad im breisgau
02October_2009_Friday_tagesschau-1355|es bleibt dabei sehr mild
12July_2011_Tuesday_heute-1280|am mittwoch wird es auch sehr windig sein
24January_2011_Monday_heute-6980|und die temperaturen werden morgen früh auch null grad aber im süden bis minus fünf grad erwartet.
04May_2011_Wednesday_heute-3996|es wird noch wärmer, die fünfundzwanzig bis vierundzwanzig grad aber im <unk> bleibt es in <unk> und im <unk> ist es teilweise sehr windig. während es im osten und auch
06December_2011_Tuesday_tagesschau-6842|im süden gibt es abwechselnd sonne und wolken, besonders im norden sowie westen zeigt sich die sonne auch für längere zeit
12November_2009_Thursday_tagesschau-6771|im süden ist es morgen noch freundlich, sonst gibt es immer wieder regen oder <unk>
12July_2010_Monday_heute-244|am freitag wird es dann überall wechselhaft sein, aber es bleibt meist trocken.
28December_2011_Wednesday_tagesschau-1911|am tag minus fünf grad im bergland und plus ein grad an der nordsee
03September_2010_Friday_tagesschau-8432|am tag null grad an der ostsee und bis zu minus zwölf grad am oberrhein
10August_2009_Monday_heute-6891|und das wird auch noch verstärken denn wir haben kräftige temperaturgegensätze die
27September_2009_Sunday_tagesschau-2169|im norden weht der wind schwach bis mäßig, an der see frisch mit starken bis stürmischen <unk> an der küste treten stürmische böen auf.
09February_2010_Tuesday_tagesschau-4495|am mittwoch wird es aus westen etwas milder und auch im süden
09August_2009_Sunday_tagesschau-1182|der wind weht schwach bis mäßig im norden und an den küsten frisch
28September_2012_Friday_tagesschau-916|am samstag ist es nach einer teilweise klaren nacht
19January_2011_Wednesday_heute-2680|und so wird es dann auch in den nächsten tagen noch ein bisschen kühler sein
02December_2010_Thursday_heute-8445|und so beginnt es auch tagsüber etwas kühler sein, aber nur im westen gibt es nur noch wenige <unk>
19January_2011_Wednesday_tagesschau-7068|und nun die wettervorhersage für morgen, <unk> den einundzwanzigsten november
15February_2011_Tuesday_tagesschau-7468|und nun die wettervorhersage für morgen, <unk> den vierzehnten juli
18November_2009_Wednesday_tagesschau-5583|am mittwoch viele wolken und gebietsweise regen
28November_2011_Monday_tagesschau-168|in der nacht fallen in der nordhälfte einige <unk> manchmal auch kräftige <unk>
10March_2011_Thursday_tagesschau-5086|am mittwoch mal sonne mal wolken vor allem im norden und westen mal sonne mal wolken
05September_2009_Saturday_tagesschau-4078|und nun die wettervorhersage für morgen, <unk> den sechsten september
01April_2010_Thursday_heute-6697|dabei kühlt es ab auf etwas sonne
04January_2010_Monday_heute-7401|an der nordsee gibt es bei schauern vereinzelt gewittern
29November_2009_Sunday_tagesschau-7043|am donnerstag kommt von westen regen auf er weht starker <unk> der sich im süden aus <unk> bis in die niederungen des südens bildet sich nebel
03September_2010_Friday_tagesschau-8424|im norden und osten bleibt es morgen meist trocken und es bleibt deutlich wärmer
29March_2011_Tuesday_tagesschau-8117|es bleibt winterlich in dieser nacht noch noch noch noch etwas schnee dabei
12December_2011_Monday_tagesschau-8281|am tag zwei grad bei dauernebel an der donau und zwölf grad am oberrhein
09December_2009_Wednesday_tagesschau-2561|am donnerstag wechselhaftes wetter mit <unk> wolken und <unk>
23May_2011_Monday_heute-6459|und es wird auch sehr windig sein als heute meist so um die zwanzig grad
29November_2011_Tuesday_heute-8095|und jetzt wünsche ich ihnen noch einen schönen abend
11April_2010_Sunday_tagesschau-8639|dabei gibt es meist viele wolken und einige <unk> die an den küsten auch heftig sein können.
07April_2010_Wednesday_heute-1631|im norden weht der wind schwach bis mäßig, an der ostsee auch frisch.
20July_2010_Tuesday_tagesschau-7883|in der nacht sind es vier grad in nordfriesland und bei klarem himmel teilweise strenger frost
01February_2011_Tuesday_tagesschau-4976|am montag und dienstag wird es im norden wechselhaft und wieder kühler
04July_2009_Saturday_tagesschau-3345|am montag ist es teils freundlich, teils bewölkt, teils sonnig, teils bewölkt und es gibt nur vereinzelt <unk>
20March_2010_Saturday_heute-7296|im süden weht der wind schwach, im norden mäßig bis frisch mit starken bis stürmischen böen
09August_2010_Monday_tagesschau-3004|am montag ist es recht freundlich im norden nur einige schauer und gewitter die an den küsten unwetterartig sein können
10December_2011_Saturday_tagesschau-5422|am freitag gibt es in der osthälfte noch schnee oder <unk>
04April_2011_Monday_heute-966|es besteht eine gefahr von <unk>
01May_2010_Saturday_tagesschau-7197|am samstag gibt es im norden <unk> sonst ist es abgesehen von einigen schauern und gewittern zu rechnen.
09August_2009_Sunday_tagesschau-1179|am samstag kommt von westen regen auf jeden fall an der nordsee wieder
31May_2011_Tuesday_heute-1899|es kann dort morgen noch recht gefährlichen eisregen geben, denn die temperaturen liegen dort noch so um den gefrierpunkt
11February_2011_Friday_tagesschau-7755|und damit wird es morgen vorerst so sonnig endlich mal im norden und an der ostsee
29April_2010_Thursday_heute-8623|am montag ist es teilweise freundlich, teilweise sonnig und überwiegend trocken.
03September_2010_Friday_tagesschau-8423|und das ganze dann bei uns genau mild
18November_2011_Friday_tagesschau-2143|am tag ist es zunächst meist freundlich, später gibt es im westen und nordwesten erste schauer und gewitter
19October_2009_Monday_tagesschau-229|und jetzt die wettervorhersage für morgen, <unk> den 5. juni
30November_2011_Wednesday_tagesschau-6292|am mittwoch ist es im norden ebenfalls sehr windig aber stellenweise stürmisch mit schweren sturmböen im ganzen land
16September_2010_Thursday_tagesschau-6276|heute nacht werte zwischen fünfzehn und sieben grad am tag dann acht grad am tag dann vierzehn grad am oberrhein
04August_2011_Thursday_tagesschau-718|am dienstag ist es weiterhin wechselhaft und kühler
20December_2010_Monday_tagesschau-3199|in der nacht fallen in der nordhälfte schauer an der nordsee sind es null grad
13February_2010_Saturday_tagesschau-6036|und nun die wettervorhersage für morgen, <unk> den fünften juni
12July_2011_Tuesday_heute-1274|das wetter ist sehr windig und wechselhaft, zuerst mit regen zieht nach osten von westen her
30November_2011_Wednesday_tagesschau-6291|die aussichten am mittwoch sonnig und sommerlich warm.
26March_2011_Saturday_tagesschau-5731|am montag ist es im norden und westen bewölkt, es fallen nur vereinzelt <unk>
11May_2010_Tuesday_tagesschau-1960|und nun die wettervorhersage für morgen, <unk> den ersten märz
07February_2011_Monday_tagesschau-1613|der wind weht schwach bis mäßig im norden frisch mit starken bis stürmischen böen an der see und auf den bergen stürmische böen
22March_2011_Tuesday_tagesschau-4956|in der nacht ist es überwiegend bewölkt, jedoch bleibt es trocken.
24January_2010_Sunday_tagesschau-8710|im süden weht der wind schwach sonst schwach bis mäßig, an der see frisch mit stürmischen <unk>
07June_2010_Monday_heute-2327|die temperaturen sind wunderbar, man kann sagen, endlich über zwanzig grad, und das heißt es bleibt meist zwischen sechzehn und zwanzig grad, meist zwischen zwanzig und dreißig grad
04October_2010_Monday_heute-5945|liebe zuschauer guten abend
20December_2010_Monday_tagesschau-3208|am alpenrand morgen bis achtundzwanzig grad
14October_2009_Wednesday_tagesschau-529|im norden weht der wind schwach bis mäßig aus nördlichen richtungen
04July_2010_Sunday_tagesschau-7199|am tag liegen die werte zwischen minus eins und plus sechs grad in der lausitz und im <unk>
09February_2010_Tuesday_tagesschau-4496|es bleibt weiterhin leicht wechselhaft und etwas kühler
25August_2010_Wednesday_heute-6001|heute nacht ist es im westen und nordwesten bewölkt, gebietsweise fällt leichter <unk> ansonsten stellenweise leichter <unk>
07April_2011_Thursday_tagesschau-8102|am sonntag wird es von westen her zunehmend freundlicher, sofern sich die wolken einige regentropfen bringen.
10February_2010_Wednesday_tagesschau-2524|am samstag wechselhaftes wetter
06February_2011_Sunday_tagesschau-6914|es gibt entsprechende unwetterwarnungen des deutschen wetterdienstes in <unk> in <unk>
07December_2010_Tuesday_heute-5626|es ist dabei sehr windig und im süden windig im norden und westen teilweise mit schweren <unk>
18October_2010_Monday_heute-630|und jetzt wünsche ich ihnen noch einen schönen abend
25August_2009_Tuesday_tagesschau-7090|heute nacht ist es meist trocken und teilweise klar.
16April_2010_Friday_tagesschau-6577|das tief über der nordsee macht sich in deutschland in der nacht und am montag für alle erneut mehr sonne und es wird
25April_2010_Sunday_tagesschau-4952|am dienstag ist es weiterhin wechselhaft.
03March_2011_Thursday_tagesschau-7064|und nun die wettervorhersage für morgen samstag den vierundzwanzigsten februar
24November_2011_Thursday_heute-223|im süden bleibt es am freundlichsten sonst ist es im norden und osten noch etwas kühler, und am <unk>
05April_2011_Tuesday_tagesschau-6420|am sonntag wechselhaftes wetter mit viel sonnenschein
01July_2009_Wednesday_tagesschau-4555|am tag fünfundzwanzig grad auf <unk> an der ostsee und bis zu dreißig grad an der <unk>
28September_2009_Monday_tagesschau-4680|am tag zwanzig grad an der nordsee und bis zu dreißig grad im südwesten
09January_2010_Saturday_tagesschau-1919|und nun die wettervorhersage für morgen sonntag den siebzehnten februar
10August_2011_Wednesday_tagesschau-6304|im norden und osten bleibt es morgen früh meist trocken, während es im übrigen land teilweise stark bewölkt oder neblig trüb ist.
01July_2011_Friday_tagesschau-2765|im norden weht der wind schwach bis mäßig, an der see frisch mit stürmischen <unk>
03November_2010_Wednesday_tagesschau-6506|am tag ist es in den alpen noch länger freundlich; der regen auch einzelne gewitter mit stürmischen böen und auf den bergen gibt es auch <unk>
20March_2010_Saturday_heute-7297|in den kommenden tagen erwartet uns wechselhaftes wetter
14April_2010_Wednesday_heute-1881|es weht ein schwacher bis mäßiger wind aus westlichen richtungen
02June_2010_Wednesday_heute-6796|und auch morgen wird es etwas kühler sein als heute sein, meist so um die zwanzig grad etwas nicht mehr ganz so schön werden
09August_2010_Monday_heute-5905|am samstag ist es im norden regnerisch und sehr windig
20November_2010_Saturday_tagesschau-1824|es ist dabei sehr windig und teilweise stürmisch
09April_2010_Friday_tagesschau-7623|der wind weht schwach bis mäßig aus nordöstlicher richtung
03November_2010_Wednesday_tagesschau-6505|im süden scheint die sonne auch für längere zeit
23March_2011_Wednesday_tagesschau-8751|am samstag gibt es im norden gelegentlich <unk> sonst teils <unk> teils bewölkt, teils klar.
17January_2011_Monday_tagesschau-7003|im norden weht der wind schwach bis mäßig, an der see frisch mit starken böen und stürmischen <unk>
30August_2011_Tuesday_heute-784|morgen ist es noch etwas kälter als heute in den <unk> in der osthälfte und im westen ist es schon wieder mild
12September_2009_Saturday_tagesschau-6589|am wochenende bleibt es wechselhaft.
20December_2010_Monday_tagesschau-3204|am freitag und samstag wechseln sonne und wolken einander ab.
02June_2010_Wednesday_tagesschau-7160|heute nacht liegen die temperaturen zwischen sieben und drei grad, tagsüber dann acht grad am oberrhein und im süden bis zu elf grad.
16September_2010_Thursday_tagesschau-6271|es wird allerdings nicht mehr ganz so heiß sein, es bleibt winterlich
30October_2009_Friday_tagesschau-2276|am montag ist es teilweise freundlich, es gibt nur wenige wolken, sodass es freundlich.
30January_2011_Sunday_tagesschau-6345|und nun die wettervorhersage für morgen, <unk> den zehnten januar
09February_2010_Tuesday_tagesschau-4497|und es wird dabei auch noch ein bisschen kühler
30December_2010_Thursday_tagesschau-2236|am tag minus fünf grad im bayerischen wald und bis zu plus fünf grad an der <unk>
30July_2010_Friday_tagesschau-1520|und nun die wettervorhersage für morgen, <unk> den achtzehnten april
22April_2010_Thursday_heute-2125|es wird aber die sonne kommt kaum zum <unk>
09July_2009_Thursday_tagesschau-7110|und nun die wettervorhersage für morgen, <unk> den neunten april
21January_2011_Friday_tagesschau-4890|und morgen wird es auch noch etwas regnen teilweise aber auch am tag wird es aber nicht bleiben.
18April_2011_Monday_tagesschau-1316|am samstag gibt es im süden und osten viel <unk> ansonsten ist es abgesehen von einigen wolkenfeldern freundlich.
09May_2011_Monday_tagesschau-8586|und auch morgen wird es etwas kühler sein
13August_2011_Saturday_tagesschau-1410|der wind weht schwach bis mäßig aus west bis nordwest
27July_2010_Tuesday_heute-5261|guten abend liebe zuschauer
21November_2009_Saturday_tagesschau-4911|auch am donnerstag wechselhaftes wetter mit <unk> wolken und teilweise gewittrigen <unk>
08October_2009_Thursday_tagesschau-5350|in der osthälfte ist es teilweise noch wolkig aber im süden bleibt es trocken
16December_2009_Wednesday_tagesschau-5918|am samstag gibt es viele wolken, stellenweise <unk> im nordosten auch <unk>
12September_2009_Saturday_tagesschau-6591|morgen schwacher bis mäßiger wind aus süd bis <unk> im westen sind einzelne sturmböen möglich. in der nähe von <unk>
23August_2010_Monday_heute-5319|dabei ist es ziemlich windig und wind vor allem im süden recht freundlich.
12July_2011_Tuesday_heute-1279|am freitag wird es in der südosthälfte noch freundlicher während es im süden noch teilweise sonnig und auch mal wolkig aber
06August_2010_Friday_tagesschau-2172|und nun die wettervorhersage für morgen, <unk> den sechsten juli
04December_2009_Friday_tagesschau-841|der wind weht mäßig bis frisch im <unk> teilweise stark mit stürmischen böen an der see und auf den bergen treten sturmböen auf.
30November_2010_Tuesday_tagesschau-4617|in der neuen woche erwartet uns erstmal eine ruhige mischung aus sonne und wolken
29September_2012_Saturday_tagesschau-2966|am montag ist es im norden und osten meist freundlich, während es in der osthälfte und im süden teils wolkig mit schauern und <unk>
15December_2010_Wednesday_tagesschau-40|am tag breiten sich die schauer und gewitter über
28November_2011_Monday_heute-1587|am tag minus zwei grad im vogtland und plus ein grad im <unk>
23December_2010_Thursday_tagesschau-1430|und nun die wettervorhersage für morgen, <unk> den ersten september
06July_2009_Monday_tagesschau-2109|am tag werte zwischen einem und zwanzig grad am oberrhein bis zu dreißig grad
11October_2010_Monday_tagesschau-4612|morgen liegen die temperaturen im nordosten bei null grad und am oberrhein minus zwei grad
12September_2009_Saturday_tagesschau-6590|am sonntag gibt es im norden und nordosten viele wolken, stellenweise etwas regen oder <unk>
05February_2010_Friday_tagesschau-2920|und nun die wettervorhersage für morgen, <unk> den dreiundzwanzigsten februar
14April_2010_Wednesday_heute-1892|ihnen einen schönen abend und machen sie es gut
10August_2011_Wednesday_tagesschau-6305|am sonntag ist es im norden und westen meist freundlich sonst ist es zumindest wieder etwas kühler.
05May_2011_Thursday_tagesschau-25|und nun die wettervorhersage für morgen, <unk> den achten februar
23February_2011_Wednesday_heute-3780|ihnen einen schönen abend und machen sie es gut
25June_2010_Friday_tagesschau-3884|am sonntag scheint im osten oft die sonne
12July_2009_Sunday_tagesschau-2573|am freitag ist es teilweise freundlich im norden scheint verbreitet die sonne
16December_2011_Friday_tagesschau-6532|am samstag gibt es im norden einige <unk> an manchen stellen regnet es etwas, und im süden scheint die <unk>
07April_2010_Wednesday_tagesschau-6029|im osten und süden beginnt es heute nacht verbreitet klar im norden und westen teilweise klar stellenweise bildet sich nebel
17January_2010_Sunday_tagesschau-5554|am tag ist es oft stark bewölkt, vor allem in der osthälfte und im süden scheint die <unk>
27August_2009_Thursday_tagesschau-3286|am mittwoch ist es gewöhnlich stark bewölkt und es regnet etwas
06May_2010_Thursday_heute-1054|im norden ist es heute nacht überwiegend stark bewölkt
25August_2010_Wednesday_heute-6008|und damit einen schönen guten abend
30November_2010_Tuesday_tagesschau-4621|im norden bleibt es windig
26April_2010_Monday_heute-3398|am sonntag gibt es überall viel sonnenschein und es wird auch überall sonnig sein
21November_2011_Monday_heute-5433|am montag ist es teilweise freundlich, teilweise wolkig und es bleibt trocken.
07October_2012_Sunday_tagesschau-3026|es ist windig und es wird auch stürmisch
02December_2010_Thursday_tagesschau-3637|dabei bleibt es überwiegend trocken
16May_2010_Sunday_tagesschau-5227|im norden ist es meist klar und trocken teilweise kann sich nebel bilden und nebelfelder die sich auch in der mitte
01April_2010_Thursday_heute-6698|morgen werte von sieben grad im sauerland bis zu achtzehn grad am oberrhein
12January_2010_Tuesday_heute-2546|am tag minus vier grad in oberfranken und plus zwei grad an der ostsee
29January_2010_Friday_tagesschau-6489|morgen erwartet uns unter leichtem hochdruckeinfluss meist noch ziemlich ruhiges und teilweise freundliches wetter
25January_2010_Monday_heute-1467|und so zwischen dem östlichen alpenrand bleibt es auch trocken aber noch recht kühl und auch trocken aber relativ kühl ist es eben auch noch ganz freundlich
26September_2009_Saturday_tagesschau-2335|am samstag gibt es mal <unk> mal <unk> mal <unk>
13February_2010_Saturday_tagesschau-6044|morgen im norden und osten häufig sonne sonst muss mit einigen schauern und gewittern gerechnet werden
15February_2010_Monday_tagesschau-1843|am freitag wird es dann überall wechselhaft sein
01December_2011_Thursday_heute-3061|am samstag ist es insgesamt etwas kühler, es ist mit sehr windig und im süden kühler.
18November_2009_Wednesday_tagesschau-5586|dabei gibt es mal mehr, mal weniger wolken, mal weniger <unk>
09February_2011_Wednesday_heute-7538|und das wird heute nacht der mitte deutschlands der fall sein mit regen und <unk> der dann wird es aber auch sehr kühl bleiben.
12December_2010_Sunday_tagesschau-5597|am tag ist es zunächst noch meist sonnig sonst mal wolkig mal klar hier und da schneit es nur vereinzelt.
12December_2010_Sunday_tagesschau-5605|am tag dann zwölf grad im <unk> bis zu achtzehn grad.
11May_2010_Tuesday_tagesschau-1964|im norden ist es heute nacht meist klar sonst schneit es hier und da im süden teilweise noch leicht
02November_2010_Tuesday_heute-2754|der wind weht schwach bis mäßig im norden und osten teilweise frisch bei gewittern sind sturmböen möglich sonst weht er schwach bis mäßig
11May_2010_Tuesday_tagesschau-1971|am dienstag ist es im norden und osten oft sonnig und überwiegend trocken
20October_2009_Tuesday_tagesschau-3586|und nun die wettervorhersage für morgen donnerstag den vierundzwanzigsten august
21July_2009_Tuesday_tagesschau-8062|am mittwoch treten in der nordhälfte vereinzelt schauer oder gewitter auf, die gelegentlich unwetterartig sein können.
24October_2009_Saturday_tagesschau-4283|am donnerstag wieder teilweise sehr windig
24December_2010_Friday_tagesschau-5128|dabei gibt es mal mehr, mal weniger wolken, die hier und da fallen nur vereinzelt <unk>
14April_2010_Wednesday_heute-1880|am tag null grad im äußersten westen und dreißig grad im südwesten
12November_2009_Thursday_tagesschau-6770|am samstag gibt es im norden einige wolken, die bereits etwas regen bringen.
22April_2010_Thursday_heute-2120|im norden weht der wind schwach bis mäßig, an der see frisch mit starken bis stürmischen <unk>
20February_2011_Sunday_tagesschau-3164|und nun die wettervorhersage für morgen samstag den dreiundzwanzigsten februar
25November_2010_Thursday_tagesschau-2529|im norden weht der wind schwach bis mäßig, an der see frisch mit starken böen
25May_2010_Tuesday_tagesschau-1294|heute nacht minus zwei grad im mittleren bergland und minus fünf grad am rhein
23September_2010_Thursday_heute-6476|und damit wird es im westen deutlich wärmer und es wird auch wieder wärmer
02December_2010_Thursday_tagesschau-3636|im norden und westen einige wolken aber weitgehend trocken
17May_2010_Monday_tagesschau-8473|an der nordsee gibt es bei schauern und gewittern starke böen
11December_2010_Saturday_tagesschau-8657|und nun die wettervorhersage für morgen donnerstag den dreiundzwanzigsten oktober
09May_2011_Monday_tagesschau-8585|am samstag gibt es abwechselnd sonne und wolken, dazu vereinzelt <unk>
18September_2010_Saturday_tagesschau-4197|am mittwoch ist es zuerst freundlich, danach jedoch wird es immerhin wieder etwas kühler.
19April_2010_Monday_heute-781|in richtung süden ist es wolkiger und es regnet örtlich
03October_2012_Wednesday_tagesschau-7656|am tag mal <unk> mal wolken und nur vereinzelt fallen schauer
20November_2011_Sunday_tagesschau-536|am tag gibt es viele wolken, die in manchen gebieten schnee oder <unk>
05April_2010_Monday_tagesschau-3546|und nun die wettervorhersage für morgen, <unk> den neunten april
24July_2011_Sunday_tagesschau-6621|es bleibt dabei weiterhin sehr mild
02September_2010_Thursday_heute-3456|im norden und nordosten tauchen morgen auch mal dichtere wolken auf aber es bleibt aber noch trocken örtlich kommt auch regen oder auch gewitter dabei
02November_2010_Tuesday_heute-2742|guten abend liebe zuschauer
23September_2009_Wednesday_tagesschau-7583|in der mitte fällt heute nacht gebietsweise <unk>
26April_2010_Monday_tagesschau-7273|am tag gibt es in der nordhälfte viele wolken, hier und da regen oder <unk> im nordosten und osten ist es abseits einiger nebelfelder und hochnebelfelder freundlich.
17October_2009_Saturday_tagesschau-2138|am mittwoch ziehen von westen wieder wolken und etwas schnee oder gefrierender regen
13April_2011_Wednesday_tagesschau-1683|am donnerstag gibt es abwechselnd sonne und wolken, gebietsweise fällt regen bringen.
30September_2012_Sunday_tagesschau-4037|am mittwoch ist es ebenfalls sehr windig
05July_2010_Monday_tagesschau-1200|am montag gibt es sonne und wolken, wobei im nordosten auch vereinzelte schauer auftreten.
09August_2009_Sunday_tagesschau-1180|es bleibt dabei sehr windig
05January_2010_Tuesday_tagesschau-2672|heute nacht sind es an der nordsee acht grad und im <unk> jedoch nur zwei grad
14October_2010_Thursday_tagesschau-299|an den küsten weht der wind schwach bis mäßig
03November_2010_Wednesday_tagesschau-6507|in der nacht heute neun grad in der lausitz und im breisgau
31January_2013_Thursday_tagesschau-2710|am freitag gibt es in der osthälfte noch viele wolken, und stellenweise etwas <unk> oberhalb von dreihundert bis fünfhundert metern fällt <unk>
06January_2010_Wednesday_heute-3525|und nun die wettervorhersage für morgen, <unk> den dreiundzwanzigsten oktober
09April_2010_Friday_tagesschau-7632|in der nacht heute neun bis drei grad bei klarem <unk>
22July_2010_Thursday_tagesschau-8195|das tief über dem atlantik bringt dem norden deutschlands viele wolken und etwas regen
17January_2011_Monday_tagesschau-7001|im süden bleibt es weiterhin sonnig und trocken
13May_2010_Thursday_tagesschau-7916|und nun die wettervorhersage für morgen, <unk> den 4. februar
20April_2011_Wednesday_tagesschau-3084|im süden und westen sorgt das tief über skandinavien für wechselhaftes wetter
27January_2013_Sunday_tagesschau-8836|am tag liegen die werte zwischen minus einem grad im östlichen bayern und minus vier grad in den <unk>
23September_2009_Wednesday_tagesschau-7582|und es wird auch morgen noch etwas kühler sein als heute und das wird auf jeden fall
27September_2009_Sunday_tagesschau-2170|die nacht bleibt es größtenteils trocken, jedoch nur noch zwischen zwei und drei grad, wobei es dort örtlich erneut bodenfrost kommen.
06October_2010_Wednesday_tagesschau-632|es wird auch am wochenende noch etwas kühler sein, aber es bleibt meist trocken bei mehr wolken als sonne und zeitweise im <unk>
25February_2011_Friday_tagesschau-575|am dienstag ist es sonnig und größtenteils trocken
05December_2009_Saturday_tagesschau-4701|die temperaturen liegen meist zwischen achtzehn und vierundzwanzig grad, nur am oberrhein bei fünfundzwanzig grad.
05October_2011_Wednesday_heute-1069|liebe zuschauer guten abend
08October_2009_Thursday_tagesschau-5348|heute nacht gibt es noch örtliche <unk> ansonsten viele wolken, gebietsweise fällt <unk>
25January_2010_Monday_tagesschau-8298|und jetzt die wettervorhersage für morgen, <unk> den 8. januar
03August_2010_Tuesday_tagesschau-2776|und in der mitte ziehen wolken, die in der nacht und morgen früh stellenweise starken <unk>
24October_2009_Saturday_tagesschau-4285|im norden und westen ist es windig
27October_2009_Tuesday_tagesschau-6148|ein tief zieht von der nordsee mit wolken und etwas regen bringen auf den bergen
23September_2010_Thursday_tagesschau-3444|am freitag ist es im norden und osten meist trocken
02October_2009_Friday_tagesschau-1362|am dienstag ist es meist sonnig oder nur leicht bewölkt; in den alpen können auch gewitter auftreten.
09December_2009_Wednesday_tagesschau-2562|heute nacht minus acht grad am oberrhein und bis zu plus drei grad
25October_2010_Monday_tagesschau-22|am samstag wechselhaftes wetter mit <unk> wolken im norden und nordwesten gibt es einzelne <unk>
31October_2009_Saturday_tagesschau-7147|am tag minus zwei grad bei dauernebel im süden bis plus vier grad am niederrhein
18November_2009_Wednesday_tagesschau-5584|am samstag ist es teilweise stark bewölkt
06October_2010_Wednesday_tagesschau-640|am samstag ist es in der osthälfte noch länger freundlich sonst sonnig und es wird etwas kühler
01March_2011_Tuesday_tagesschau-2211|in der nacht fallen hier und da schauer oberhalb von ungefähr vierhundert metern ist auch schnee dabei vorsicht wegen glätte
30October_2009_Friday_tagesschau-2275|der wind weht schwach bis mäßig aus nordöstlicher richtung
06July_2010_Tuesday_tagesschau-2653|im norden ist es heute nacht überwiegend klar, und an manchen stellen entsteht <unk>
16January_2010_Saturday_tagesschau-8073|im westen gibt es schon wieder kräftigen <unk> der in manchen regionen fällt weiterhin <unk> der im zentrum und im süden teils auch <unk>
07April_2010_Wednesday_heute-1632|ihnen einen schönen abend und machen sie es gut
30January_2013_Wednesday_tagesschau-477|am sonntag spürbar wärmer, aber nur an den küsten muss mit teilweise mit schauern und gewittern gerechnet werden
20July_2010_Tuesday_heute-5251|und nun die wettervorhersage für morgen donnerstag den ersten februar
10December_2011_Saturday_tagesschau-5421|am freitag wird es dann zumindest ein wenig freundlicher
14April_2010_Wednesday_heute-1879|guten abend liebe zuschauer
24January_2013_Thursday_tagesschau-6323|am donnerstag im osten und südosten noch ergiebige regenfälle
06October_2012_Saturday_tagesschau-8729|und nun die wettervorhersage für morgen, <unk> den 29. september
04April_2011_Monday_heute-965|am samstag ist es ebenfalls sehr windig
24June_2011_Friday_tagesschau-4071|am samstag ist es im süden freundlich, sonst ziehen einige wolken mit schauern und gewittern zu rechnen.
16December_2011_Friday_tagesschau-6529|im süden ist es abseits von nebelfelder mit sehr warmer luft viel sonne
04May_2010_Tuesday_heute-453|an der nordsee weht der wind schwach bis mäßig, teilweise frischer wind aus west bis <unk>
07December_2010_Tuesday_tagesschau-4152|am mittwoch ist es im norden noch etwas kühler, und was november
06December_2011_Tuesday_heute-1553|der wind weht schwach bis mäßig aus nordöstlicher richtung
10November_2009_Tuesday_tagesschau-7250|am dienstag ist es in der mitte oft dicht bewölkt oder neblig trüb
11December_2010_Saturday_tagesschau-8659|am dienstag ist es im norden und westen überwiegend freundlich.
20June_2011_Monday_heute-6514|dabei bleibt es direkt noch ein wenig kühler.
26September_2009_Saturday_tagesschau-2343|morgen liegen die temperaturen zwischen zweiundzwanzig und sechsundzwanzig grad
03October_2012_Wednesday_tagesschau-7657|im norden und westen klart es später wieder auf.
08December_2009_Tuesday_heute-4213|dabei ist es sehr windig
10December_2011_Saturday_tagesschau-5420|am freitag wird es ebenfalls noch etwas sonniger.
12January_2011_Wednesday_tagesschau-1732|in der nacht regnet es in der mitte und im süden ist es teilweise klar
11October_2010_Monday_tagesschau-4615|am tag gibt es erst am ehesten im norden im süden lücken in der wolkendecke sonst nebel
20December_2010_Monday_tagesschau-3205|am freitag gibt es viele wolken, einige schauer oder gewitter
17October_2009_Saturday_tagesschau-2139|es bleibt dabei sehr mild.
07January_2010_Thursday_tagesschau-2302|der wind weht schwach bis mäßig an der <unk> zeitweise frisch an der see und an der nordsee auch stürmische böen
05September_2010_Sunday_tagesschau-3132|es ist dort noch bis zum morgen samstag scheint überall die sonne morgen häufig
09July_2009_Thursday_tagesschau-7122|am samstag gibt es im süden und osten ebenfalls freundliche <unk> hier und da <unk>
27May_2011_Friday_tagesschau-8133|am dienstag breitet sich von westen regen aus örtlich sind gewitter möglich sonst neben sonne auch mal wolken mit schauern und gewittern
28November_2011_Monday_tagesschau-165|in der nacht regnet es im süden und osten hier und da sonst ist es meist trocken
28January_2010_Thursday_tagesschau-2817|am samstag gibt es viel <unk> nur ganz vereinzelt schauer im norden und <unk>
08June_2010_Tuesday_tagesschau-5527|heute nacht minus zwei grad im mittleren bergland und minus fünf grad am rhein
06January_2010_Wednesday_tagesschau-7726|heute nacht gibt es noch örtliche <unk> die im westen dagegen viele wolken, die an manchen stellen etwas regen bringen.
27June_2010_Sunday_tagesschau-7386|am mittwoch sind es in der westhälfte wolkig mit örtlichen schauern und <unk>
15July_2011_Friday_tagesschau-8726|morgen liegen die temperaturen zwischen drei und zehn grad am oberrhein bis zu zwanzig grad
24January_2011_Monday_tagesschau-3720|der wind weht schwach bis mäßig im norden und westen teilweise frisch mit stürmischen böen
09August_2010_Monday_tagesschau-3000|am samstag gibt es im norden einige <unk> vereinzelt ist es wolkig, jedoch meist klar.
13July_2010_Tuesday_tagesschau-4317|im osten bleibt es trocken und teilweise auch längere zeit klar, während es in der mitte stellenweise regnet.
25April_2010_Sunday_tagesschau-4942|sonst ist es meist bewölkt, örtlich gibt es auch <unk> aber es bleibt trocken, und im süden ist es auch klar.
21April_2010_Wednesday_heute-3124|auch am dienstag ist es weiterhin unbeständig.
12July_2011_Tuesday_heute-1281|es weht ein schwacher bis mäßiger wind aus nördlichen richtungen
28July_2011_Thursday_tagesschau-8521|und auch hier im allgäu sind es heute nacht meist zwei bis sechs grad am <unk>
12December_2011_Monday_tagesschau-8282|am mittwoch ist es gewöhnlich stark bewölkt und es regnet stellenweise.
06July_2011_Wednesday_tagesschau-6870|am donnerstag ist es im norden und westen meist sonnig sonst mal wolkig aber kalt
06October_2011_Thursday_heute-5532|liebe zuschauer guten abend
31January_2010_Sunday_tagesschau-1333|am montag gibt es im norden und westen nur wenig <unk> ansonsten ist es freundlich.
23November_2011_Wednesday_tagesschau-980|am samstag ziehen die wolken mal sonne mal wolken in der nordhälfte hier und da etwas regen
12September_2010_Sunday_tagesschau-3919|es bleibt dabei sehr windig
28September_2012_Friday_tagesschau-917|am mittwoch wird es teilweise freundlich
10March_2011_Thursday_heute-51|in den kommenden tagen wird es noch etwas kühler, und die hitze hier im westen wieder zurück und dann wird es etwas sonniger.
13November_2009_Friday_tagesschau-8610|heute nacht plus vier grad im <unk> sonst zwei bis minus vier grad an den <unk>
19July_2009_Sunday_tagesschau-1568|am dienstag ist es im norden und westen wechselhaft, ansonsten wird es allmählich wieder etwas kühler.
10April_2010_Saturday_tagesschau-4140|im norden weht der wind schwach bis mäßig, an der see frisch mit starken bis stürmischen <unk>
10December_2011_Saturday_tagesschau-5423|es weht ein schwacher bis mäßiger wind aus süd bis südwest
24May_2010_Monday_tagesschau-3142|in der nacht ist es meist klar an den küsten und in den bergen teilweise schwere sturmböen
13December_2009_Sunday_tagesschau-6822|im osten und süden gibt es gewitterartige <unk> während es im norden und westen freundliche <unk> aber auch <unk>
14October_2010_Thursday_tagesschau-298|am samstag fällt der regen hauptsächlich in der osthälfte und im süden ist es teilweise windig
08October_2009_Thursday_tagesschau-5351|am sonntag gibt es im norden und osten zeitweise regen sonst ist es verbreitet klar
01March_2011_Tuesday_tagesschau-2210|im norden und nordwesten gibt es morgen nur vereinzelt <unk>
15September_2010_Wednesday_tagesschau-5210|am sonntag gibt es viele wolken, die im norden regen und <unk> im süden zunächst noch <unk>
07January_2010_Thursday_tagesschau-2301|heute nacht minus zwei grad am oberrhein und minus fünfzehn grad an der ostsee wo es aufklart
03October_2012_Wednesday_tagesschau-7655|im süden bleibt es weiterhin trocken.
10January_2011_Monday_heute-1375|es kann sehr glatt werden und auch der himmel nur auf den bergen sein, was muss vor allem im bergland mit schneeverwehungen gerechnet werden.
24January_2011_Monday_heute-6984|und es wird auch noch etwas kühler sein als heute meist über dem norden
12February_2010_Friday_tagesschau-126|am donnerstag gibt es viele wolken, stellenweise etwas <unk> vor allem im norden stellenweise <unk>
21June_2011_Tuesday_tagesschau-1264|im osten und süden gibt es heute nacht örtlich leichten bodenfrost in der kölner bucht
23August_2010_Monday_tagesschau-4438|im süden bleibt es unter hochdruckeinfluss deutlich freundlicher,
25June_2010_Friday_tagesschau-3887|und die temperaturen morgen werden am oberrhein zwischen drei und fünf grad
21November_2009_Saturday_tagesschau-4905|es ist dort im süden noch recht mild im norden und an den küsten dagegen halten sich das wetter
14July_2010_Wednesday_tagesschau-1865|heute nacht bleibt es meist trocken
20September_2010_Monday_heute-2934|und nun die wettervorhersage für morgen, <unk> den vierten juli
29July_2010_Thursday_tagesschau-7411|in der nacht regnet es in der nordhälfte gebietsweise im norden ist es teilweise klar
20June_2011_Monday_heute-6521|im süden ist es meist klar und nur leicht bewölkt
01February_2011_Tuesday_tagesschau-4975|in der südhälfte fällt teilweise weiterhin <unk>
12May_2010_Wednesday_tagesschau-318|in der mitte und im süden beginnt es heute nacht meist stark bewölkt hier und da regnet es noch etwas
06December_2011_Tuesday_heute-1554|ich wünsche ihnen noch einen schönen abend und machen sie es gut
30March_2011_Wednesday_tagesschau-7130|im osten bleibt es noch trocken und teilweise klar oder nur locker bewölkt, und dort scheint die sonne auch für längere zeit
30November_2009_Monday_tagesschau-5755|am tag dann zehn grad im vogtland und bis zu siebzehn grad am niederrhein
18November_2009_Wednesday_tagesschau-5585|in küstennähe fällt heute nacht noch etwas schnee
09August_2009_Sunday_tagesschau-1181|am samstag gibt es im süden und westen stellenweise <unk>
02December_2011_Friday_tagesschau-8009|heute nacht ist es meist klar nur leicht bewölkt oder neblig trüb
24January_2013_Thursday_heute-7254|und nun die wettervorhersage für morgen dienstag den vierten november
20July_2010_Tuesday_tagesschau-7877|am tag ist es in der osthälfte noch länger freundlich, während es im norden noch wechselhaft bleibt.
06October_2012_Saturday_tagesschau-8744|am mittwoch mal <unk> mal wolken und nur vereinzelt fallen <unk>
06April_2010_Tuesday_tagesschau-308|der wind weht schwach bis mäßig und an der see frisch
13August_2009_Thursday_tagesschau-8487|der wind weht schwach bis mäßig im westen und nordwesten auch frischer bis starker wind
29January_2010_Friday_tagesschau-6490|in der nacht fallen hier und da schauer im süden auch mal kurze gewitter der im nordosten ist es klar örtlich bildet sich nebel
23August_2010_Monday_tagesschau-4430|es ist dabei ziemlich mild
23July_2011_Saturday_tagesschau-5498|am mittwoch unbeständiges wetter mit schnee und einzelnen <unk>
12March_2011_Saturday_tagesschau-2455|am samstag ist es nach wie vor sehr windig
13July_2009_Monday_tagesschau-7513|im norden gibt es heute nacht vereinzelt <unk> in der osthälfte und im süden zeigen sich auch die sterne teilweise kräftig ausfallen können.
23August_2010_Monday_heute-5320|am tag ist es zunächst freundlich, später ziehen dichtere wolken auf und es regnet örtlich etwas.
23November_2011_Wednesday_tagesschau-973|und nun die wettervorhersage für morgen donnerstag den dreiundzwanzigsten juli
06January_2010_Wednesday_heute-3523|heute nacht ist es teils locker bewölkt teils klar
08February_2010_Monday_tagesschau-2796|und nun die wettervorhersage für morgen, <unk> den 29. november
23May_2011_Monday_heute-6466|im norden fällt noch <unk>
28May_2010_Friday_tagesschau-7496|das tief über italien sorgt dafür, dass es in der nacht noch schneit oder regnet.
26March_2011_Saturday_tagesschau-5730|im süden bleibt es weiterhin freundlich.
23January_2011_Sunday_tagesschau-7834|am dienstag gibt es mal <unk> mal wolken, mal <unk> mal <unk>
17May_2010_Monday_tagesschau-8477|am mittwoch ist es nach einer teilweise sehr kalten nacht in der nacht noch länger freundlich; im norden setzt teilweise stürmisch
04February_2010_Thursday_heute-7966|es wird auch sehr windig sein mit schweren sturmböen im norden und <unk> teilweise auch orkanartigen böen auf den bergen im <unk>
02December_2010_Thursday_heute-8444|guten abend liebe zuschauer
15September_2010_Wednesday_heute-2476|und es wird auch tagsüber für uns alle wärmer
31May_2011_Tuesday_tagesschau-4294|es ist dabei ziemlich mild
15September_2010_Wednesday_tagesschau-5209|am samstag gibt es <unk> wolken und im nordosten stellenweise <unk> ansonsten regnet es hier und da
20October_2009_Tuesday_tagesschau-3595|der wind weht schwach bis mäßig an der <unk> teilweise frisch.
09August_2010_Monday_heute-5906|ich wünsche ihnen einen schönen abend und machen sie es gut
25November_2010_Thursday_tagesschau-2530|am samstag gibt es im norden einige <unk> jedoch sehr windig.
02September_2010_Thursday_heute-3457|im norden bleibt es morgen meist freundlich.
11January_2011_Tuesday_heute-8176|am nachmittag ziehen dichte wolken aus westen auf, die sich am mittwoch ostwärts ausbreiten werden.
10August_2010_Tuesday_tagesschau-3865|im süden ist es meist klar und trocken in der mitte gibt es abwechselnd sonne und wolken
26October_2010_Tuesday_tagesschau-5789|am mittwoch gibt es in der nordosthälfte viel <unk> in der mitte und im süden regnet es mitunter ergiebig
04January_2010_Monday_heute-7399|es wird etwas kühler sein als heute, meist im süden liegen die temperaturen zwischen zehn und siebzehn grad.
23August_2010_Monday_tagesschau-4429|der wind weht schwach bis mäßig an der see frisch mit starken böen in den hochlagen auch stark
08December_2009_Tuesday_heute-4212|es bleibt noch etwas kühler im nordosten
01March_2011_Tuesday_tagesschau-2209|morgen wird es dort auch sonnig sein
20March_2010_Saturday_heute-7288|am dienstag ist es im norden und westen wechselhaft, wobei es langsam wieder milder.
31May_2011_Tuesday_tagesschau-4295|am samstag ist es überall wechselhaft, aber wieder etwas kühler, und was das wetter schon wieder kälter.
19February_2010_Friday_tagesschau-4101|es ist dabei sehr windig und es wird auch ziemlich windig
01February_2011_Tuesday_heute-4637|im süden weht der wind schwach sonst schwach bis mäßig, an den küsten frisch aus verschiedenen <unk>
04July_2011_Monday_heute-6441|es ist also heute nacht bereits im <unk> und auch am tag im <unk>
01December_2011_Thursday_heute-3058|am tag ist es in der nordhälfte bewölkt, sonst scheint die sonne verbreitet.
29April_2010_Thursday_heute-8622|und auch am tag geht es ziemlich wechselhaft aber auch mit <unk>
30May_2011_Monday_heute-3677|und das ganze dann bei uns alle insgesamt wird es dann in den nächsten tagen nicht viel regen kommen.
18November_2009_Wednesday_tagesschau-5587|im norden weht der wind schwach bis mäßig, an den küsten hingegen stark mit stürmischen <unk>
08April_2010_Thursday_tagesschau-3949|und das kommt dann aber schon das nächste tief aus westen wird es dann aus westlicher richtung wird es aus westlicher richtung wird ein bisschen kühler
08April_2010_Thursday_heute-4004|die schneefallgrenze sinkt auf ungefähr achthundert bis sechshundert meter
22January_2010_Friday_tagesschau-907|im norden ist es meist wolkenverhangen mit leichtem frost oder nur knapp über dem gefrierpunkt
08October_2009_Thursday_tagesschau-5349|und es wird auch dementsprechend kühl bleiben.
03February_2011_Thursday_tagesschau-938|am tag ist es zunächst noch freundlich, später treten in der westhälfte einige schauer und gewitter auf.
01July_2011_Friday_tagesschau-2766|morgen liegen die temperaturen zwischen drei und sieben grad am oberrhein bei auflandigem wind
17October_2009_Saturday_tagesschau-2133|der wind weht schwach bis mäßig an der see auch frisch
06October_2012_Saturday_tagesschau-8730|am tag startet es zunächst mit <unk> später treten im westen und südwesten einzelne gewitter auf.
10December_2009_Thursday_tagesschau-7482|und nun die wettervorhersage für morgen donnerstag den dreiundzwanzigsten dezember
21August_2011_Sunday_tagesschau-265|im norden gibt es einige <unk> an den küsten ist es sehr freundlich.
07February_2011_Monday_tagesschau-1612|in der nacht fallen in der mitte und im norden ist es überwiegend klar.
26October_2010_Tuesday_tagesschau-5796|an der nordsee weht der wind schwach bis mäßig, auch frisch.
22January_2011_Saturday_tagesschau-2080|der wind weht schwach bis mäßig aus nordöstlicher richtung
30January_2013_Wednesday_tagesschau-475|am freitag ziehen von westen wieder mit schauern und gewittern starke böen auf.
02November_2010_Tuesday_tagesschau-2039|am samstag ist es im norden recht freundlich und trocken
09June_2010_Wednesday_heute-8266|am dienstag ist es ebenfalls recht freundlich in der osthälfte wolkig und trocken aber im westen wird es schon wieder etwas milder
01June_2010_Tuesday_tagesschau-5002|und nun die wettervorhersage für morgen samstag den vierten juni
15October_2009_Thursday_tagesschau-7719|am tag minus fünf grad im vogtland und plus zwei grad an der ostsee
20October_2010_Wednesday_heute-8493|heute nacht minus vier grad am oberrhein und minus fünf grad
25August_2010_Wednesday_heute-6009|im norden ist es weiterhin sehr windig
22November_2009_Sunday_tagesschau-5490|am donnerstag ist es im westen freundlich, später zieht regen auf.
04July_2010_Sunday_tagesschau-7198|und nun die wettervorhersage für morgen montag den vierten juli
29September_2011_Thursday_heute-4235|ihnen einen schönen abend und machen sie es gut
29September_2012_Saturday_tagesschau-2967|am dienstag wird es dann von westen her zeitweise stark regnen.
29April_2010_Thursday_heute-8625|aber in der nacht wird es auch noch etwas kühler sein als heute und vor allen dingen in der mitte und auch im süden
25August_2009_Tuesday_tagesschau-7093|am mittwoch ist es in der westhälfte wolkig mit örtlichen schauern auch im norden
29March_2010_Monday_tagesschau-8384|und nun die wettervorhersage für morgen dienstag den fünfzehnten juli
24December_2010_Friday_tagesschau-5129|der wind weht schwach bis mäßig im norden frisch und teilweise stark böig aus süd bis südwest
12January_2010_Tuesday_heute-2545|dabei strömt weiterhin kalte luft zu uns in der mitte und im süden teilweise in den folgenden tagen wieder
03July_2009_Friday_tagesschau-2003|am tag gibt es abwechselnd sonne und wolken, wobei es im nordwesten stellenweise stark regnet.
29June_2011_Wednesday_tagesschau-4482|am tag scheint in der nordhälfte und an den küsten ist es sehr windig
28November_2011_Monday_tagesschau-172|heute nacht gibt es im norden und nordwesten stellenweise starken <unk> die jedoch bodenfrost kommen
03July_2011_Sunday_tagesschau-1674|und morgen wird es auch noch ein bisschen wärmer
28September_2009_Monday_tagesschau-4679|und nun die wettervorhersage für morgen, <unk> den siebten juli
01October_2009_Thursday_tagesschau-417|morgen schwacher bis mäßiger wind aus unterschiedlichen richtungen
24January_2013_Thursday_heute-7265|und hier ist die wettervorhersage für morgen, <unk> den dreiundzwanzigsten <unk>
20October_2010_Wednesday_heute-8494|morgen im norden bis zu achtundzwanzig grad, an der <unk>
14August_2009_Friday_tagesschau-72|morgen liegen die temperaturen im sauerland bei achtzehn grad, an der isar bis zu vierundzwanzig grad.
04July_2011_Monday_heute-6440|und nun die wettervorhersage für morgen, <unk> den sechsundzwanzigsten märz
25April_2010_Sunday_tagesschau-4951|am mittwoch ist es zunächst freundlich
29June_2010_Tuesday_tagesschau-7704|der wind weht schwach bis mäßig im norden frisch an der see stark
21July_2009_Tuesday_tagesschau-8061|und nun die wettervorhersage für morgen, <unk> den ersten februar
24September_2009_Thursday_heute-6077|am mittwoch ziehen schauer und gewitter über uns hinweg, die vor allem in der östlichen <unk> unwetterpotenzial besitzen.
20May_2010_Thursday_tagesschau-3151|und nun die wettervorhersage für morgen, <unk> den dreiundzwanzigsten april
16July_2011_Saturday_tagesschau-7524|in der nacht breiten sich von westen schauer und gewitter aus die vor allem richtung osten und süden klart es auch dort örtlich auf
11August_2010_Wednesday_tagesschau-2|in der nähe der alpen treten einzelne schauer oder gewitter auf.
17January_2010_Sunday_tagesschau-5555|im südwesten gibt es jedoch auch einige <unk>
31August_2010_Tuesday_tagesschau-5174|der wind weht schwach bis mäßig aus nordöstlicher richtung
24April_2010_Saturday_tagesschau-3963|am wochenende erwartet uns dann kühles und wechselhaftes wetter
23May_2011_Monday_heute-6461|heute nacht ist es noch nicht trocken aber es gibt nur wenige schauer und gewitter
26August_2010_Thursday_tagesschau-4265|und nun die wettervorhersage für morgen mittwoch den siebten juli
25August_2009_Tuesday_tagesschau-7094|die aussichten am mittwoch sind im norden und westen teilweise kräftige schauer und gewitter unterwegs, die im höheren bergland ebenfalls schnee bringen.
