23August_2010_Monday_heute-5321|am tag minus fünf grad im <unk> plus vier grad im <unk>
22November_2010_Monday_heute-279|am tag regnet es im süden und osten gebietsweise kräftig im süden und süden ist es auch freundlich.
26September_2009_Saturday_tagesschau-2333|am tag minus fünf grad im norden und minus fünf grad im <unk>
17April_2010_Saturday_tagesschau-396|am tag minus fünf grad im norden und minus ein grad im <unk>
30November_2010_Tuesday_tagesschau-4620|am tag regnet es im norden und osten gebietsweise kräftig im süden und süden ist es auch freundlich.
22November_2011_Tuesday_tagesschau-3647|am tag regnet es im norden und osten gebietsweise kräftig im norden und süden ist es auch freundlich.
05February_2010_Friday_tagesschau-2919|am tag minus fünf grad im norden und minus fünf grad im <unk>
12February_2010_Friday_tagesschau-125|am tag minus fünf grad im <unk> plus vier grad im <unk>
03July_2011_Sunday_tagesschau-1673|am tag minus fünf grad im <unk> plus
21April_2010_Wednesday_heute-3122|am tag minus fünf grad im norden und minus fünf grad im <unk>
23April_2010_Friday_tagesschau-3667|am tag minus ein grad im norden und plus vier grad im <unk>
22June_2011_Wednesday_heute-4381|am tag ist es im norden und westen teilweise freundlich im süden und westen gibt es auch <unk>
30September_2012_Sunday_tagesschau-4033|am tag minus fünf grad im norden und minus fünf grad im <unk>
09May_2011_Monday_tagesschau-8583|am tag minus fünf grad im <unk> plus vier grad im <unk>
04February_2010_Thursday_heute-7970|am tag ist es im norden und osten teilweise freundlich, sonst ist es meist freundlich und trocken
24October_2009_Saturday_tagesschau-4284|am tag regnet es im norden und osten zeitweise im süden teilweise kräftige schauer
13August_2011_Saturday_tagesschau-1409|am tag regnet es im norden und osten gebietsweise kräftig im norden und süden ist es auch freundlich.
03October_2012_Wednesday_tagesschau-7651|und nun die wettervorhersage für morgen, <unk> den dreißigsten september
07June_2010_Monday_heute-2322|am tag ist es im norden und westen teilweise freundlich sonst ist es meist trocken und teilweise freundlich
10August_2009_Monday_heute-6892|am tag regnet es im norden und osten zeitweise im süden teilweise länger anhaltend
16September_2010_Thursday_tagesschau-6272|am freitag gibt es im norden und westen teilweise kräftige schauer und gewitter
06February_2011_Sunday_tagesschau-6917|am tag minus ein grad im norden und plus vier grad im <unk>
02November_2010_Tuesday_tagesschau-2031|am tag regnet es im norden und osten gebietsweise kräftig im süden und süden ist es auch freundlich.
25November_2010_Thursday_tagesschau-2536|am tag regnet es im norden und osten gebietsweise kräftig im süden und süden ist es teilweise freundlich
26January_2010_Tuesday_tagesschau-2787|am tag minus ein grad im norden und plus vier grad im <unk>
26November_2011_Saturday_tagesschau-5848|am tag regnet es im norden und osten gebietsweise kräftig im norden und süden ist es teilweise freundlich
17February_2011_Thursday_tagesschau-6307|am tag regnet es im norden und osten gebietsweise kräftig im norden und süden ist es teilweise freundlich.
29September_2009_Tuesday_tagesschau-8538|am tag regnet es im norden und osten gebietsweise kräftig im norden und süden ist es teilweise freundlich
01July_2011_Friday_tagesschau-2763|am tag regnet es im norden und osten gebietsweise kräftig im süden und süden ist es teilweise freundlich
22April_2010_Thursday_heute-2124|am tag ist es im süden noch sehr windig
24November_2011_Thursday_heute-222|am tag minus ein grad im norden und plus vier grad im <unk>
22August_2010_Sunday_tagesschau-1345|am tag ist es im norden und osten teilweise freundlich, sonst ist es meist freundlich und trocken
24January_2011_Monday_heute-6983|am tag minus fünf grad im <unk> plus vier grad im <unk>
03July_2009_Friday_tagesschau-2008|am tag regnet es im norden und osten gebietsweise kräftig im süden und süden ist es teilweise freundlich
21August_2011_Sunday_tagesschau-264|am tag ist es im norden und westen teilweise freundlich
27August_2009_Thursday_tagesschau-3276|am freitag gibt es im norden und osten noch einzelne schauer
22January_2011_Saturday_tagesschau-2082|am tag regnet es im norden und osten gebietsweise kräftig im süden und süden ist es auch freundlich.
26May_2010_Wednesday_heute-7867|am tag regnet es im norden und osten gebietsweise kräftig im norden und süden ist es teilweise freundlich
26August_2009_Wednesday_tagesschau-3225|am tag regnet es im norden und osten gebietsweise kräftig im norden und süden ist es teilweise freundlich
25January_2013_Friday_tagesschau-7813|am tag regnet es im norden und osten gebietsweise kräftig im norden und süden ist es auch freundlich.
24January_2013_Thursday_tagesschau-6327|am tag ist es im norden und osten teilweise freundlich, sonst ist es meist freundlich und trocken
24June_2011_Friday_tagesschau-4073|am tag minus fünf grad im norden und minus fünf grad im <unk>
04October_2010_Monday_heute-5954|am tag minus fünf grad im <unk> plus vier grad im <unk>
19May_2010_Wednesday_heute-1119|am tag regnet es im norden und osten gebietsweise kräftig im norden und süden ist es auch freundlich.
01October_2010_Friday_tagesschau-2691|und nun die wettervorhersage für morgen, <unk> den neunzehnten februar
20September_2010_Monday_heute-2935|am tag regnet es im süden und osten stellenweise kräftig
10August_2011_Wednesday_tagesschau-6303|am freitag gibt es im norden und westen teilweise kräftige schauer
07December_2011_Wednesday_tagesschau-5399|am freitag gibt es im norden und westen teilweise kräftige schauer und gewitter
24January_2011_Monday_tagesschau-3712|am freitag gibt es im norden und westen teilweise kräftige schauer
24July_2011_Sunday_tagesschau-6622|am tag regnet es im süden und osten teilweise kräftig
30March_2011_Wednesday_tagesschau-7127|am freitag gibt es im norden und osten viele wolken die sonne zeigt sich im süden und osten einzelne schauer
11August_2010_Wednesday_tagesschau-3|am tag regnet es im norden und osten gebietsweise kräftig im süden und süden ist es auch freundlich.
16February_2010_Tuesday_tagesschau-6098|am tag regnet es im norden und osten gebietsweise kräftig im norden und süden ist es teilweise freundlich
08January_2010_Friday_tagesschau-3984|am tag regnet es im norden und osten gebietsweise kräftig im norden und süden ist es auch freundlich.
30November_2011_Wednesday_tagesschau-6289|am tag minus fünf grad im <unk> plus vier grad im <unk>
08December_2009_Tuesday_heute-4211|am tag ist es im norden und osten teilweise freundlich
12July_2009_Sunday_tagesschau-2574|am tag regnet es im norden und osten zeitweise im norden und süden ist es teilweise freundlich.
23April_2010_Friday_tagesschau-3668|am tag minus fünf grad im <unk> plus vier grad im <unk>
20June_2011_Monday_tagesschau-1253|am tag minus ein grad im norden und plus vier grad im <unk>
21October_2009_Wednesday_tagesschau-735|am tag regnet es im süden und osten gebietsweise kräftig im süden und süden ist es teilweise freundlich
09March_2011_Wednesday_heute-1742|am tag ist es im norden und westen teilweise freundlich sonst ist es meist freundlich und trocken
13May_2010_Thursday_tagesschau-7926|am tag ist es im norden und westen teilweise freundlich
25September_2010_Saturday_tagesschau-3480|am tag minus fünf grad im <unk> plus vier grad im <unk>
10January_2011_Monday_tagesschau-6404|am tag regnet es im norden und osten gebietsweise kräftig
25August_2009_Tuesday_tagesschau-7091|am tag regnet es im norden und osten zeitweise im süden teilweise kräftige schauer
29November_2011_Tuesday_tagesschau-5612|am tag regnet es im norden und osten gebietsweise im norden auch regen
27August_2009_Thursday_tagesschau-3285|am tag ist es im norden und osten noch freundlich
23November_2011_Wednesday_tagesschau-984|am tag regnet es im norden und osten gebietsweise kräftig im norden und süden ist es teilweise freundlich
26April_2010_Monday_tagesschau-7271|am tag minus fünf grad im <unk> plus
11October_2010_Monday_tagesschau-4607|am tag minus fünf grad im <unk> minus fünf grad im <unk>
17October_2009_Saturday_tagesschau-2127|am tag regnet es im norden und osten gebietsweise kräftig im süden und süden ist es auch freundlich.
10January_2011_Monday_tagesschau-6409|am freitag gibt es im norden und osten noch einzelne schauer
26September_2009_Saturday_tagesschau-2342|am tag minus fünf grad im <unk> plus vier grad im <unk>
06July_2010_Tuesday_tagesschau-2654|am tag regnet es im norden und osten zeitweise im süden teilweise kräftige schauer
29October_2009_Thursday_tagesschau-1011|am freitag gibt es im norden und westen noch einige schauer
27May_2011_Friday_tagesschau-8122|am tag minus fünf grad im <unk> plus vier grad im <unk>
19August_2010_Thursday_tagesschau-995|am freitag gibt es im norden und westen teilweise kräftige schauer und gewitter
25January_2010_Monday_tagesschau-8305|am tag regnet es im norden und osten teilweise kräftig
20October_2009_Tuesday_tagesschau-3594|am tag minus ein grad im norden und plus vier grad im <unk>
06May_2011_Friday_tagesschau-6438|am tag minus fünf grad im <unk> plus vier grad im <unk>
20February_2011_Sunday_tagesschau-3166|am freitag gibt es im norden und westen teilweise kräftige schauer
02December_2011_Friday_tagesschau-8010|am tag regnet es im norden und osten zeitweise im süden teilweise länger anhaltend
30March_2010_Tuesday_tagesschau-5694|und nun die wettervorhersage für morgen, <unk> den elften august
28September_2012_Friday_tagesschau-922|am tag regnet es im norden und osten gebietsweise kräftig im norden und süden ist es teilweise freundlich
30November_2010_Tuesday_tagesschau-4618|am tag regnet es im norden und osten gebietsweise kräftig im süden und süden ist es auch freundlich.
25January_2013_Friday_tagesschau-7815|am tag minus fünf grad im norden und minus fünf grad im <unk>
29November_2011_Tuesday_tagesschau-5619|am tag minus fünf grad im norden und minus fünf grad im <unk>
30July_2011_Saturday_tagesschau-8591|am tag ist es im norden und osten teilweise freundlich, sonst ist es meist freundlich und trocken
26January_2010_Tuesday_heute-107|am freitag ist es im norden und westen noch freundlich
30August_2011_Tuesday_heute-783|am tag ist es im norden und westen noch freundlich
26July_2010_Monday_tagesschau-6256|am tag minus ein grad im norden und plus vier grad im <unk>
29June_2010_Tuesday_tagesschau-7705|am tag minus fünf grad im <unk> plus
30November_2009_Monday_tagesschau-5749|am tag minus fünf grad im norden und minus fünf grad im <unk>
21November_2011_Monday_heute-5434|am tag minus fünf grad im <unk> minus fünf grad im <unk>
29May_2011_Sunday_tagesschau-764|am tag ist es im norden und westen teilweise freundlich
12November_2009_Thursday_tagesschau-6772|am freitag gibt es im norden und westen teilweise kräftige schauer und gewitter
10August_2010_Tuesday_heute-1455|am freitag gibt es im norden und osten viele wolken die <unk> im süden ist es meist freundlich
06January_2010_Wednesday_heute-3530|am tag minus ein grad im norden und plus vier grad im <unk>
20November_2010_Saturday_tagesschau-1823|am tag regnet es im süden und osten gebietsweise kräftig
18October_2010_Monday_heute-629|am tag regnet es im norden und osten teilweise kräftig
01November_2010_Monday_tagesschau-140|am freitag gibt es im norden und westen teilweise kräftige schauer und gewitter
20October_2010_Wednesday_heute-8501|am tag minus fünf grad im norden und minus fünf grad im <unk>
02October_2012_Tuesday_heute-3494|am tag regnet es im norden und osten gebietsweise kräftig im norden und süden ist es teilweise freundlich.
22July_2010_Thursday_tagesschau-8194|und nun die wettervorhersage für morgen, <unk> den 24. juli
01December_2011_Thursday_heute-3060|am tag ist es im norden und westen teilweise freundlich im süden und westen gibt es auch <unk>
28February_2011_Monday_tagesschau-4984|am tag minus fünf grad im norden und minus fünf grad im <unk>
21November_2009_Saturday_tagesschau-4906|am tag minus fünf grad im <unk> minus fünf grad im <unk>
11December_2009_Friday_tagesschau-3509|am tag minus fünf grad im <unk> plus
23May_2011_Monday_tagesschau-1097|am tag regnet es im norden und osten zeitweise im süden und süden ist es sehr windig.
19March_2011_Saturday_tagesschau-4690|am tag regnet es im süden und osten gebietsweise kräftig im süden und süden ist es teilweise freundlich
19March_2011_Saturday_tagesschau-4697|am tag regnet es im norden und osten gebietsweise kräftig
20September_2010_Monday_tagesschau-7029|am tag regnet es im süden und osten teilweise kräftig
02October_2009_Friday_tagesschau-1354|am tag regnet es im norden und osten gebietsweise kräftig im süden und süden ist es auch freundlich.
30September_2012_Sunday_tagesschau-4038|am tag regnet es im norden und osten teilweise kräftig im norden und süden ist es teilweise freundlich
27August_2009_Thursday_tagesschau-3284|am freitag ist es im norden und osten teilweise freundlich
05February_2011_Saturday_tagesschau-7855|am tag minus fünf grad im <unk> plus vier grad im <unk>
12December_2011_Monday_heute-5806|am tag regnet es im norden und osten zeitweise im süden teilweise länger anhaltend
11August_2010_Wednesday_tagesschau-8|am tag regnet es im norden und osten gebietsweise kräftig im norden und süden ist es teilweise freundlich.
23September_2009_Wednesday_tagesschau-7593|am tag regnet es im süden und osten teilweise kräftig
03February_2011_Thursday_tagesschau-939|am tag minus fünf grad im <unk> plus vier grad im <unk>
02October_2009_Friday_tagesschau-1355|am tag ist es im süden noch sehr windig
12July_2011_Tuesday_heute-1280|am freitag ist es im norden und westen teilweise freundlich
24January_2011_Monday_heute-6980|am tag ist es im norden und westen teilweise freundlich sonst ist es meist freundlich und trocken
04May_2011_Wednesday_heute-3996|am tag ist es im norden und westen teilweise freundlich im süden und süden gibt es auch <unk>
06December_2011_Tuesday_tagesschau-6842|am tag ist es im norden und westen teilweise freundlich sonst ist es meist freundlich und trocken
12November_2009_Thursday_tagesschau-6771|am tag regnet es im norden und osten gebietsweise kräftig im süden und süden ist es auch freundlich.
12July_2010_Monday_heute-244|am tag regnet es im norden und osten gebietsweise kräftig im süden und süden ist es auch freundlich.
28December_2011_Wednesday_tagesschau-1911|am tag minus fünf grad im <unk> plus vier grad im <unk>
03September_2010_Friday_tagesschau-8432|am tag minus fünf grad im norden und minus fünf grad im <unk>
10August_2009_Monday_heute-6891|am tag regnet es im norden und osten gebietsweise kräftig im süden und süden ist es auch freundlich.
27September_2009_Sunday_tagesschau-2169|am tag regnet es im norden und osten gebietsweise kräftig im süden und süden ist es teilweise freundlich
09February_2010_Tuesday_tagesschau-4495|am tag regnet es im norden und osten stellenweise etwas
09August_2009_Sunday_tagesschau-1182|am tag regnet es im norden und osten teilweise kräftig
28September_2012_Friday_tagesschau-916|am freitag gibt es im norden und osten viele wolken die <unk>
19January_2011_Wednesday_heute-2680|am tag minus fünf grad im norden und minus fünf grad im <unk>
02December_2010_Thursday_heute-8445|am tag regnet es im norden und osten gebietsweise kräftig im süden und süden ist es teilweise freundlich
19January_2011_Wednesday_tagesschau-7068|am tag minus fünf grad im <unk> minus fünf grad im <unk>
15February_2011_Tuesday_tagesschau-7468|und nun die wettervorhersage für morgen, <unk> den neunzehnten februar
18November_2009_Wednesday_tagesschau-5583|am tag minus ein grad im norden und plus vier grad im <unk>
28November_2011_Monday_tagesschau-168|am tag regnet es im norden und osten gebietsweise kräftig
10March_2011_Thursday_tagesschau-5086|am tag regnet es im norden und osten gebietsweise kräftig im norden und süden ist es auch freundlich.
05September_2009_Saturday_tagesschau-4078|am tag minus fünf grad im <unk> plus vier grad im <unk>
01April_2010_Thursday_heute-6697|am tag regnet es im norden und osten teilweise kräftig
04January_2010_Monday_heute-7401|am tag regnet es im norden und osten teilweise kräftig
29November_2009_Sunday_tagesschau-7043|am tag regnet es im norden und osten gebietsweise kräftig im norden und süden ist es teilweise freundlich mit sonne und wolken
03September_2010_Friday_tagesschau-8424|am freitag gibt es im norden und osten noch einzelne schauer
29March_2011_Tuesday_tagesschau-8117|am tag minus fünf grad im <unk> plus vier grad im <unk>
12December_2011_Monday_tagesschau-8281|am tag minus fünf grad im <unk> plus vier grad im <unk>
09December_2009_Wednesday_tagesschau-2561|am tag minus fünf grad im <unk> plus vier grad im <unk>
23May_2011_Monday_heute-6459|am tag regnet es im norden und osten gebietsweise kräftig im süden und süden ist es auch freundlich.
29November_2011_Tuesday_heute-8095|am freitag ist es im norden und osten noch freundlich
11April_2010_Sunday_tagesschau-8639|am tag regnet es im norden und osten gebietsweise kräftig im norden und süden ist es teilweise freundlich
07April_2010_Wednesday_heute-1631|am tag minus fünf grad im norden und minus fünf grad im <unk>
20July_2010_Tuesday_tagesschau-7883|am tag regnet es im norden und osten gebietsweise kräftig im norden und süden ist es teilweise freundlich
01February_2011_Tuesday_tagesschau-4976|am tag regnet es im norden und osten gebietsweise kräftig im norden und süden ist es teilweise freundlich
04July_2009_Saturday_tagesschau-3345|am tag regnet es im norden und osten gebietsweise kräftig im süden und süden ist es teilweise freundlich
20March_2010_Saturday_heute-7296|am tag regnet es im süden und osten gebietsweise kräftig im süden und süden ist es auch freundlich.
09August_2010_Monday_tagesschau-3004|am tag regnet es im norden und osten gebietsweise kräftig im norden und süden ist es teilweise freundlich
10December_2011_Saturday_tagesschau-5422|am tag regnet es im süden und osten stellenweise kräftig
04April_2011_Monday_heute-966|am freitag ist es im süden teilweise freundlich
01May_2010_Saturday_tagesschau-7197|am tag regnet es im norden und osten gebietsweise kräftig im norden und süden ist es teilweise freundlich.
09August_2009_Sunday_tagesschau-1179|am tag regnet es im norden und osten gebietsweise kräftig im süden und süden ist es auch freundlich.
31May_2011_Tuesday_heute-1899|am tag regnet es im norden und osten gebietsweise kräftig im süden und süden ist es teilweise freundlich
11February_2011_Friday_tagesschau-7755|am tag minus fünf grad im <unk> plus vier grad im <unk>
29April_2010_Thursday_heute-8623|am tag minus fünf grad im <unk> plus vier grad im <unk>
03September_2010_Friday_tagesschau-8423|am tag ist es im süden noch sehr windig
18November_2011_Friday_tagesschau-2143|am tag regnet es im norden und osten gebietsweise kräftig im norden und süden ist es teilweise freundlich.
19October_2009_Monday_tagesschau-229|am tag ist es im norden und westen teilweise freundlich
30November_2011_Wednesday_tagesschau-6292|am tag regnet es im norden und osten gebietsweise kräftig im norden und süden ist es teilweise freundlich
16September_2010_Thursday_tagesschau-6276|am tag ist es im norden und osten teilweise freundlich, sonst ist es meist freundlich und trocken
04August_2011_Thursday_tagesschau-718|am freitag gibt es im norden und osten noch einzelne schauer
20December_2010_Monday_tagesschau-3199|am tag regnet es im norden und osten gebietsweise kräftig im süden und süden ist es auch freundlich.
13February_2010_Saturday_tagesschau-6036|am tag minus fünf grad im <unk> plus vier grad im <unk>
12July_2011_Tuesday_heute-1274|am tag regnet es im norden und osten gebietsweise kräftig im norden und süden ist es auch freundlich.
30November_2011_Wednesday_tagesschau-6291|am tag minus fünf grad im <unk> plus
26March_2011_Saturday_tagesschau-5731|am tag regnet es im norden und osten gebietsweise kräftig
11May_2010_Tuesday_tagesschau-1960|am freitag gibt es im norden und westen noch schauer
07February_2011_Monday_tagesschau-1613|am tag ist es im norden und osten teilweise freundlich, sonst ist es meist freundlich und trocken
22March_2011_Tuesday_tagesschau-4956|am tag regnet es im norden und osten gebietsweise kräftig im süden und süden ist es teilweise freundlich.
24January_2010_Sunday_tagesschau-8710|am tag regnet es im norden und osten gebietsweise kräftig im norden und süden ist es teilweise freundlich
07June_2010_Monday_heute-2327|am tag regnet es im norden und osten gebietsweise kräftig im süden und süden ist es auch freundlich.
04October_2010_Monday_heute-5945|am tag regnet es im süden und osten stellenweise kräftig
20December_2010_Monday_tagesschau-3208|am tag minus fünf grad im <unk> plus vier grad im <unk>
14October_2009_Wednesday_tagesschau-529|am tag regnet es im norden und osten teilweise kräftig
04July_2010_Sunday_tagesschau-7199|am tag regnet es im norden und osten gebietsweise kräftig im süden und süden ist es teilweise freundlich
09February_2010_Tuesday_tagesschau-4496|am tag regnet es im norden und osten teilweise kräftig
25August_2010_Wednesday_heute-6001|am tag regnet es im norden und osten gebietsweise kräftig im norden und süden ist es teilweise freundlich
07April_2011_Thursday_tagesschau-8102|am tag regnet es im norden und osten gebietsweise kräftig im süden und süden ist es auch freundlich.
10February_2010_Wednesday_tagesschau-2524|am tag regnet es im norden und osten zeitweise im süden teilweise kräftige schauer
06February_2011_Sunday_tagesschau-6914|am tag regnet es im norden und osten gebietsweise kräftig im süden und süden ist es teilweise freundlich
07December_2010_Tuesday_heute-5626|am tag minus fünf grad im <unk> plus vier grad im <unk>
18October_2010_Monday_heute-630|am tag ist es im norden und westen noch freundlich
25August_2009_Tuesday_tagesschau-7090|am tag ist es im norden und westen teilweise freundlich
16April_2010_Friday_tagesschau-6577|am tag regnet es im norden und osten gebietsweise kräftig im norden und süden ist es teilweise freundlich
25April_2010_Sunday_tagesschau-4952|am freitag gibt es im norden und westen teilweise kräftige schauer
03March_2011_Thursday_tagesschau-7064|am tag minus fünf grad im norden und minus fünf grad im <unk>
24November_2011_Thursday_heute-223|am tag regnet es im norden und osten gebietsweise kräftig im süden und süden ist es teilweise freundlich
05April_2011_Tuesday_tagesschau-6420|am tag regnet es im süden und osten teilweise kräftig
01July_2009_Wednesday_tagesschau-4555|am tag minus fünf grad im <unk> plus vier grad im <unk>
28September_2009_Monday_tagesschau-4680|am tag minus fünf grad im <unk> plus vier grad im <unk>
09January_2010_Saturday_tagesschau-1919|am tag minus fünf grad im <unk> plus vier grad im <unk>
10August_2011_Wednesday_tagesschau-6304|am freitag gibt es im norden und osten viele wolken die sonne zeigt sich im süden und osten einzelne schauer
01July_2011_Friday_tagesschau-2765|am tag minus fünf grad im <unk> plus vier grad im <unk>
03November_2010_Wednesday_tagesschau-6506|am tag ist es im norden und osten teilweise freundlich, sonst ist es meist freundlich und trocken während es im süden teilweise freundlich ist, ist es teilweise freundlich ist.
20March_2010_Saturday_heute-7297|am tag regnet es im süden und osten teilweise kräftig
14April_2010_Wednesday_heute-1881|am tag regnet es im süden und osten teilweise kräftig
02June_2010_Wednesday_heute-6796|am tag minus fünf grad im <unk> plus vier grad im <unk>
09August_2010_Monday_heute-5905|am tag regnet es im norden und osten zeitweise im süden teilweise länger anhaltend
20November_2010_Saturday_tagesschau-1824|am tag regnet es im norden und osten zeitweise im süden teilweise länger anhaltend
09April_2010_Friday_tagesschau-7623|am freitag gibt es im norden und osten noch einzelne schauer
03November_2010_Wednesday_tagesschau-6505|am tag minus fünf grad im <unk> plus vier grad im <unk>
23March_2011_Wednesday_tagesschau-8751|am tag regnet es im norden und osten gebietsweise kräftig im norden und süden ist es teilweise freundlich
17January_2011_Monday_tagesschau-7003|am tag regnet es im norden und osten gebietsweise kräftig im norden und süden ist es teilweise freundlich.
30August_2011_Tuesday_heute-784|am tag ist es im norden und osten teilweise freundlich, sonst ist es meist freundlich und trocken
12September_2009_Saturday_tagesschau-6589|am tag minus fünf grad im <unk> plus vier grad im <unk>
20December_2010_Monday_tagesschau-3204|am tag minus fünf grad im <unk> plus vier grad im <unk>
02June_2010_Wednesday_tagesschau-7160|am tag ist es im norden und osten teilweise freundlich, sonst ist es meist freundlich und trocken
16September_2010_Thursday_tagesschau-6271|am tag regnet es im norden und osten teilweise kräftig
30October_2009_Friday_tagesschau-2276|am tag regnet es im norden und osten gebietsweise kräftig im norden und süden ist es teilweise freundlich.
30January_2011_Sunday_tagesschau-6345|am tag minus fünf grad im norden und minus fünf grad im <unk>
09February_2010_Tuesday_tagesschau-4497|am tag minus fünf grad im <unk> minus fünf grad
30December_2010_Thursday_tagesschau-2236|am tag minus fünf grad im norden und minus fünf grad im <unk>
30July_2010_Friday_tagesschau-1520|am tag minus fünf grad im <unk> plus vier grad im <unk>
22April_2010_Thursday_heute-2125|am tag ist es im norden und westen teilweise freundlich
09July_2009_Thursday_tagesschau-7110|am freitag gibt es im norden und osten noch einzelne schauer
21January_2011_Friday_tagesschau-4890|am tag regnet es im norden und osten gebietsweise kräftig
18April_2011_Monday_tagesschau-1316|am tag minus fünf grad im norden und minus fünf grad im <unk>
09May_2011_Monday_tagesschau-8586|am tag ist es im süden teilweise freundlich
13August_2011_Saturday_tagesschau-1410|am tag regnet es im norden und osten zeitweise im süden teilweise länger anhaltend
27July_2010_Tuesday_heute-5261|am freitag ist es im norden und osten teilweise freundlich
21November_2009_Saturday_tagesschau-4911|am tag minus fünf grad im <unk> plus vier grad im <unk>
08October_2009_Thursday_tagesschau-5350|am tag minus fünf grad im <unk> plus vier grad im <unk>
16December_2009_Wednesday_tagesschau-5918|am tag minus fünf grad im norden und minus ein grad im <unk>
12September_2009_Saturday_tagesschau-6591|am tag regnet es im norden und osten gebietsweise kräftig im süden und süden ist es teilweise freundlich
23August_2010_Monday_heute-5319|am tag regnet es im norden und osten zeitweise im <unk>
12July_2011_Tuesday_heute-1279|am tag ist es im norden und westen teilweise freundlich im süden und osten gibt es auch <unk>
06August_2010_Friday_tagesschau-2172|am tag minus fünf grad im <unk> plus vier grad im <unk>
04December_2009_Friday_tagesschau-841|am tag regnet es im norden und osten gebietsweise kräftig im süden und süden ist es teilweise freundlich
30November_2010_Tuesday_tagesschau-4617|am tag regnet es im norden und osten gebietsweise kräftig
29September_2012_Saturday_tagesschau-2966|am freitag gibt es im norden und osten viele wolken die <unk> im norden und osten regnet es teilweise kräftig
15December_2010_Wednesday_tagesschau-40|am freitag gibt es im norden und westen teilweise kräftige schauer
28November_2011_Monday_heute-1587|am tag minus fünf grad im norden und minus fünf grad im <unk>
23December_2010_Thursday_tagesschau-1430|und nun die wettervorhersage für morgen, <unk> den dreiundzwanzigsten februar
06July_2009_Monday_tagesschau-2109|am tag regnet es im norden und osten gebietsweise kräftig im süden und süden ist es auch freundlich.
11October_2010_Monday_tagesschau-4612|am tag regnet es im norden und osten gebietsweise kräftig im süden und süden ist es auch freundlich.
12September_2009_Saturday_tagesschau-6590|am tag regnet es im norden und osten gebietsweise kräftig
05February_2010_Friday_tagesschau-2920|am tag minus fünf grad im <unk> plus vier grad im <unk>
14April_2010_Wednesday_heute-1892|am tag regnet es im norden und osten teilweise kräftig
10August_2011_Wednesday_tagesschau-6305|am tag minus fünf grad im norden und minus fünf grad im <unk>
05May_2011_Thursday_tagesschau-25|am tag minus fünf grad im <unk> plus vier grad im <unk>
23February_2011_Wednesday_heute-3780|am tag regnet es im norden und osten teilweise kräftig
25June_2010_Friday_tagesschau-3884|am tag minus fünf grad im <unk> plus vier grad im <unk>
12July_2009_Sunday_tagesschau-2573|am tag regnet es im norden und osten gebietsweise kräftig
16December_2011_Friday_tagesschau-6532|am freitag gibt es im norden und osten viele wolken die hier und da regen im süden auch <unk>
07April_2010_Wednesday_tagesschau-6029|am tag regnet es im norden und osten gebietsweise kräftig im norden und süden ist es teilweise freundlich
17January_2010_Sunday_tagesschau-5554|am tag regnet es im norden und osten gebietsweise kräftig im süden und süden ist es auch freundlich.
27August_2009_Thursday_tagesschau-3286|am tag regnet es im süden und osten teilweise kräftig
06May_2010_Thursday_heute-1054|am tag ist es im norden und westen teilweise freundlich
25August_2010_Wednesday_heute-6008|am tag ist es im norden und westen teilweise freundlich
30November_2010_Tuesday_tagesschau-4621|am freitag gibt es im norden und westen noch schauer
26April_2010_Monday_heute-3398|am tag minus fünf grad im <unk> plus vier grad im <unk>
21November_2011_Monday_heute-5433|am tag minus fünf grad im <unk> plus vier grad im <unk>
07October_2012_Sunday_tagesschau-3026|am freitag ist es im norden und westen teilweise freundlich
02December_2010_Thursday_tagesschau-3637|am tag ist es im norden und westen teilweise freundlich
16May_2010_Sunday_tagesschau-5227|am tag regnet es im norden und osten gebietsweise kräftig im süden und süden ist es teilweise freundlich
01April_2010_Thursday_heute-6698|am tag regnet es im norden und osten gebietsweise kräftig im süden und süden ist es auch freundlich.
12January_2010_Tuesday_heute-2546|am tag minus ein grad im norden und plus vier grad im <unk>
29January_2010_Friday_tagesschau-6489|am tag regnet es im norden und osten gebietsweise kräftig im süden und süden ist es auch freundlich.
25January_2010_Monday_heute-1467|am tag regnet es im norden und osten gebietsweise kräftig im süden und süden ist es teilweise freundlich mit sonne und wolken
26September_2009_Saturday_tagesschau-2335|am freitag gibt es im norden und westen teilweise kräftige schauer und gewitter
13February_2010_Saturday_tagesschau-6044|am tag minus fünf grad im norden und minus fünf grad im <unk>
15February_2010_Monday_tagesschau-1843|am freitag gibt es im norden und westen teilweise kräftige schauer und gewitter
01December_2011_Thursday_heute-3061|am tag minus fünf grad im <unk> plus vier grad im <unk>
18November_2009_Wednesday_tagesschau-5586|am tag regnet es im süden und osten stellenweise kräftig
09February_2011_Wednesday_heute-7538|am tag regnet es im norden und osten gebietsweise kräftig im norden und süden ist es auch freundlich.
12December_2010_Sunday_tagesschau-5597|am tag regnet es im norden und osten gebietsweise kräftig im süden und süden ist es teilweise freundlich
12December_2010_Sunday_tagesschau-5605|am tag minus fünf grad im norden und minus fünf grad im <unk>
11May_2010_Tuesday_tagesschau-1964|am tag regnet es im norden und osten gebietsweise kräftig im norden und süden ist es teilweise freundlich
02November_2010_Tuesday_heute-2754|am tag ist es im norden und osten teilweise freundlich, sonst ist es meist freundlich und trocken
11May_2010_Tuesday_tagesschau-1971|am tag minus fünf grad im norden und minus fünf grad im <unk>
20October_2009_Tuesday_tagesschau-3586|am tag minus fünf grad im <unk> plus vier grad im <unk>
21July_2009_Tuesday_tagesschau-8062|am tag regnet es im norden und osten zeitweise im süden teilweise kräftige schauer und gewitter
24October_2009_Saturday_tagesschau-4283|am tag regnet es im süden und osten stellenweise kräftig
24December_2010_Friday_tagesschau-5128|am tag minus fünf grad im <unk> minus fünf grad im <unk>
14April_2010_Wednesday_heute-1880|am tag minus fünf grad im <unk> plus
12November_2009_Thursday_tagesschau-6770|am tag regnet es im norden und osten gebietsweise kräftig im norden und süden ist es teilweise freundlich.
22April_2010_Thursday_heute-2120|am tag regnet es im norden und osten gebietsweise kräftig im norden und süden ist es teilweise freundlich
20February_2011_Sunday_tagesschau-3164|am tag minus fünf grad im <unk> plus vier grad im <unk>
25November_2010_Thursday_tagesschau-2529|am tag minus ein grad im norden und plus vier grad im <unk>
25May_2010_Tuesday_tagesschau-1294|am tag minus fünf grad im norden und minus fünf grad im <unk>
23September_2010_Thursday_heute-6476|am tag minus fünf grad im <unk> plus vier grad im <unk>
02December_2010_Thursday_tagesschau-3636|am freitag gibt es im norden und westen teilweise kräftige schauer
17May_2010_Monday_tagesschau-8473|am tag minus ein grad im norden und plus vier grad im <unk>
11December_2010_Saturday_tagesschau-8657|am tag minus fünf grad im <unk> plus vier grad im <unk>
09May_2011_Monday_tagesschau-8585|am freitag gibt es im norden und westen teilweise kräftige schauer und gewitter
18September_2010_Saturday_tagesschau-4197|am tag minus fünf grad im <unk> plus vier grad im <unk>
19April_2010_Monday_heute-781|am tag regnet es im norden und osten gebietsweise kräftig
03October_2012_Wednesday_tagesschau-7656|am freitag gibt es im norden und westen teilweise kräftige schauer und gewitter
20November_2011_Sunday_tagesschau-536|am tag minus ein grad im norden und plus vier grad im <unk>
05April_2010_Monday_tagesschau-3546|am tag minus fünf grad im norden und minus fünf grad im <unk>
24July_2011_Sunday_tagesschau-6621|am tag regnet es im norden und osten teilweise kräftig
02September_2010_Thursday_heute-3456|am tag regnet es im norden und osten gebietsweise kräftig im norden und süden ist es teilweise freundlich
02November_2010_Tuesday_heute-2742|am freitag ist es im norden und osten noch freundlich
23September_2009_Wednesday_tagesschau-7583|am tag regnet es im norden und osten zeitweise im <unk>
26April_2010_Monday_tagesschau-7273|am tag ist es im norden und westen teilweise freundlich sonst ist es meist freundlich und trocken
17October_2009_Saturday_tagesschau-2138|am tag minus ein grad im norden und plus vier grad im <unk>
13April_2011_Wednesday_tagesschau-1683|am tag regnet es im norden und osten gebietsweise kräftig
30September_2012_Sunday_tagesschau-4037|am freitag ist es im norden und osten noch freundlich
05July_2010_Monday_tagesschau-1200|am tag minus fünf grad im norden und minus fünf grad im <unk>
09August_2009_Sunday_tagesschau-1180|am tag ist es im norden und westen teilweise freundlich
05January_2010_Tuesday_tagesschau-2672|am tag minus ein grad im norden und plus vier grad im <unk>
14October_2010_Thursday_tagesschau-299|am tag ist es im norden und westen teilweise freundlich
03November_2010_Wednesday_tagesschau-6507|am tag minus ein grad im norden und plus vier grad im <unk>
31January_2013_Thursday_tagesschau-2710|am tag regnet es im süden und osten gebietsweise kräftig im süden und süden ist es auch freundlich.
06January_2010_Wednesday_heute-3525|am tag minus fünf grad im <unk> plus vier grad im <unk>
09April_2010_Friday_tagesschau-7632|am tag regnet es im norden und osten zeitweise im norden und süden ist es teilweise freundlich.
22July_2010_Thursday_tagesschau-8195|am tag regnet es im norden und osten gebietsweise kräftig im norden und süden ist es auch freundlich.
17January_2011_Monday_tagesschau-7001|am tag regnet es im norden und osten gebietsweise kräftig
13May_2010_Thursday_tagesschau-7916|und nun die wettervorhersage für morgen, <unk> den dreiundzwanzigsten november
20April_2011_Wednesday_tagesschau-3084|am tag regnet es im norden und osten gebietsweise kräftig im süden und süden ist es teilweise freundlich
27January_2013_Sunday_tagesschau-8836|am tag regnet es im süden und osten gebietsweise kräftig im süden und süden ist es auch freundlich.
23September_2009_Wednesday_tagesschau-7582|am tag minus ein grad im norden und plus vier grad im <unk>
27September_2009_Sunday_tagesschau-2170|am freitag ist es im norden und osten teilweise freundlich
06October_2010_Wednesday_tagesschau-632|am tag regnet es im norden und osten gebietsweise kräftig im norden und süden ist es teilweise freundlich
25February_2011_Friday_tagesschau-575|am tag regnet es im norden und osten teilweise kräftig
05December_2009_Saturday_tagesschau-4701|am tag regnet es im norden und osten gebietsweise kräftig im süden und süden ist es teilweise freundlich
05October_2011_Wednesday_heute-1069|am freitag gibt es im norden und westen teilweise kräftige schauer
08October_2009_Thursday_tagesschau-5348|am tag minus ein grad im norden und plus vier grad im <unk>
25January_2010_Monday_tagesschau-8298|am tag minus fünf grad im norden und minus fünf grad im <unk>
03August_2010_Tuesday_tagesschau-2776|am tag regnet es im süden und osten gebietsweise kräftig
24October_2009_Saturday_tagesschau-4285|am freitag gibt es im norden und osten noch einzelne schauer
27October_2009_Tuesday_tagesschau-6148|am tag regnet es im norden und osten gebietsweise kräftig im norden und süden ist es auch freundlich.
23September_2010_Thursday_tagesschau-3444|am tag ist es im norden und westen teilweise freundlich
02October_2009_Friday_tagesschau-1362|am tag regnet es im norden und osten gebietsweise kräftig im süden und süden ist es auch freundlich.
09December_2009_Wednesday_tagesschau-2562|am tag minus fünf grad im <unk> minus fünf grad im <unk>
25October_2010_Monday_tagesschau-22|am tag regnet es im norden und osten gebietsweise kräftig im norden und süden ist es teilweise freundlich
31October_2009_Saturday_tagesschau-7147|am tag regnet es im norden und osten gebietsweise kräftig im süden und süden ist es teilweise freundlich
18November_2009_Wednesday_tagesschau-5584|am freitag gibt es im norden und westen teilweise kräftige schauer
06October_2010_Wednesday_tagesschau-640|am tag minus fünf grad im norden und minus ein grad im <unk>
01March_2011_Tuesday_tagesschau-2211|am tag regnet es im norden und osten gebietsweise kräftig im norden und süden ist es teilweise freundlich sonst ist es meist freundlich
30October_2009_Friday_tagesschau-2275|am tag ist es im norden teilweise freundlich
06July_2010_Tuesday_tagesschau-2653|am freitag gibt es im norden und westen teilweise kräftige schauer und gewitter
16January_2010_Saturday_tagesschau-8073|am tag regnet es im norden und osten gebietsweise kräftig im süden und süden ist es teilweise freundlich
07April_2010_Wednesday_heute-1632|am tag regnet es im norden und osten teilweise kräftig
30January_2013_Wednesday_tagesschau-477|am tag minus ein grad im norden und plus vier grad im <unk>
20July_2010_Tuesday_heute-5251|am tag minus fünf grad im norden und minus ein grad im <unk>
10December_2011_Saturday_tagesschau-5421|am tag ist es im norden und westen teilweise freundlich
14April_2010_Wednesday_heute-1879|am freitag ist es im norden und osten teilweise freundlich
24January_2013_Thursday_tagesschau-6323|am tag minus fünf grad im <unk> minus fünf grad im <unk>
06October_2012_Saturday_tagesschau-8729|am tag minus fünf grad im norden und minus fünf grad im <unk>
04April_2011_Monday_heute-965|am freitag ist es im süden teilweise freundlich
24June_2011_Friday_tagesschau-4071|am freitag gibt es im norden und westen teilweise kräftige schauer und gewitter
16December_2011_Friday_tagesschau-6529|am tag minus fünf grad im norden und minus fünf grad im <unk>
04May_2010_Tuesday_heute-453|am tag regnet es im norden und osten gebietsweise kräftig im norden und süden ist es teilweise freundlich
07December_2010_Tuesday_tagesschau-4152|am tag minus fünf grad im <unk> plus vier grad im <unk>
06December_2011_Tuesday_heute-1553|am tag ist es im norden und osten teilweise freundlich
10November_2009_Tuesday_tagesschau-7250|am tag regnet es im norden und osten gebietsweise kräftig im süden und süden ist es auch freundlich.
11December_2010_Saturday_tagesschau-8659|am tag regnet es im norden und osten gebietsweise kräftig
20June_2011_Monday_heute-6514|am tag ist es im norden und westen teilweise freundlich
26September_2009_Saturday_tagesschau-2343|am freitag gibt es im norden und osten noch einzelne schauer
03October_2012_Wednesday_tagesschau-7657|am freitag gibt es im norden und westen teilweise kräftige schauer
08December_2009_Tuesday_heute-4213|am tag regnet es im norden und osten teilweise kräftig
10December_2011_Saturday_tagesschau-5420|am tag minus fünf grad im <unk> plus
12January_2011_Wednesday_tagesschau-1732|am tag regnet es im norden und osten teilweise kräftig im süden und süden ist es teilweise freundlich.
11October_2010_Monday_tagesschau-4615|am tag regnet es im norden und osten gebietsweise kräftig im norden und süden ist es auch freundlich.
20December_2010_Monday_tagesschau-3205|am tag regnet es im norden und osten teilweise kräftig
17October_2009_Saturday_tagesschau-2139|am tag ist es im süden meist freundlich
07January_2010_Thursday_tagesschau-2302|am tag minus fünf grad im <unk> plus vier grad im <unk>
05September_2010_Sunday_tagesschau-3132|am tag minus fünf grad im <unk> plus vier grad im <unk>
09July_2009_Thursday_tagesschau-7122|am tag regnet es im norden und osten gebietsweise kräftig im norden und süden ist es teilweise freundlich
27May_2011_Friday_tagesschau-8133|am tag regnet es im süden und osten gebietsweise kräftig im süden und süden ist es teilweise freundlich
28November_2011_Monday_tagesschau-165|am tag minus fünf grad im <unk> plus vier grad im <unk>
28January_2010_Thursday_tagesschau-2817|am freitag gibt es im norden und osten viele wolken die <unk> im norden und osten regnet es für längere zeit
08June_2010_Tuesday_tagesschau-5527|am tag minus fünf grad im <unk> plus vier grad im <unk>
06January_2010_Wednesday_tagesschau-7726|am tag regnet es im norden und osten gebietsweise kräftig im norden und süden ist es auch freundlich.
27June_2010_Sunday_tagesschau-7386|am tag regnet es im norden und osten gebietsweise kräftig im süden und süden ist es auch freundlich.
15July_2011_Friday_tagesschau-8726|am freitag gibt es im norden und westen teilweise kräftige schauer und gewitter
24January_2011_Monday_tagesschau-3720|am tag minus fünf grad im <unk> plus vier grad im <unk>
09August_2010_Monday_tagesschau-3000|am freitag gibt es im norden und westen teilweise kräftige schauer und gewitter
13July_2010_Tuesday_tagesschau-4317|am tag regnet es im norden und osten gebietsweise kräftig im süden und süden ist es auch freundlich.
25April_2010_Sunday_tagesschau-4942|am tag regnet es im norden und osten gebietsweise kräftig im norden und süden ist es teilweise freundlich
21April_2010_Wednesday_heute-3124|am freitag ist es im norden und osten teilweise freundlich
12July_2011_Tuesday_heute-1281|am tag ist es im norden und westen teilweise freundlich
28July_2011_Thursday_tagesschau-8521|am tag regnet es im süden und osten gebietsweise kräftig im süden und süden ist es auch freundlich.
12December_2011_Monday_tagesschau-8282|am freitag gibt es im norden und westen teilweise kräftige schauer
06July_2011_Wednesday_tagesschau-6870|am tag ist es im norden und osten teilweise freundlich, sonst ist es meist freundlich und trocken
06October_2011_Thursday_heute-5532|am freitag ist es im norden und westen teilweise freundlich
31January_2010_Sunday_tagesschau-1333|am tag regnet es im norden und osten gebietsweise kräftig im norden und süden ist es teilweise freundlich
23November_2011_Wednesday_tagesschau-980|am freitag gibt es im norden und westen teilweise kräftige schauer und gewitter die im süden ist es teilweise freundlich
12September_2010_Sunday_tagesschau-3919|am tag ist es im süden meist freundlich
28September_2012_Friday_tagesschau-917|am tag ist es im norden und westen teilweise freundlich
10March_2011_Thursday_heute-51|am tag ist es im norden und westen teilweise freundlich sonst ist es meist freundlich und trocken
13November_2009_Friday_tagesschau-8610|am tag minus fünf grad im norden und minus ein grad im <unk>
19July_2009_Sunday_tagesschau-1568|am tag regnet es im norden und osten gebietsweise kräftig im süden und süden ist es teilweise freundlich
10April_2010_Saturday_tagesschau-4140|am tag regnet es im norden und osten gebietsweise kräftig im norden und süden ist es teilweise freundlich
10December_2011_Saturday_tagesschau-5423|am tag minus fünf grad im <unk> minus fünf grad im <unk>
24May_2010_Monday_tagesschau-3142|am tag regnet es im norden und osten gebietsweise kräftig im norden und süden ist es teilweise freundlich.
13December_2009_Sunday_tagesschau-6822|am tag regnet es im norden und osten gebietsweise kräftig im süden und süden ist es auch freundlich.
14October_2010_Thursday_tagesschau-298|am tag minus ein grad im norden und plus vier grad im <unk>
08October_2009_Thursday_tagesschau-5351|am tag regnet es im norden und osten gebietsweise kräftig im norden und süden ist es teilweise freundlich
01March_2011_Tuesday_tagesschau-2210|am freitag gibt es im norden und westen teilweise kräftige schauer und gewitter
15September_2010_Wednesday_tagesschau-5210|am tag regnet es im norden und osten gebietsweise kräftig im norden und süden ist es teilweise freundlich
07January_2010_Thursday_tagesschau-2301|am tag regnet es im norden und osten gebietsweise kräftig im süden und süden ist es teilweise freundlich
03October_2012_Wednesday_tagesschau-7655|am freitag ist es im norden und westen teilweise freundlich
10January_2011_Monday_heute-1375|am tag regnet es im norden und osten gebietsweise kräftig im süden und süden ist es auch freundlich.
24January_2011_Monday_heute-6984|am tag ist es im norden und westen teilweise freundlich im süden und westen gibt es auch <unk>
12February_2010_Friday_tagesschau-126|am tag minus ein grad im norden und plus vier grad im <unk>
21June_2011_Tuesday_tagesschau-1264|am tag minus ein grad im norden und plus vier grad im <unk>
23August_2010_Monday_tagesschau-4438|am tag regnet es im norden und osten teilweise kräftig
25June_2010_Friday_tagesschau-3887|am tag minus fünf grad im <unk> plus
21November_2009_Saturday_tagesschau-4905|am tag minus fünf grad im norden und minus fünf grad im <unk>
14July_2010_Wednesday_tagesschau-1865|am tag ist es im süden teilweise freundlich
20September_2010_Monday_heute-2934|am tag minus fünf grad im <unk> plus vier grad im <unk>
29July_2010_Thursday_tagesschau-7411|am tag regnet es im norden und osten gebietsweise kräftig im norden und süden ist es teilweise freundlich
20June_2011_Monday_heute-6521|am tag regnet es im norden und osten gebietsweise kräftig im süden und süden ist es teilweise freundlich.
01February_2011_Tuesday_tagesschau-4975|am tag regnet es im süden und osten stellenweise kräftig
12May_2010_Wednesday_tagesschau-318|am tag regnet es im norden und osten gebietsweise kräftig im süden und süden ist es teilweise freundlich
06December_2011_Tuesday_heute-1554|am tag ist es im norden und westen noch freundlich
30March_2011_Wednesday_tagesschau-7130|am tag minus fünf grad im norden und minus ein grad im <unk>
30November_2009_Monday_tagesschau-5755|am tag minus fünf grad im norden und minus fünf grad im <unk>
18November_2009_Wednesday_tagesschau-5585|am tag regnet es im norden und osten zeitweise
09August_2009_Sunday_tagesschau-1181|am freitag gibt es im norden und osten noch einzelne schauer
02December_2011_Friday_tagesschau-8009|am tag minus ein grad im norden und plus vier grad im <unk>
24January_2013_Thursday_heute-7254|am freitag ist es im norden und osten noch freundlich
20July_2010_Tuesday_tagesschau-7877|am tag minus ein grad im norden und plus vier grad im <unk>
06October_2012_Saturday_tagesschau-8744|am freitag gibt es im norden und westen teilweise kräftige schauer und gewitter
06April_2010_Tuesday_tagesschau-308|am tag regnet es im norden und osten teilweise kräftig
13August_2009_Thursday_tagesschau-8487|am tag minus ein grad im norden und plus vier grad im <unk>
29January_2010_Friday_tagesschau-6490|am tag regnet es im norden und osten gebietsweise kräftig im süden und süden ist es teilweise freundlich im süden und süden teilweise freundlich
23August_2010_Monday_tagesschau-4430|am tag minus fünf grad im <unk> plus
23July_2011_Saturday_tagesschau-5498|am tag regnet es im norden und osten gebietsweise kräftig
12March_2011_Saturday_tagesschau-2455|am tag minus fünf grad im norden und minus ein grad im <unk>
13July_2009_Monday_tagesschau-7513|am tag regnet es im norden und osten gebietsweise kräftig im norden und süden ist es teilweise freundlich
23August_2010_Monday_heute-5320|am tag regnet es im norden und osten gebietsweise kräftig im norden und süden ist es auch freundlich.
23November_2011_Wednesday_tagesschau-973|und nun die wettervorhersage für morgen, <unk> den dreiundzwanzigsten februar
06January_2010_Wednesday_heute-3523|am tag regnet es im norden und osten zeitweise im norden und süden ist es teilweise freundlich.
08February_2010_Monday_tagesschau-2796|am tag minus fünf grad im <unk> plus vier grad im <unk>
23May_2011_Monday_heute-6466|am tag ist es im norden und westen teilweise freundlich
28May_2010_Friday_tagesschau-7496|am tag regnet es im süden und osten gebietsweise kräftig im süden und süden ist es teilweise freundlich
26March_2011_Saturday_tagesschau-5730|am tag ist es im norden und westen teilweise freundlich
23January_2011_Sunday_tagesschau-7834|am tag regnet es im norden und osten gebietsweise kräftig
17May_2010_Monday_tagesschau-8477|am tag regnet es im norden und osten gebietsweise kräftig im norden und süden ist es teilweise freundlich
04February_2010_Thursday_heute-7966|am tag ist es im norden und osten teilweise freundlich, sonst ist es meist freundlich und trocken
02December_2010_Thursday_heute-8444|am freitag ist es im norden und osten noch freundlich
15September_2010_Wednesday_heute-2476|am tag minus fünf grad im <unk> plus
31May_2011_Tuesday_tagesschau-4294|am freitag ist es im norden und osten teilweise freundlich
15September_2010_Wednesday_tagesschau-5209|am freitag gibt es im norden und osten viele wolken die <unk> im norden und osten regnet es stellenweise kräftig
20October_2009_Tuesday_tagesschau-3595|am tag ist es im norden und westen teilweise freundlich
09August_2010_Monday_heute-5906|am tag regnet es im norden und osten teilweise kräftig
25November_2010_Thursday_tagesschau-2530|am freitag gibt es im norden und osten noch einzelne schauer
02September_2010_Thursday_heute-3457|am freitag ist es im norden und westen teilweise freundlich
11January_2011_Tuesday_heute-8176|am tag regnet es im norden und osten gebietsweise kräftig im süden und süden ist es auch freundlich.
10August_2010_Tuesday_tagesschau-3865|am tag regnet es im norden und osten gebietsweise kräftig im norden und süden ist es teilweise freundlich.
26October_2010_Tuesday_tagesschau-5789|am tag regnet es im norden und osten gebietsweise kräftig im norden und süden ist es auch freundlich
04January_2010_Monday_heute-7399|am tag minus fünf grad im <unk> plus vier grad im <unk>
23August_2010_Monday_tagesschau-4429|am tag regnet es im norden und osten gebietsweise kräftig im norden und süden ist es teilweise freundlich
08December_2009_Tuesday_heute-4212|am tag minus fünf grad im <unk> plus
01March_2011_Tuesday_tagesschau-2209|am freitag ist es im norden und osten noch freundlich
20March_2010_Saturday_heute-7288|am freitag gibt es im norden und westen teilweise kräftige schauer und gewitter
31May_2011_Tuesday_tagesschau-4295|am tag minus ein grad im norden und plus vier grad im <unk>
19February_2010_Friday_tagesschau-4101|am tag regnet es im süden und osten teilweise kräftig
01February_2011_Tuesday_heute-4637|am tag minus fünf grad im <unk> plus vier grad im <unk>
04July_2011_Monday_heute-6441|am tag minus fünf grad im <unk> plus
01December_2011_Thursday_heute-3058|am tag minus fünf grad im norden und minus fünf grad im <unk>
29April_2010_Thursday_heute-8622|am tag minus fünf grad im <unk> plus vier grad im <unk>
30May_2011_Monday_heute-3677|am tag minus ein grad im norden und plus vier grad im <unk>
18November_2009_Wednesday_tagesschau-5587|am tag regnet es im norden und osten zeitweise im süden teilweise kräftige schauer
08April_2010_Thursday_tagesschau-3949|am tag regnet es im süden und osten gebietsweise kräftig im süden und süden ist es auch freundlich.
08April_2010_Thursday_heute-4004|am tag regnet es im norden und osten teilweise kräftig
22January_2010_Friday_tagesschau-907|am tag regnet es im norden und osten gebietsweise kräftig im norden und süden ist es teilweise freundlich.
08October_2009_Thursday_tagesschau-5349|am tag ist es im süden meist freundlich
03February_2011_Thursday_tagesschau-938|am tag minus ein grad im norden und plus vier grad im <unk>
01July_2011_Friday_tagesschau-2766|am tag minus fünf grad im <unk> plus vier grad im <unk>
17October_2009_Saturday_tagesschau-2133|am tag minus fünf grad im <unk> plus vier grad im <unk>
06October_2012_Saturday_tagesschau-8730|am freitag gibt es im norden und westen teilweise kräftige schauer und gewitter
10December_2009_Thursday_tagesschau-7482|am tag minus fünf grad im norden und minus fünf grad im <unk>
21August_2011_Sunday_tagesschau-265|am tag regnet es im norden und osten zeitweise im süden teilweise kräftige schauer
07February_2011_Monday_tagesschau-1612|am tag regnet es im norden und osten gebietsweise kräftig im norden und süden ist es windig.
26October_2010_Tuesday_tagesschau-5796|am tag ist es im norden und westen teilweise freundlich
22January_2011_Saturday_tagesschau-2080|am tag regnet es im norden und osten zeitweise
30January_2013_Wednesday_tagesschau-475|am tag regnet es im süden und osten gebietsweise kräftig
02November_2010_Tuesday_tagesschau-2039|am tag regnet es im norden und osten gebietsweise kräftig
09June_2010_Wednesday_heute-8266|am tag regnet es im norden und osten gebietsweise kräftig im süden und süden ist es teilweise freundlich
01June_2010_Tuesday_tagesschau-5002|am freitag gibt es im norden und osten noch einzelne schauer
15October_2009_Thursday_tagesschau-7719|am tag minus fünf grad im norden und minus fünf grad im <unk>
20October_2010_Wednesday_heute-8493|am tag minus fünf grad im <unk> plus
25August_2010_Wednesday_heute-6009|am tag ist es im norden und westen noch freundlich
22November_2009_Sunday_tagesschau-5490|am tag minus fünf grad im <unk> plus vier grad im <unk>
04July_2010_Sunday_tagesschau-7198|am tag minus fünf grad im <unk> plus vier grad im <unk>
29September_2011_Thursday_heute-4235|am tag ist es im norden teilweise freundlich
29September_2012_Saturday_tagesschau-2967|am freitag gibt es im norden und westen teilweise kräftige schauer und gewitter
29April_2010_Thursday_heute-8625|am tag regnet es im norden und osten gebietsweise kräftig im süden und süden ist es auch freundlich.
25August_2009_Tuesday_tagesschau-7093|am freitag gibt es im norden und osten noch einzelne schauer
29March_2010_Monday_tagesschau-8384|und nun die wettervorhersage für morgen, <unk> den elften august
24December_2010_Friday_tagesschau-5129|am tag minus fünf grad im <unk> plus vier grad im <unk>
12January_2010_Tuesday_heute-2545|am tag regnet es im norden und osten gebietsweise kräftig im süden und süden ist es teilweise freundlich
03July_2009_Friday_tagesschau-2003|am tag minus ein grad im norden und plus vier grad im <unk>
29June_2011_Wednesday_tagesschau-4482|am tag ist es im norden und osten teilweise freundlich
28November_2011_Monday_tagesschau-172|am tag minus fünf grad im <unk> plus vier grad im <unk>
03July_2011_Sunday_tagesschau-1674|am tag minus fünf grad im <unk> plus
28September_2009_Monday_tagesschau-4679|am tag minus fünf grad im <unk> plus vier grad im <unk>
01October_2009_Thursday_tagesschau-417|am tag minus fünf grad im <unk> plus vier grad im <unk>
24January_2013_Thursday_heute-7265|am tag minus fünf grad im norden und minus fünf grad im <unk>
20October_2010_Wednesday_heute-8494|am tag minus fünf grad im <unk> plus vier grad im <unk>
14August_2009_Friday_tagesschau-72|am freitag gibt es im norden und osten viele wolken die <unk> im norden und osten regnet es für längere zeit
04July_2011_Monday_heute-6440|am freitag gibt es im norden und osten noch einzelne schauer
25April_2010_Sunday_tagesschau-4951|am tag ist es im norden und osten teilweise freundlich
29June_2010_Tuesday_tagesschau-7704|am tag minus ein grad im norden und plus vier grad im <unk>
21July_2009_Tuesday_tagesschau-8061|am tag minus fünf grad im <unk> plus vier grad im <unk>
24September_2009_Thursday_heute-6077|am tag regnet es im norden und osten gebietsweise kräftig im süden und süden ist es teilweise freundlich
20May_2010_Thursday_tagesschau-3151|und nun die wettervorhersage für morgen, <unk> den dreiundzwanzigsten februar
16July_2011_Saturday_tagesschau-7524|am tag regnet es im norden und osten gebietsweise kräftig im süden und süden ist es teilweise freundlich
11August_2010_Wednesday_tagesschau-2|am freitag ist es im norden und osten teilweise freundlich
17January_2010_Sunday_tagesschau-5555|am tag regnet es im süden und osten teilweise kräftig
31August_2010_Tuesday_tagesschau-5174|am tag ist es im norden und westen teilweise freundlich
24April_2010_Saturday_tagesschau-3963|am tag minus fünf grad im <unk> plus vier grad im <unk>
23May_2011_Monday_heute-6461|am tag minus ein grad im norden und plus vier grad im <unk>
26August_2010_Thursday_tagesschau-4265|und nun die wettervorhersage für morgen, <unk> den 24. juli
25August_2009_Tuesday_tagesschau-7094|am tag ist es im norden und osten teilweise freundlich, sonst ist es meist freundlich und trocken
