23August_2010_Monday_heute-5321|am tag elf grad im norden und sechzehn grad im südwesten
22November_2010_Monday_heute-279|und die blitze waren zum teil von heftigen regengüssen auch begleitet das sind hier diese roten echos auf unserem radarfilm
26September_2009_Saturday_tagesschau-2333|und nun die wettervorhersage für morgen, <unk> den sechsundzwanzigsten mai
17April_2010_Saturday_tagesschau-396|der wind weht schwach bis mäßig im norden und osten teilweise frisch und stark
30November_2010_Tuesday_tagesschau-4620|am mittwoch ziehen schauer und gewitter aus westen auf, die sich im süden öfter zeigt.
22November_2011_Tuesday_tagesschau-3647|am mittwoch ist es zuerst noch freundlich, später treten dort, wo es länger aufklart, mit temperaturen bis zu zehn grad.
05February_2010_Friday_tagesschau-2919|heute nacht sind es achtzehn grad im <unk> bis zu dreizehn grad am oberrhein
12February_2010_Friday_tagesschau-125|morgen liegen die temperaturen zwischen zweiundzwanzig und fünfunddreißig grad
03July_2011_Sunday_tagesschau-1673|und morgen wird es dann auch nicht ganz so kalt, es sind drei bis acht grad
21April_2010_Wednesday_heute-3122|und nun die wettervorhersage für morgen, <unk> den 13. juli
23April_2010_Friday_tagesschau-3667|am sonntag sind es dann sogar nur noch zweiundzwanzig bis fünfunddreißig grad, das dreißig grad.
22June_2011_Wednesday_heute-4381|und es wird auch sehr kühl mit zehn bis maximal fünfzehn grad werden
30September_2012_Sunday_tagesschau-4033|und nun die wettervorhersage für morgen mittwoch den dreizehnten juli
09May_2011_Monday_tagesschau-8583|am wochenende mit sonne und <unk> die es wird immer noch ein bisschen heißer
04February_2010_Thursday_heute-7970|und die temperaturen dazu sind mit siebzehn bis fünfundzwanzig grad eigentlich noch recht angenehm, da gibt es schauer und <unk>
24October_2009_Saturday_tagesschau-4284|in der nacht fallen stellenweise schauer
13August_2011_Saturday_tagesschau-1409|im süden und südosten gibt es heute nacht noch schauer später auch dort schauer und gewitter
03October_2012_Wednesday_tagesschau-7651|und nun die wettervorhersage für morgen mittwoch den dreiundzwanzigsten august
07June_2010_Monday_heute-2322|und die große erwärmung auch in den nächsten tagen nicht in sicht
10August_2009_Monday_heute-6892|im süden weht der wind schwach bis mäßig aus unterschiedlichen richtungen
16September_2010_Thursday_tagesschau-6272|am freitag wird es dann verbreitet freundlich und es wird erneut etwas regen geben.
06February_2011_Sunday_tagesschau-6917|am tag zehn grad in oberfranken und sechzehn grad am oberrhein
02November_2010_Tuesday_tagesschau-2031|im süden wird es morgen dank hochdruckeinfluss wieder freundlicher und am nachmittag wieder etwas wärmer.
25November_2010_Thursday_tagesschau-2536|und die temperaturen klettern weiter aufwärts bis fünfundzwanzig grad morgen am rhein sogar am rhein
26January_2010_Tuesday_tagesschau-2787|am wochenende wird es aus westen immer milder und auch im süden wieder wechselhafter
26November_2011_Saturday_tagesschau-5848|im norden weht der wind mäßig bis frisch mit starken bis stürmischen böen auf den bergen und im <unk>
17February_2011_Thursday_tagesschau-6307|die <unk> die zu uns strömt, ist kühl und kühl
29September_2009_Tuesday_tagesschau-8538|in den nächsten tagen wird es allmählich wärmer, und am samstag gibt es verbreitet <unk>
01July_2011_Friday_tagesschau-2763|in der nacht regnet es in den westlichen mittelgebirgen und zweiundzwanzig grad am niederrhein
22April_2010_Thursday_heute-2124|es bleibt dabei sehr windig
24November_2011_Thursday_heute-222|und nun die wettervorhersage für morgen, <unk> den sechsundzwanzigsten januar
22August_2010_Sunday_tagesschau-1345|der wind weht schwach bis mäßig im norden und nordwesten bei schauern und gewittern starke böen
24January_2011_Monday_heute-6983|heute nacht elf grad an der <unk> vier grad im <unk>
03July_2009_Friday_tagesschau-2008|und die nächsten tage werden dann zumindest ein bisschen durchwachsen aber der nächste regen im laufe der nacht
21August_2011_Sunday_tagesschau-264|im westen und südwesten ist es gegen abend zu regnen
27August_2009_Thursday_tagesschau-3276|am mittwoch treten vor allem im süden und osten zum teil starke regenfälle auf.
22January_2011_Saturday_tagesschau-2082|am tag sieben grad in oberfranken und sechzehn grad am oberrhein
26May_2010_Wednesday_heute-7867|morgen wird es im norden und osten deutschlands unter hochdruckeinfluss mit recht sonnigen und teilweise kräftigen regen
26August_2009_Wednesday_tagesschau-3225|am samstag in der südosthälfte weitere regenfälle die im laufe des tages stärker werden und zieht dann von nordwesten wieder regen auf.
25January_2013_Friday_tagesschau-7813|am mittwoch ziehen von westen wieder schauer und gewitter heran die sich unwetterartig ausfallen
24January_2013_Thursday_tagesschau-6327|und nun die wettervorhersage für morgen mittwoch den vierzehnten april
24June_2011_Friday_tagesschau-4073|am wochenende wird es wechselhaft und auch kühler
04October_2010_Monday_heute-5954|und so geht es dann auch in den nächsten tagen so weiter
19May_2010_Wednesday_heute-1119|am samstag wird es von westen her freundlich mit etwas regen und <unk>
01October_2010_Friday_tagesschau-2691|und nun die wettervorhersage für morgen, <unk> den fünfundzwanzigsten november
20September_2010_Monday_heute-2935|und das wird auch in den nächsten tagen etwas regen geben,
10August_2011_Wednesday_tagesschau-6303|am sonntag gibt es im süden viel <unk>
07December_2011_Wednesday_tagesschau-5399|am sonntag zieht von westen wieder regen auf, und gewitter begleitet von blitz und <unk>
24January_2011_Monday_tagesschau-3712|das tief das von der nordsee her zieht bestimmt unser wetter
24July_2011_Sunday_tagesschau-6622|und so wird es dann auch am wochenende wieder wechselhaft und auch deutlich kühler
30March_2011_Wednesday_tagesschau-7127|am sonntag wird es dann allmählich wärmer, es gibt stellenweise schauer und <unk> die sich bis zum <unk>
11August_2010_Wednesday_tagesschau-3|am mittwoch ziehen schauer und gewitter aus westen wieder kräftige gewitter heran
16February_2010_Tuesday_tagesschau-6098|am sonntag wird es im westen erneut freundlicher, und am montag gibt es neben sonne auch dichte wolken die hier und da regnet es noch leicht.
08January_2010_Friday_tagesschau-3984|die aussichten am sonntag sind im norden und westen schauer und gewitter möglich richtung südosten bleibt es meist trocken
30November_2011_Wednesday_tagesschau-6289|morgen liegen die temperaturen im allgäu bei fünf grad und im norden bei plus sechs grad.
08December_2009_Tuesday_heute-4211|das war alles zum <unk> ich wünsche ihnen noch einen schönen <unk>
12July_2009_Sunday_tagesschau-2574|am tag fällt im süden und osten zum teil noch kräftige regenfälle
23April_2010_Friday_tagesschau-3668|morgen werte von siebzehn grad am rhein bis zu achtzehn grad
20June_2011_Monday_tagesschau-1253|im osten und süden bleibt es bis zum morgen stellenweise noch längere zeit freundlich.
21October_2009_Wednesday_tagesschau-735|am sonntag zieht der regen ostwärts ab im südosten sowie im westen teilweise kräftige gewitter
09March_2011_Wednesday_heute-1742|und das wird ein richtiges <unk> das kommt bereits wieder häufiger zu den <unk>
13May_2010_Thursday_tagesschau-7926|und das wird jetzt erstmal viel sein.
25September_2010_Saturday_tagesschau-3480|und nun die wettervorhersage für morgen, <unk> den sechsundzwanzigsten mai
10January_2011_Monday_tagesschau-6404|am samstag wird es von westen wieder etwas milder mit temperaturen von minus zehn grad
25August_2009_Tuesday_tagesschau-7091|es bleibt dabei sehr windig
29November_2011_Tuesday_tagesschau-5612|das hoch über großbritannien sorgt dafür dass im westen wieder für regenwolken
27August_2009_Thursday_tagesschau-3285|und die sonne kann sich nur selten am alpenrand noch ein paar schauer geben
23November_2011_Wednesday_tagesschau-984|am wochenende wird es von westen her erneut kühler, und am sonntag gibt es im süden und westen wieder schauer
26April_2010_Monday_tagesschau-7271|am tag elf grad in den alpen und bis zu zwanzig grad
11October_2010_Monday_tagesschau-4607|morgen werte von minus eins bis minus sechs grad am <unk>
17October_2009_Saturday_tagesschau-2127|im süden bleibt es heute nacht meist stark bewölkt, zwischen alpen und dem bayerischen wald fällt <unk>
10January_2011_Monday_tagesschau-6409|heute nacht liegen die temperaturen zwischen zehn und elf grad in den alpen und dem <unk>
26September_2009_Saturday_tagesschau-2342|heute nacht vierzehn grad an der <unk> fünfundzwanzig grad am oberrhein
06July_2010_Tuesday_tagesschau-2654|am tag gibt es viele wolken, stellenweise regen und vor allem im norden und westen kann es auch längere zeit regnen.
29October_2009_Thursday_tagesschau-1011|und nun die wettervorhersage für morgen, <unk> den fünfundzwanzigsten august
27May_2011_Friday_tagesschau-8122|am mittwoch ziehen von westen wieder regenwolken heran
19August_2010_Thursday_tagesschau-995|am mittwoch und donnerstag im norden und westen stellenweise <unk>
25January_2010_Monday_tagesschau-8305|der wind weht schwach bis mäßig an den küsten auch frisch
20October_2009_Tuesday_tagesschau-3594|heute nacht plus vier grad am niederrhein und minus vier grad an den alpen
06May_2011_Friday_tagesschau-6438|am tag zwanzig grad im breisgau und bis siebenundzwanzig grad in der lausitz
20February_2011_Sunday_tagesschau-3166|am sonntag wird es dann schon wieder freundlicher
02December_2011_Friday_tagesschau-8010|am sonntag ist es im norden und westen überwiegend freundlich.
30March_2010_Tuesday_tagesschau-5694|und nun die wettervorhersage für morgen, <unk> den elften märz
28September_2012_Friday_tagesschau-922|am wochenende wird es von westen her zunehmend freundlicher und am sonntag sieht es wieder freundlicher aus
30November_2010_Tuesday_tagesschau-4618|am sonntag beginnt es aus westen aus erneut zu regnen und abends fällt im südwesten
25January_2013_Friday_tagesschau-7815|am mittwoch wird es verbreitet freundlich und vor allem in den niederungen des südens
29November_2011_Tuesday_tagesschau-5619|heute nacht zehn grad an der <unk> bis minus ein grad an den <unk>
30July_2011_Saturday_tagesschau-8591|und auch der starke regen im südosten abgeklungen sind ist es trocken und zum teil klar
26January_2010_Tuesday_heute-107|und jetzt wünsche ich ihnen noch einen angenehmen <unk>
30August_2011_Tuesday_heute-783|aber es wird auch morgen noch regnen
26July_2010_Monday_tagesschau-6256|und nun die wettervorhersage für morgen samstag den fünfundzwanzigsten juli
29June_2010_Tuesday_tagesschau-7705|am oberrhein sind es bei sonnenschein bis zu fünfundzwanzig grad
30November_2009_Monday_tagesschau-5749|im süden weht der wind schwach bis mäßig, an der see auch frisch.
21November_2011_Monday_heute-5434|morgen liegen die temperaturen zwischen zehn und fünfzehn grad, bis zu zwanzig grad, im <unk>
29May_2011_Sunday_tagesschau-764|im süden weht der wind schwach bis mäßig aus südlicher bis südwestlicher richtung
12November_2009_Thursday_tagesschau-6772|am samstag ist es im norden überwiegend freundlich, im süden gibt es einige <unk>
10August_2010_Tuesday_heute-1455|in der lausitz sind es morgen bis zu zwanzig grad, am oberrhein bis zu sechsundzwanzig grad.
06January_2010_Wednesday_heute-3530|der wind weht an der see schwach bis mäßig, frisch mit starken bis stürmischen <unk>
20November_2010_Saturday_tagesschau-1823|am sonntag wird es von westen her erneut freundlicher, und auch etwas <unk>
18October_2010_Monday_heute-629|am wochenende wird es dann aus südwestlicher richtung
01November_2010_Monday_tagesschau-140|am sonntag beginnt es im norden und westen später auch zu regnen.
20October_2010_Wednesday_heute-8501|in der nacht gibt es im süden am alpenrand siebzehn bis fünfundzwanzig grad
02October_2012_Tuesday_heute-3494|aber wir hatten wir mit regen und regen zu tun, der vor allem am <unk> und am <unk>
22July_2010_Thursday_tagesschau-8194|und nun die wettervorhersage für morgen, <unk> den elften august
01December_2011_Thursday_heute-3060|der wind weht mäßig bis frisch im <unk> stark bis stürmisch in der nähe von <unk>
28February_2011_Monday_tagesschau-4984|heute nacht werte zwischen minus drei und minus dreizehn grad am alpenrand
21November_2009_Saturday_tagesschau-4906|im süden weht der wind schwach bis mäßig aus west
11December_2009_Friday_tagesschau-3509|die nächsten nächte wahrscheinlich nicht mehr so sein.
23May_2011_Monday_tagesschau-1097|und das nächste tief bei großbritannien zieht bestimmt morgen unser wetter
19March_2011_Saturday_tagesschau-4690|im laufe der woche sorgt ein mittelmeerhoch aber wieder für freundlicheres wetter
19March_2011_Saturday_tagesschau-4697|am montag und dienstag gibt es viel <unk> nur im süden ist es überwiegend freundlich.
20September_2010_Monday_tagesschau-7029|und die luft ist auch noch weiter schon kräftig
02October_2009_Friday_tagesschau-1354|morgen liegen die temperaturen im norden bei achtzehn bis sechsundzwanzig grad
30September_2012_Sunday_tagesschau-4038|am samstag wird es dann deutlich milder mit schauern und <unk>
27August_2009_Thursday_tagesschau-3284|am sonntag wird es dann verbreitet sonnig
05February_2011_Saturday_tagesschau-7855|und nun die wettervorhersage für morgen, <unk> den zwanzigsten märz
12December_2011_Monday_heute-5806|dann wird es zeitweise regnen, besonders im westen und südwesten noch schauer geben.
11August_2010_Wednesday_tagesschau-8|der wind weht im norden mäßig bis frisch bei schauern und gewittern treten sturmböen auf, vor allem im <unk>
23September_2009_Wednesday_tagesschau-7593|am sonntag fällt stellenweise <unk> vor allem im bergland stark
03February_2011_Thursday_tagesschau-939|morgen im allgäu minus ein grad am oberrhein bis plus vier grad
02October_2009_Friday_tagesschau-1355|und es wird auch noch ein bisschen wärmer
12July_2011_Tuesday_heute-1280|und morgen wird es dann auch wieder wärmer als heute
24January_2011_Monday_heute-6980|morgen liegen die temperaturen zwischen zehn und fünfzehn grad, bis zu zwanzig grad, im süden zwischen siebzehn und vierundzwanzig grad.
04May_2011_Wednesday_heute-3996|und es wird dann am wochenende auch im westen sogar bis zu siebenundzwanzig grad in der <unk> und im süden ist es sehr windig.
06December_2011_Tuesday_tagesschau-6842|und die temperaturen fallen auf acht grad am alpenrand und bis zu fünfzehn grad im <unk>
12November_2009_Thursday_tagesschau-6771|in der südwestlichen <unk> fällt stellenweise <unk> im südosten ist es stellenweise wolkig, teils klar.
12July_2010_Monday_heute-244|das hoch über südosteuropa sorgt bei uns für sonnenschein und weiterhin für relativ kühles durchwachsenes wetter
28December_2011_Wednesday_tagesschau-1911|am sonntag ist es im süden und nordwesten meist freundlich sonst regnet es hier und da
03September_2010_Friday_tagesschau-8432|und so wird es dann auch in den nächsten tagen im südwesten noch wärmer
10August_2009_Monday_heute-6891|und das wird auch noch an den alpen deutschlands erreichen, teilweise mit unwettern wie heute
27September_2009_Sunday_tagesschau-2169|im süden weht der wind schwach bis mäßig, an der see auch frisch.
09February_2010_Tuesday_tagesschau-4495|und morgen wird es dann auch im westen wieder milder
09August_2009_Sunday_tagesschau-1182|der wind weht schwach bis mäßig im norden und in böen auch stark
28September_2012_Friday_tagesschau-916|am mittwoch und donnerstag regnet es im westen und nordwesten hier und da
19January_2011_Wednesday_heute-2680|am tag minus zehn grad im <unk> und plus vier grad am oberrhein
02December_2010_Thursday_heute-8445|und es wird dann am wochenende etwas kühler, es wird auch im westen eher nass und vor allem am <unk>
19January_2011_Wednesday_tagesschau-7068|und nun die wettervorhersage für morgen samstag den sechsundzwanzigsten november
15February_2011_Tuesday_tagesschau-7468|und nun die wettervorhersage für morgen, <unk> den vierzehnten juli
18November_2009_Wednesday_tagesschau-5583|es wird nicht viel regen geben denn wir haben dort auch <unk>
28November_2011_Monday_tagesschau-168|heute nacht zehn grad an der nordsee und minus ein grad im <unk>
10March_2011_Thursday_tagesschau-5086|am mittwoch und donnerstag sind im westen und nordwesten ebenfalls gewitter möglich richtung südosten und westen zeigt sich auch mal die <unk>
05September_2009_Saturday_tagesschau-4078|und nun die wettervorhersage für morgen, <unk> den einundzwanzigsten september
01April_2010_Thursday_heute-6697|dabei strömt noch kühlere luft zu uns
04January_2010_Monday_heute-7401|am freitag ist es weiterhin wechselhaft und etwas kühler
29November_2009_Sunday_tagesschau-7043|am wochenende machen sich atlantische tiefausläufer mit neuen regen oder gewittern bemerkbar die in den mittelgebirgen und auch ein sturm bemerkbar die anfangs noch regen bringen
03September_2010_Friday_tagesschau-8424|in der südwestlichen <unk> gibt es heute nacht noch kräftige <unk>
29March_2011_Tuesday_tagesschau-8117|am alpenrand morgen nahe dem <unk> im schwarzwald bis zu plus sechs grad.
12December_2011_Monday_tagesschau-8281|am sonntag ist es im südosten freundlich, im westen gibt es kräftige <unk>
09December_2009_Wednesday_tagesschau-2561|am wochenende bleibt es bei uns wechselhaft, aber im norden und westen mit etwas <unk>
23May_2011_Monday_heute-6459|und es wird auch sehr windig sein und das heißt in der mitte deutschlands wird es wieder etwas kühler
29November_2011_Tuesday_heute-8095|ihnen einen schönen abend und machen sie es gut
11April_2010_Sunday_tagesschau-8639|und so wird es dann auch in den nächsten tagen mit regen und <unk> die örtlich auch <unk>
07April_2010_Wednesday_heute-1631|am sonntag wird es dann allmählich wieder etwas freundlicher
20July_2010_Tuesday_tagesschau-7883|am sonntag liegen die wolken unterschiedlich dicht beieinander vor allem im westen regnet es schneit
01February_2011_Tuesday_tagesschau-4976|am montag wird es im westen und südwesten langsam wieder freundlicher
04July_2009_Saturday_tagesschau-3345|am mittwoch und donnerstag regnet es im südosten verbreitet sonst regnet es hier und da im süden
20March_2010_Saturday_heute-7296|im süden weht der wind schwach bis mäßig, im norden frisch mit starken bis stürmischen <unk>
09August_2010_Monday_tagesschau-3004|am samstag ist es im süden freundlich und im nordwesten gibt es kräftige schauer und <unk>
10December_2011_Saturday_tagesschau-5422|vor allem in der mitte und im süden regnet es teilweise länger
04April_2011_Monday_heute-966|am sonntag wird es dann schon wieder freundlicher.
01May_2010_Saturday_tagesschau-7197|am sonntag gibt es im norden und osten <unk> in den westlichen mittelgebirgen und <unk>
09August_2009_Sunday_tagesschau-1179|am sonntag übernimmt dann wieder ein tief die wetterregie
31May_2011_Tuesday_heute-1899|das hoch über südosteuropa sorgt morgen im süden und osten deutschlands für wechselhaftes <unk>
11February_2011_Friday_tagesschau-7755|und nun die wettervorhersage für morgen, <unk> den ersten dezember
29April_2010_Thursday_heute-8623|am montag wird es ebenfalls wechselhaft, aber wieder ein wenig milder.
03September_2010_Friday_tagesschau-8423|und das wird auch noch verstärken
18November_2011_Friday_tagesschau-2143|das tief das sich von england zur ostsee zieht bringt dem norden und der mitte deutschlands
19October_2009_Monday_tagesschau-229|und nun die wettervorhersage für morgen sonntag den sechsundzwanzigsten august
30November_2011_Wednesday_tagesschau-6292|am mittwoch wird es im süden und westen aus südwesten langsam wieder freundlicher
16September_2010_Thursday_tagesschau-6276|heute nacht werte zwischen fünfzehn und fünf grad am tag elf grad am tag im westen und südwesten bis zu einundzwanzig grad
04August_2011_Thursday_tagesschau-718|am wochenende wechselhaft mit <unk> teilweise starkem regen
20December_2010_Monday_tagesschau-3199|das tief über westeuropa sorgt bei uns in der nacht und am alpenrand für regen
13February_2010_Saturday_tagesschau-6036|und nun die wettervorhersage für morgen, <unk> den vierzehnten november
12July_2011_Tuesday_heute-1274|das <unk> das sich von großbritannien nach deutschland bewegt, zieht morgen weiter nach osten
30November_2011_Wednesday_tagesschau-6291|und das wird jetzt schon wieder etwas wärmer
26March_2011_Saturday_tagesschau-5731|am wochenende sorgen dann in der westhälfte für eine <unk>
11May_2010_Tuesday_tagesschau-1960|und jetzt die <unk> für morgen, <unk> den 22. juni
07February_2011_Monday_tagesschau-1613|der wind weht schwach bis mäßig im norden und osten teilweise frisch mit starken bis stürmischen böen
22March_2011_Tuesday_tagesschau-4956|in der nacht regnet es stellenweise etwas im süden und osten ist es teilweise klar
24January_2010_Sunday_tagesschau-8710|am sonntag gibt es im südosten und nordwesten noch viele wolken und zeitweise regen
07June_2010_Monday_heute-2327|die temperaturen steigen allmählich an und es kann etwas weiter südlich eine donau zu zwanzig grad am <unk>
04October_2010_Monday_heute-5945|liebe zuschauer guten abend
20December_2010_Monday_tagesschau-3208|am alpenrand heute nacht minus zwei grad, am oberrhein bis plus sieben grad.
14October_2009_Wednesday_tagesschau-529|am tag ist es im norden und westen noch wechselhaft
04July_2010_Sunday_tagesschau-7199|morgen liegen die temperaturen zwischen dreiundzwanzig und siebenundzwanzig grad am bodensee bis zu fünfundzwanzig grad am <unk>
09February_2010_Tuesday_tagesschau-4496|dabei strömt weiterhin kalte luft zu uns
25August_2010_Wednesday_heute-6001|das hoch über nordwesteuropa bestimmt im norden und in der mitte deutschlands das wetter mit trockener, aber kühler luft vor.
07April_2011_Thursday_tagesschau-8102|am sonntag wird es von westen her allmählich wieder freundlicher und am montag wird es wieder freundlicher
10February_2010_Wednesday_tagesschau-2524|am wochenende wird es vor allem im norden wieder freundlicher
06February_2011_Sunday_tagesschau-6914|heute nacht sind es vierzehn grad an der <unk> im südwesten und süden neunzehn grad am <unk>
07December_2010_Tuesday_heute-5626|am sonntag gibt es im süden viel <unk> im südosten noch <unk>
18October_2010_Monday_heute-630|und morgen früh werden die gewitter dichter
25August_2009_Tuesday_tagesschau-7090|heute nacht ist es meist stark bewölkt und es regnet verbreitet
16April_2010_Friday_tagesschau-6577|das tief über großbritannien sorgt dafür, dass es später in richtung <unk>
25April_2010_Sunday_tagesschau-4952|am samstag wird es dann schon wieder freundlicher
03March_2011_Thursday_tagesschau-7064|und nun die wettervorhersage für morgen, <unk> den fünfundzwanzigsten februar
24November_2011_Thursday_heute-223|im südwesten wird es morgen vorübergehend milder, jedoch sind es sogar sieben grad, aber es bleibt
05April_2011_Tuesday_tagesschau-6420|am sonntag zieht von westen wieder kühlere luft nach <unk>
01July_2009_Wednesday_tagesschau-4555|am tag fünfundzwanzig grad auf <unk> an der <unk>
28September_2009_Monday_tagesschau-4680|am tag zehn grad an der ostsee und bis zu siebzehn grad am oberrhein
09January_2010_Saturday_tagesschau-1919|und nun die wettervorhersage für morgen sonntag den siebzehnten juli
10August_2011_Wednesday_tagesschau-6304|die aussichten am sonntag viel sonne im norden und westen später schauer und gewitter
01July_2011_Friday_tagesschau-2765|heute nacht sind es dreizehn grad an der <unk> vier grad an den alpen
03November_2010_Wednesday_tagesschau-6506|im westen gibt es schon einige <unk> am wochenende vorübergehend können stürmische böen auftreten.
20March_2010_Saturday_heute-7297|in den nächsten tagen wird es dann bei uns wieder trockener.
14April_2010_Wednesday_heute-1881|am wochenende wird es deutlich kühler
02June_2010_Wednesday_heute-6796|und auch morgen wird es etwas kühler sein als heute meist so um die zwanzig grad
09August_2010_Monday_heute-5905|am wochenende wird es dann bei uns etwas milder
20November_2010_Saturday_tagesschau-1824|das wechselhafte und lediglich mäßig warme wetter begleitet
09April_2010_Friday_tagesschau-7623|und nun die wettervorhersage für morgen, <unk> den sechsundzwanzigsten august
03November_2010_Wednesday_tagesschau-6505|im süden ist es nach wie vor sehr warm, weil diese kühlere luft nicht zu erwarten
23March_2011_Wednesday_tagesschau-8751|am samstag fällt im norden etwas <unk> im süden ist es meist freundlich, sonst gibt es mehr wolken als <unk>
17January_2011_Monday_tagesschau-7003|morgen weht ein schwacher bis mäßiger wind aus süd bis südwest
30August_2011_Tuesday_heute-784|und morgen geht es weiter in den nächsten tagen weiter in der mitte mit schnee und <unk> aber auch ein paar <unk>
12September_2009_Saturday_tagesschau-6589|am sonntag im osten und südosten noch recht starker regen
20December_2010_Monday_tagesschau-3204|am alpenrand heute nacht elf bis dreizehn grad
02June_2010_Wednesday_tagesschau-7160|heute nacht liegen die temperaturen zwischen minus eins und plus sechs grad, tagsüber dann minus fünf grad am <unk>
16September_2010_Thursday_tagesschau-6271|in der heutigen nacht sind es achtzehn grad am oberrhein und zwanzig grad
30October_2009_Friday_tagesschau-2276|am mittwoch wird es von westen her erneut freundlicher, und am donnerstag gibt es verbreitet <unk>
30January_2011_Sunday_tagesschau-6345|und nun die wettervorhersage für morgen, <unk> den einundzwanzigsten november
09February_2010_Tuesday_tagesschau-4497|und es wird dann am wochenende wieder wechselhaft sein
30December_2010_Thursday_tagesschau-2236|in der heutigen nacht betragen die temperaturen zwischen minus eins und minus sechs grad, am rhein und minus acht grad.
30July_2010_Friday_tagesschau-1520|und nun die wettervorhersage für morgen, <unk> den siebten april
22April_2010_Thursday_heute-2125|das war alles zum <unk> ich wünsche ihnen noch einen schönen <unk>
09July_2009_Thursday_tagesschau-7110|und nun die wettervorhersage für morgen, <unk> den siebten mai
21January_2011_Friday_tagesschau-4890|im westen sind es morgen meist bewölkt, und es fallen ein paar <unk>
18April_2011_Monday_tagesschau-1316|am tag vierzehn grad in der kölner bucht bis zu fünfundzwanzig grad in <unk>
09May_2011_Monday_tagesschau-8586|am freitag wird es dann wechselhaft und kühler
13August_2011_Saturday_tagesschau-1410|am tag dann drei grad im <unk>
27July_2010_Tuesday_heute-5261|guten abend liebe zuschauer
21November_2009_Saturday_tagesschau-4911|am sonntag wird es dann allmählich wieder etwas milder
08October_2009_Thursday_tagesschau-5350|südlich des mains bleibt es jedoch meist trocken und auch noch bilden sich vor allem in den alpen
16December_2009_Wednesday_tagesschau-5918|am samstag fällt im norden und westen stellenweise <unk> ansonsten ist es windig.
12September_2009_Saturday_tagesschau-6591|am wochenende wird es aus dem südwesten von westen her spürbar kühler
23August_2010_Monday_heute-5319|am sonntag ist es im norden noch wechselhaft, ansonsten etwas wärmer.
12July_2011_Tuesday_heute-1279|und die nächsten tage werden dann richtig ungemütlich nicht nur windig sondern auch stürmisch wird es dann aber auch stürmisch
06August_2010_Friday_tagesschau-2172|und nun die wettervorhersage für morgen, <unk> den sechsten august
04December_2009_Friday_tagesschau-841|schwacher bis mäßiger wind aus süd bis <unk> der in der nähe von schauern und gewittern stark bis stürmisch auffrischen kann.
30November_2010_Tuesday_tagesschau-4617|am sonntag ist es im osten und süden meist freundlich
29September_2012_Saturday_tagesschau-2966|am samstag wird es von westen her wieder freundlicher, und am sonntag gibt es <unk> im süden gibt es <unk>
15December_2010_Wednesday_tagesschau-40|und morgen früh fallen ein paar tropfen
28November_2011_Monday_heute-1587|am tag neunzehn grad am oberrhein und siebenundzwanzig grad in der lausitz
23December_2010_Thursday_tagesschau-1430|und nun die wettervorhersage für morgen, <unk> den elften januar
06July_2009_Monday_tagesschau-2109|das hoch über schottland verliert an einfluss auf unser wetter mit schottland
11October_2010_Monday_tagesschau-4612|morgen temperaturen von neun grad im vogtland bis zu dreizehn am oberrhein
12September_2009_Saturday_tagesschau-6590|das hoch über skandinavien sorgt morgen im nordosten deutschlands für relativ freundliches wetter
05February_2010_Friday_tagesschau-2920|und nun die wettervorhersage für morgen, <unk> den fünfundzwanzigsten januar
14April_2010_Wednesday_heute-1892|ihnen einen schönen abend und machen sie es gut
10August_2011_Wednesday_tagesschau-6305|am sonntag treten im norden und westen vereinzelt schauer und gewitter auf, die unwetterartig sein können.
05May_2011_Thursday_tagesschau-25|und nun die wettervorhersage für morgen, <unk> den fünfundzwanzigsten september
23February_2011_Wednesday_heute-3780|und jetzt wünsche ich ihnen noch einen angenehmen abend
25June_2010_Friday_tagesschau-3884|am tag vierzehn grad im osten und bis zu zwanzig grad im <unk>
12July_2009_Sunday_tagesschau-2573|am mittwoch und donnerstag gibt es im norden und westen wieder <unk>
16December_2011_Friday_tagesschau-6532|am sonntag treten im nordwesten und westen schauer und gewitter auf, die im südosten unwetterartig ausfallen können.
07April_2010_Wednesday_tagesschau-6029|aber im süden wird es dann am nachmittag aus nordwesten und südwesten von nordwesten her immer mehr schauer und gewitter die sich weiter südwärts verlagert
17January_2010_Sunday_tagesschau-5554|am tag regnet es vor allem in der mitte und im süden ist es teilweise freundlich
27August_2009_Thursday_tagesschau-3286|am wochenende wird es wechselhaft sein, besonders am sonntag wird es deutlich milder.
06May_2010_Thursday_heute-1054|in der nähe der alpen kann es heute nacht teilweise noch stürmisch werden.
25August_2010_Wednesday_heute-6008|und es bleibt zudem trocken
30November_2010_Tuesday_tagesschau-4621|und morgen wird es dann im norden ein bisschen kühler
26April_2010_Monday_heute-3398|am wochenende wird es deutlich wärmer, und am sonntag wird es deutlich milder.
21November_2011_Monday_heute-5433|am wochenende wird es vorübergehend freundlicher und zudem wieder wärmer
07October_2012_Sunday_tagesschau-3026|das ist wirklich genug, aber wird es heute nacht
02December_2010_Thursday_tagesschau-3637|dabei können sie sich vom emsland bis zu den alpen dabei
16May_2010_Sunday_tagesschau-5227|im süden bleibt es unter hochdruckeinfluss noch trocken und teilweise auch längere zeit freundlich
01April_2010_Thursday_heute-6698|am tag plus vier grad im breisgau und minus fünf grad im <unk>
12January_2010_Tuesday_heute-2546|am tag minus zehn grad im allgäu bis plus sechs grad in der lausitz
29January_2010_Friday_tagesschau-6489|am wochenende wird es ebenfalls noch etwas wärmer, aber der samstag wird es wieder wechselhafter mit <unk>
25January_2010_Monday_heute-1467|und im süden fällt dann <unk> am alpenrand gibt es <unk> im flachland <unk> im erzgebirge und im süden <unk>
26September_2009_Saturday_tagesschau-2335|am mittwoch gibt es vor allem in der nordhälfte sonne und wolken
13February_2010_Saturday_tagesschau-6044|morgen liegen die temperaturen zwischen einundzwanzig und dreißig grad in der eifel und dreißig grad in der <unk>
15February_2010_Monday_tagesschau-1843|am samstag wird es von westen her etwas milder
01December_2011_Thursday_heute-3061|am tag sechs grad im <unk> bis zu dreizehn grad am oberrhein
18November_2009_Wednesday_tagesschau-5586|und in der nacht gibt es vor allem in der mitte ist es stellenweise bewölkt, und es ist überwiegend klar.
09February_2011_Wednesday_heute-7538|und das wird jetzt bereits den <unk> das wird dieses tief über mitteleuropa strömt kalte luft zu uns
12December_2010_Sunday_tagesschau-5597|in der nacht gibt es vor allem in der mitte und im süden zum teil gewitterartige <unk>
12December_2010_Sunday_tagesschau-5605|am tag minus fünf grad im <unk> und plus zwei grad im <unk>
11May_2010_Tuesday_tagesschau-1964|im südosten fällt heute nacht verbreitet <unk> im norden gibt es noch <unk> sonst leichter bis mäßiger <unk>
02November_2010_Tuesday_heute-2754|und nun die wettervorhersage für morgen, <unk> den elften mai
11May_2010_Tuesday_tagesschau-1971|am mittwoch treten besonders im süden und osten starke und gewitter auf, die stürmisch werden.
20October_2009_Tuesday_tagesschau-3586|und nun die wettervorhersage für morgen, <unk> den elften juli
21July_2009_Tuesday_tagesschau-8062|am mittwoch treten in der westhälfte zum teil starke schauer und gewitter auf.
24October_2009_Saturday_tagesschau-4283|in den nächsten tagen wird es dann noch wechselhafter
24December_2010_Friday_tagesschau-5128|am sonntag treten teilweise kräftige schauer und gewitter auf, die unwetterartig sein können.
14April_2010_Wednesday_heute-1880|und die wärme kommt dann auch wieder bis samstag
12November_2009_Thursday_tagesschau-6770|am samstag ziehen von norden her dichte wolken mit schauern und <unk>
22April_2010_Thursday_heute-2120|am tag regnet es in der nordhälfte hier und da im nordwesten auch mal sonne und es bleibt trocken
20February_2011_Sunday_tagesschau-3164|und nun die wettervorhersage für morgen mittwoch den fünfundzwanzigsten juli
25November_2010_Thursday_tagesschau-2529|am tag im südosten noch schauer und gewitter im norden auch unwetterartig
25May_2010_Tuesday_tagesschau-1294|am tag elf grad in <unk> bis zu neunzehn grad am oberrhein
23September_2010_Thursday_heute-6476|am tag acht grad am oberrhein bis zu vierzehn grad im <unk>
02December_2010_Thursday_tagesschau-3636|im westen und nordwesten gibt es am nachmittag etwas zurück
17May_2010_Monday_tagesschau-8473|am tag elf grad bei dauerregen bis zweiundzwanzig grad am oberrhein
11December_2010_Saturday_tagesschau-8657|und nun die wettervorhersage für morgen sonntag den dreizehnten august
09May_2011_Monday_tagesschau-8585|am mittwoch wird es ebenfalls noch sehr windig und es wird wieder kühler.
18September_2010_Saturday_tagesschau-4197|am mittwoch wird es zumindest im süden etwas freundlicher, und die temperaturen erreichen sie dreißig grad.
19April_2010_Monday_heute-781|im süden bleibt es unter hochdruckeinfluss noch trocken und teilweise auch längere zeit freundlich.
03October_2012_Wednesday_tagesschau-7656|am sonntag gibt es viele wolken und einige schauer
20November_2011_Sunday_tagesschau-536|am sonntag fällt im bergland <unk> im süden und südwesten ist es überwiegend freundlich.
05April_2010_Monday_tagesschau-3546|und nun die wettervorhersage für morgen, <unk> den neunten juni
24July_2011_Sunday_tagesschau-6621|es wird dabei erst am wochenende ein wenig wärmer
02September_2010_Thursday_heute-3456|im norden und westen gibt es heute nacht <unk> in der mitte gibt es schauer und <unk> die sich vor allem im süden und südosten teilweise auch starke <unk>
02November_2010_Tuesday_heute-2742|guten abend liebe zuschauer
23September_2009_Wednesday_tagesschau-7583|vor allem in der mitte regnet es heute nacht hier und da etwas
26April_2010_Monday_tagesschau-7273|und die temperaturen dann so zwischen fünf und elf grad, bis zu achtzehn grad.
17October_2009_Saturday_tagesschau-2138|am sonntag übernimmt dann ein atlantiktief mit seinen regenwolken und regenwolken
13April_2011_Wednesday_tagesschau-1683|am donnerstag wechselhaftes wetter mit <unk> wolken und gewittern
30September_2012_Sunday_tagesschau-4037|und es wird dann auch noch ein bisschen wärmer
05July_2010_Monday_tagesschau-1200|am tag elf grad an der see und bis zu achtzehn grad an der <unk>
09August_2009_Sunday_tagesschau-1180|es wird dann sehr windig
05January_2010_Tuesday_tagesschau-2672|heute nacht vierzehn grad an der <unk> vier grad in den alpentälern
14October_2010_Thursday_tagesschau-299|und nun die wettervorhersage für morgen, <unk> den sechsten märz
03November_2010_Wednesday_tagesschau-6507|im westen und südwesten ist es nicht ganz so kalt, minus zwei bis minus vier grad.
31January_2013_Thursday_tagesschau-2710|am montag wird es im südosten noch freundlich während es im nordwesten schauer und gewitter entwickeln die unwetterartig ausfallen können
06January_2010_Wednesday_heute-3525|und nun die wettervorhersage für morgen, <unk> den vierzehnten dezember
09April_2010_Friday_tagesschau-7632|heute nacht sechs bis minus ein grad am oberrhein bis minus ein grad
22July_2010_Thursday_tagesschau-8195|das tief bei schottland zieht bestimmt unser wetter mit von deutschland
17January_2011_Monday_tagesschau-7001|im süden bleibt es am freundlichsten
13May_2010_Thursday_tagesschau-7916|und nun die wettervorhersage für morgen, <unk> den fünfundzwanzigsten märz
20April_2011_Wednesday_tagesschau-3084|zwischen dem tief über westeuropa und dem tief über skandinavien strömt weiter kühle luft nach deutschland
27January_2013_Sunday_tagesschau-8836|die aussichten am sonntag liegen die temperaturen zwischen einundzwanzig und zweiundzwanzig grad, und das ist wieder kühler
23September_2009_Wednesday_tagesschau-7582|und auch in den nächsten tagen wird das hoch über dem atlantik aus dem atlantik spürbar milder.
27September_2009_Sunday_tagesschau-2170|die nacht wird es vor allem in den nächsten stunden in bayern
06October_2010_Wednesday_tagesschau-632|und die nächsten tage werden dann richtig ungemütlich nicht nur nicht nur so oberhalb von etwa vier bis elf grad
25February_2011_Friday_tagesschau-575|am dienstag und mittwoch steht uns eine freundliche <unk> aus <unk>
05December_2009_Saturday_tagesschau-4701|die temperaturen sind nicht nur so zwischen siebzehn und vierundzwanzig grad, aber sonst wird es nur noch zwischen zwanzig und vierundzwanzig grad, im norden
05October_2011_Wednesday_heute-1069|am donnerstag wird es zunehmend freundlicher
08October_2009_Thursday_tagesschau-5348|heute nacht elf bis ein grad in einigen regionen
25January_2010_Monday_tagesschau-8298|und nun die wettervorhersage für morgen, <unk> den sechsundzwanzigsten januar
03August_2010_Tuesday_tagesschau-2776|das zieht weiter nach <unk> reicht er bis nach <unk>
24October_2009_Saturday_tagesschau-4285|im südwesten wird es morgen nochmal richtig warm, fast frühsommerlich, bei einundzwanzig grad.
27October_2009_Tuesday_tagesschau-6148|das tief bei irland zieht von einem tiefdruckgebiet über england zieht bringt ein tief über england
23September_2010_Thursday_tagesschau-3444|in der nacht heute minus fünf grad im <unk>
02October_2009_Friday_tagesschau-1362|morgen früh gibt es im nordosten <unk> im äußersten süden liegen die temperaturen zwischen minus neun und sechzehn grad.
09December_2009_Wednesday_tagesschau-2562|heute nacht minus acht grad am oberrhein und ein grad im <unk>
25October_2010_Monday_tagesschau-22|am samstag wechselhaftes wetter mit <unk> im nordwesten scheint die sonne auch für längere <unk>
31October_2009_Saturday_tagesschau-7147|am tag minus zehn grad im allgäu und minus ein grad am oberrhein
18November_2009_Wednesday_tagesschau-5584|am wochenende wird es dann von norden her langsam wieder freundlicher.
06October_2010_Wednesday_tagesschau-640|am samstag wird es im süden und südwesten noch richtig warm, etwas kühlere luft mit zehn bis fünfzehn grad.
01March_2011_Tuesday_tagesschau-2211|heute nacht gibt es verbreitet schauer im westen und süden auch kräftige gewitter sonst gibt es nur noch wenige <unk>
30October_2009_Friday_tagesschau-2275|der wind weht schwach bis mäßig aus verschiedenen richtungen
06July_2010_Tuesday_tagesschau-2653|im norden und osten gibt es heute nacht noch einzelne schauer
16January_2010_Saturday_tagesschau-8073|im westen und nordwesten fällt heute nacht zeitweise <unk> im südwesten gibt es <unk> im flachland <unk> der im bergland auch <unk>
07April_2010_Wednesday_heute-1632|und jetzt wünsche ich ihnen noch einen angenehmen abend
30January_2013_Wednesday_tagesschau-477|und das wird auch noch am sonntag von westen her immer mehr schauer und <unk>
20July_2010_Tuesday_heute-5251|und nun die wettervorhersage für morgen mittwoch den vierzehnten august
10December_2011_Saturday_tagesschau-5421|und morgen wird es dann auch wieder wärmer
14April_2010_Wednesday_heute-1879|guten abend liebe zuschauer
24January_2013_Thursday_tagesschau-6323|am sonntag im osten und südosten noch gewitterschauer
06October_2012_Saturday_tagesschau-8729|und nun die wettervorhersage für morgen, <unk> den 29. september
04April_2011_Monday_heute-965|und auch morgen wird es dann etwas milder.
24June_2011_Friday_tagesschau-4071|am sonntag ist es im westen und nordwesten freundlich sonst viele wolken
16December_2011_Friday_tagesschau-6529|im süden und südwesten gibt es heute nacht <unk> im westen gibt es einzelne <unk>
04May_2010_Tuesday_heute-453|morgen liegen die temperaturen im allgäu bei fünf grad und am oberrhein bei länger andauerndem regen
07December_2010_Tuesday_tagesschau-4152|am tag fünfundzwanzig grad im südwesten und bis fünfunddreißig grad im südwesten
06December_2011_Tuesday_heute-1553|und das wird jetzt schon wieder nicht mehr so kalt sein
10November_2009_Tuesday_tagesschau-7250|am sonntag ziehen von westen wieder regenwolken auf die zunächst noch schnee
11December_2010_Saturday_tagesschau-8659|am mittwoch und donnerstag kommt im südwesten regen auf
20June_2011_Monday_heute-6514|dabei bleibt es weitgehend trocken
26September_2009_Saturday_tagesschau-2343|am wochenende wird es von westen her immer freundlicher.
03October_2012_Wednesday_tagesschau-7657|im westen und südwesten gibt es später kräftige schauer und gewitter
08December_2009_Tuesday_heute-4213|und es weht nur ein schwacher nordwestwind
10December_2011_Saturday_tagesschau-5420|am wochenende bleibt es ebenfalls wechselhaft.
12January_2011_Wednesday_tagesschau-1732|heute nacht zehn grad am niederrhein und minus ein grad im süden
11October_2010_Monday_tagesschau-4615|am tag plus vier grad im breisgau und minus sechs grad in <unk>
20December_2010_Monday_tagesschau-3205|am mittwoch fällt schnee oder gefrierender <unk>
17October_2009_Saturday_tagesschau-2139|es bleibt dabei weiterhin kühler
07January_2010_Thursday_tagesschau-2302|am tag minus sechs grad im nordosten
05September_2010_Sunday_tagesschau-3132|auch am sonntag gibt es im südosten noch <unk> ansonsten ist es abseits von nebelfeldern teils freundlich.
09July_2009_Thursday_tagesschau-7122|am samstag im süden und osten stellenweise regen im norden und osten ist es sehr windig
27May_2011_Friday_tagesschau-8133|am samstag breitet sich von westen her regen aus, und es wird dann deutlich freundlicher.
28November_2011_Monday_tagesschau-165|am sonntag ist es im süden und osten meist freundlich.
28January_2010_Thursday_tagesschau-2817|am sonntag ziehen von westen wieder schauer und gewitter heran die sich in den norden häufiger
08June_2010_Tuesday_tagesschau-5527|am tag minus zwei grad im mittleren bergland und plus das am rhein
06January_2010_Wednesday_tagesschau-7726|heute nacht zwischen plus vier und minus drei grad, tagsüber dann plus ein grad an der nordsee und minus sechs grad
27June_2010_Sunday_tagesschau-7386|am mittwoch und donnerstag ziehen von westen wieder regenwolken und <unk>
15July_2011_Friday_tagesschau-8726|am tag zwanzig grad an der nordsee und siebenundzwanzig grad am <unk>
24January_2011_Monday_tagesschau-3720|der wind weht schwach bis mäßig im norden auch frisch aus west bis südwest
09August_2010_Monday_tagesschau-3000|am samstag zieht von nordwesten her etwas regen auf, der besonders im süden gibt es <unk>
13July_2010_Tuesday_tagesschau-4317|im osten weht der wind schwach bis mäßig in der südhälfte aus südlichen <unk>
25April_2010_Sunday_tagesschau-4942|in den nächsten tagen wird es aus westen deutlich wärmer und vor allen dingen am wochenende wird es dann in deutschland von süden her immer wieder
21April_2010_Wednesday_heute-3124|und es wird dann auch nicht mehr so schön werden
12July_2011_Tuesday_heute-1281|es weht ein starker <unk>
28July_2011_Thursday_tagesschau-8521|zwischen dem tief über dem östlichen mitteleuropa und dem östlichen alpenrand deutschlands und in der nacht bis in den frühen morgen minus fünf grad
12December_2011_Monday_tagesschau-8282|am mittwoch wird es dann wieder freundlicher und wärmer
06July_2011_Wednesday_tagesschau-6870|am mittwoch ist es im westen und nordwesten dagegen schon wieder ergiebiger <unk>
06October_2011_Thursday_heute-5532|liebe zuschauer guten abend
31January_2010_Sunday_tagesschau-1333|am wochenende wird es deutlich milder, und die temperaturen sind es sogar bis zu siebenundzwanzig grad.
23November_2011_Wednesday_tagesschau-980|am samstag zieht von nordwesten her etwas regen auf, ansonsten bleibt es freundlich.
12September_2010_Sunday_tagesschau-3919|in den nächsten tagen wird es nicht ganz so kalt sein
28September_2012_Friday_tagesschau-917|am nachmittag wird es dann verbreitet freundlich
10March_2011_Thursday_heute-51|die temperaturen steigen allmählich an bis auf fünfundzwanzig grad morgen am main und oberrhein
13November_2009_Friday_tagesschau-8610|heute nacht fünf grad im <unk> bis elf grad am tag elf grad in den alpen
19July_2009_Sunday_tagesschau-1568|morgen liegen die temperaturen im sauerland bei elf grad und am oberrhein bei acht grad
10April_2010_Saturday_tagesschau-4140|und morgen wird es auch tagsüber etwas kühler sein als heute im südwesten und südwesten mit elf grad
10December_2011_Saturday_tagesschau-5423|es weht ein schwacher bis mäßiger wind aus süd bis südwest
24May_2010_Monday_tagesschau-3142|heute nacht ist es verbreitet klar nur an den küsten regnet es vereinzelt
13December_2009_Sunday_tagesschau-6822|im süden fällt zum teil <unk> am samstag wird es dann schon wieder freundlicher.
14October_2010_Thursday_tagesschau-298|am mittwoch fällt in der <unk> im süden gibt es stellenweise <unk> im bergland <unk>
08October_2009_Thursday_tagesschau-5351|am wochenende wird es aus südwesten etwas milder, und die sonne scheint verbreitet verbreitet
01March_2011_Tuesday_tagesschau-2210|im norden und westen gibt es morgen viele wolken die hier und da regen oder schnee
15September_2010_Wednesday_tagesschau-5210|am wochenende sorgen die mildere luft für schnee in den kommenden tagen vor allem in den niederungen des südens
07January_2010_Thursday_tagesschau-2301|heute nacht fünf grad am oberrhein und minus siebzehn grad in teilen bayerns
03October_2012_Wednesday_tagesschau-7655|im süden bleibt es noch meist freundlich.
10January_2011_Monday_heute-1375|im süden weht der wind schwach bis mäßig aus südlichen <unk> im südlichen bergland auch mäßig bis frisch aus süd bis <unk>
24January_2011_Monday_heute-6984|und das wird auch noch verstärken denn wir haben kräftige temperaturgegensätze die vom bis zum allgäu
12February_2010_Friday_tagesschau-126|am sonntag viele wolken und einige schauer im <unk> die im südosten ebenfalls unwetterartig ausfallen können.
21June_2011_Tuesday_tagesschau-1264|im süden und südwesten weht der wind schwach bis mäßig aus südlichen richtungen
23August_2010_Monday_tagesschau-4438|im süden wird es unter hochdruckeinfluss deutlich freundlicher
25June_2010_Friday_tagesschau-3887|und die nächsten tage werden noch nicht ganz so heftig, sein
21November_2009_Saturday_tagesschau-4905|am sonntag wird es im süden aus dem osten schon deutlich freundlicher
14July_2010_Wednesday_tagesschau-1865|heute nacht wird es verbreitet sonnig und es wird teilweise auch mal sonnig
20September_2010_Monday_heute-2934|und das wird in den nächsten tagen zwar wärmer
29July_2010_Thursday_tagesschau-7411|im westen und nordwesten sorgt ein tiefausläufer für zum teil starken regen
20June_2011_Monday_heute-6521|im süden ist es morgen erneut ruhig und es bleibt meist trocken
01February_2011_Tuesday_tagesschau-4975|in den nächsten tagen wird es dann bei uns milder
12May_2010_Wednesday_tagesschau-318|am tag elf grad im <unk> bis zu achtzehn grad am oberrhein
06December_2011_Tuesday_heute-1554|ihnen einen schönen abend und machen sie es gut
30March_2011_Wednesday_tagesschau-7130|im osten und südosten ist es heute nacht meist noch trocken örtlich gibt es auch kräftige schauer und gewitter
30November_2009_Monday_tagesschau-5755|am tag plus vier grad im breisgau und minus sechs grad im <unk>
18November_2009_Wednesday_tagesschau-5585|in der nacht ist es überwiegend dicht bewölkt oder neblig, teilweise klar.
09August_2009_Sunday_tagesschau-1181|am sonntag wird es im süden und westen wieder freundlicher.
02December_2011_Friday_tagesschau-8009|heute nacht fällt in den alpen noch etwas regen im bergland auch schnee
24January_2013_Thursday_heute-7254|und nun die wettervorhersage für morgen mittwoch den ersten november
20July_2010_Tuesday_tagesschau-7877|am tag sieben grad im allgäu und dreizehn grad im sauerland
06October_2012_Saturday_tagesschau-8744|am mittwoch ist es im norden und westen überwiegend freundlich.
06April_2010_Tuesday_tagesschau-308|der wind weht schwach bis mäßig aus verschiedenen richtungen
13August_2009_Thursday_tagesschau-8487|der wind weht schwach bis mäßig aus west bis südwest
29January_2010_Friday_tagesschau-6490|in der nacht regnet es im süden und osten teilweise länger ergiebig am alpenrand gibt es noch <unk> der morgen nachmittag einzelne <unk>
23August_2010_Monday_tagesschau-4430|und es wird auch noch wärmer
23July_2011_Saturday_tagesschau-5498|am sonntag wird es dann aus westen milder, und es fallen nur noch schauer
12March_2011_Saturday_tagesschau-2455|am wochenende wird es ebenfalls deutlich wärmer und es wird auch deutlich milder.
13July_2009_Monday_tagesschau-7513|im westen und nordwesten treten heute nacht vereinzelt schauer oder gewitter auf, die im südosten unwetterartig ausfallen können.
23August_2010_Monday_heute-5320|am sonntag beginnt es im westen und südwesten freundlich, sonst ziehen regen und auch regenwolken auf.
23November_2011_Wednesday_tagesschau-973|und nun die wettervorhersage für morgen, <unk> den fünfundzwanzigsten august
06January_2010_Wednesday_heute-3523|heute nacht gibt es vor allem in der mitte und im süden weitere <unk>
08February_2010_Monday_tagesschau-2796|und nun die wettervorhersage für morgen, <unk> den 29. mai
23May_2011_Monday_heute-6466|und dann wird es schnee werden
28May_2010_Friday_tagesschau-7496|das <unk> das sich von großbritannien nach mitteleuropa zieht bestimmt unser wetter
26March_2011_Saturday_tagesschau-5730|im süden beginnt es teilweise zu regnen.
23January_2011_Sunday_tagesschau-7834|am dienstag fällt in der osthälfte noch schnee oder schneeregen bis in niedrige lagen.
17May_2010_Monday_tagesschau-8477|am sonntag und mittwoch ist es im westen meist freundlich später vor allem im süden
04February_2010_Thursday_heute-7966|der wind weht morgen nur schwach bis mäßig im norden frisch mit starken bis stürmischen böen an der nordsee und auf den bergen teilweise sturmböen
02December_2010_Thursday_heute-8444|und jetzt wünsche ich ihnen noch einen angenehmen abend
15September_2010_Wednesday_heute-2476|und es wird dann auch nicht mehr so kalt
31May_2011_Tuesday_tagesschau-4294|und es wird auch noch ein bisschen heißer
15September_2010_Wednesday_tagesschau-5209|am mittwoch gibt es im norden und osten <unk> im süden ist es windig.
20October_2009_Tuesday_tagesschau-3595|der wind weht schwach bis mäßig aus unterschiedlichen richtungen
09August_2010_Monday_heute-5906|und es wird auch nicht ganz so kalt, es sind dabei in den nächsten stunden
25November_2010_Thursday_tagesschau-2530|am samstag wird es dann etwas milder, und es wird auch milder.
02September_2010_Thursday_heute-3457|und morgen wird es dann am wochenende im westen etwas wärmer
11January_2011_Tuesday_heute-8176|am sonntag kommt von westen wieder regen auf er auf und bringt dann wolken
10August_2010_Tuesday_tagesschau-3865|im süden ist es meist trocken und zum teil längere zeit freundlich
26October_2010_Tuesday_tagesschau-5789|am sonntag wird es im westen und nordwesten etwas regen oder schnee geben
04January_2010_Monday_heute-7399|am tag minus zehn grad im <unk> und bis zu minus ein grad am oberrhein
23August_2010_Monday_tagesschau-4429|der wind weht morgen schwach bis mäßig im norden frisch bis stark mit sturmböen im bergland
08December_2009_Tuesday_heute-4212|und es wird dann auch in den nächsten tagen
01March_2011_Tuesday_tagesschau-2209|das hoch über skandinavien bestimmt morgen unser wetter
20March_2010_Saturday_heute-7288|am mittwoch und donnerstag gibt es im äußersten westen und südwesten noch <unk>
31May_2011_Tuesday_tagesschau-4295|am tag zehn grad im westen und bis zu fünfzehn grad am oberrhein
19February_2010_Friday_tagesschau-4101|in den nächsten tagen wird es wechselhaft, jedoch nicht mehr ganz so kalt
01February_2011_Tuesday_heute-4637|am sonntag schwacher bis mäßiger wind aus südlicher bis südwestlicher richtung
04July_2011_Monday_heute-6441|und nun wünsche ich ihnen einen schönen abend
01December_2011_Thursday_heute-3058|am sonntag ist es im südosten verbreitet freundlich
29April_2010_Thursday_heute-8622|am tag achtzehn grad im allgäu bis siebenundzwanzig grad
30May_2011_Monday_heute-3677|und das ganze schließlich bei uns alle insgesamt wechselhaft und auch mit regen
18November_2009_Wednesday_tagesschau-5587|im norden weht der wind schwach bis mäßig, an den küsten auch stark aus süd bis <unk>
08April_2010_Thursday_tagesschau-3949|schwacher bis mäßiger wind aus west bis nordwest nach südost im westen weht er aus südwest bis <unk>
08April_2010_Thursday_heute-4004|bei schauern und gewittern können sturmböen auftreten, sonst weht der wind meist nur schwach aus verschiedenen <unk>
22January_2010_Friday_tagesschau-907|am montag gibt es im norden nur wenig <unk> im süden bleibt es weitgehend trocken.
08October_2009_Thursday_tagesschau-5349|und in den nächsten tagen naja
03February_2011_Thursday_tagesschau-938|am sonntag wird es dann aus westen allmählich wieder freundlicher
01July_2011_Friday_tagesschau-2766|morgen liegen die temperaturen zwischen einem und zwanzig grad am oberrhein
17October_2009_Saturday_tagesschau-2133|am sonntag unbeständiges wetter mit schauern und einzelnen gewittern
06October_2012_Saturday_tagesschau-8730|am tag elf grad in der <unk> bis zu achtzehn grad.
10December_2009_Thursday_tagesschau-7482|und nun die wettervorhersage für morgen mittwoch den dreizehnten september
21August_2011_Sunday_tagesschau-265|im süden gibt es nach wie vor am nachmittag vereinzelte schauer oder <unk>
07February_2011_Monday_tagesschau-1612|heute nacht gibt es noch wenige <unk> und im norden ist es stellenweise klar.
26October_2010_Tuesday_tagesschau-5796|am freitag wird es ebenfalls sehr windig
22January_2011_Saturday_tagesschau-2080|es weht ein schwacher bis mäßiger wind aus süd bis südwest
30January_2013_Wednesday_tagesschau-475|das tief bei frankreich zu uns strömt wird dann deutlich milder
02November_2010_Tuesday_tagesschau-2039|am wochenende wird es von westen her immer freundlicher
09June_2010_Wednesday_heute-8266|am mittwoch wird es in den kommenden tagen wärmer, es ist den ganzen tag über recht freundlich.
01June_2010_Tuesday_tagesschau-5002|und nun die wettervorhersage für morgen mittwoch den fünfundzwanzigsten august
15October_2009_Thursday_tagesschau-7719|am tag minus fünf grad im bayerischen wald und bis zu plus sechs grad
20October_2010_Wednesday_heute-8493|heute nacht gibt es vor allem in der mitte und im süden noch länger <unk>
25August_2010_Wednesday_heute-6009|und das wird auch noch nicht viel regen kommen
22November_2009_Sunday_tagesschau-5490|am wochenende wird es dann aus südwestlicher richtung freundlicher.
04July_2010_Sunday_tagesschau-7198|und nun die wettervorhersage für morgen, <unk> den fünfundzwanzigsten juli
29September_2011_Thursday_heute-4235|ihnen einen schönen abend und machen sie es gut
29September_2012_Saturday_tagesschau-2967|am mittwoch und am mittwoch kommt von westen regen und es wird allmählich wieder freundlicher
29April_2010_Thursday_heute-8625|aber in den nächsten tagen wird es noch wärmer, da werden wir die temperaturen zwischen zehn und elf grad bleibt es auch in den nächsten tagen noch kalt, also bis
25August_2009_Tuesday_tagesschau-7093|am sonntag und montag wird es im norden langsam wieder freundlicher.
29March_2010_Monday_tagesschau-8384|und nun die wettervorhersage für morgen samstag den dreizehnten juli
24December_2010_Friday_tagesschau-5129|der wind weht schwach bis mäßig aus südwestlicher bis zu frisch
12January_2010_Tuesday_heute-2545|dabei fließt weiterhin kalte luft polaren ursprungs und es fällt teilweise bis in die niederungen hinein.
03July_2009_Friday_tagesschau-2003|am tag elf grad in oberfranken und sechzehn grad am oberrhein
29June_2011_Wednesday_tagesschau-4482|am wochenende wird es dann auch wieder freundlicher und zudem milder.
28November_2011_Monday_tagesschau-172|in der nacht heute minus drei grad am <unk> minus sechs grad.
03July_2011_Sunday_tagesschau-1674|und es wird dann auch noch nicht mehr so kalt
28September_2009_Monday_tagesschau-4679|und nun die wettervorhersage für morgen, <unk> den 13. september
01October_2009_Thursday_tagesschau-417|morgen liegen die werte zwischen sieben und neun grad am rhein
24January_2013_Thursday_heute-7265|und nun die wettervorhersage für morgen, <unk> den dreiundzwanzigsten september
20October_2010_Wednesday_heute-8494|am tag minus fünf grad im bayerischen wald und bis zu plus sechs grad
14August_2009_Friday_tagesschau-72|morgen liegen die temperaturen im westen bei zweiundzwanzig grad, bis mittwoch verläuft freundlich mit dreißig grad.
04July_2011_Monday_heute-6440|und nun die wettervorhersage für morgen, <unk> den sechsundzwanzigsten märz
25April_2010_Sunday_tagesschau-4951|am sonntag wird es dann sogar wieder freundlicher
29June_2010_Tuesday_tagesschau-7704|der wind weht schwach bis mäßig im norden und in den hochlagen auch frisch
21July_2009_Tuesday_tagesschau-8061|am tag fünf grad im allgäu bis zu zehn grad im norden
24September_2009_Thursday_heute-6077|zwischen dem hoch über südosteuropa und dem tief über dem mittelmeer fließt weiterhin kalte luft nach deutschland
20May_2010_Thursday_tagesschau-3151|und nun die wettervorhersage für morgen, <unk> den fünfundzwanzigsten november
16July_2011_Saturday_tagesschau-7524|gegen abend breitet sich von westen her regen aus, und es regnet bereits kräftig und im bergland und im norden können auch mit dabei sein
11August_2010_Wednesday_tagesschau-2|in den nächsten tagen wird es dann von südwesten langsam freundlicher
17January_2010_Sunday_tagesschau-5555|im südwesten wird es jedoch schon wieder freundlicher.
31August_2010_Tuesday_tagesschau-5174|der wind weht schwach bis mäßig aus südwest bis west
24April_2010_Saturday_tagesschau-3963|am sonntag wird es dann zumindest im westen wieder freundlicher.
23May_2011_Monday_heute-6461|heute nacht verbreiten sich leichter frost oder temperaturen knapp am <unk>
26August_2010_Thursday_tagesschau-4265|und nun die wettervorhersage für morgen, <unk> den 29. august
25August_2009_Tuesday_tagesschau-7094|die aussichten am sonntag sind im süden und osten teilweise kräftige schauer und gewitter möglich sonst ist es meist wolkig mit einzelnen schauern
