23August_2010_Monday_heute-5321|in der nacht regnet es im süden und südosten hier und da auch noch etwas
22November_2010_Monday_heute-279|und das wird jetzt sehr schnell bei uns in den nächsten tagen wechselhaftes wetter mit schauern und teilweise auch mit gewittern
26September_2009_Saturday_tagesschau-2333|und nun die wettervorhersage für morgen, <unk> den siebten september
17April_2010_Saturday_tagesschau-396|der wind weht schwach bis mäßig an der nordsee auch frisch aus <unk>
30November_2010_Tuesday_tagesschau-4620|im laufe des tages verlagert sich der regen nach <unk> und es klart teilweise auf.
22November_2011_Tuesday_tagesschau-3647|am samstag ist es im süden recht freundlich sonst ist es bewölkt
05February_2010_Friday_tagesschau-2919|heute nacht gibt es im norden und osten zum teil starke <unk> ansonsten bleibt es trocken.
12February_2010_Friday_tagesschau-125|am samstag gibt es dann überall viel <unk>
03July_2011_Sunday_tagesschau-1673|am samstag wird es dann insgesamt etwas milder.
21April_2010_Wednesday_heute-3122|in den nächsten tagen wird es allmählich milder, und es wird dort nicht ganz so kalt sein
23April_2010_Friday_tagesschau-3667|in der nacht heute liegen die temperaturen zwischen neun und null grad im vogtland und an der <unk>
22June_2011_Wednesday_heute-4381|und das liegt bereits über großbritannien und das liegt deutschland genau über mitteleuropa
30September_2012_Sunday_tagesschau-4033|heute nacht beträgt die temperatur an der nordsee plus vier grad, am alpenrand minus zwei grad.
09May_2011_Monday_tagesschau-8583|am mittwoch wird es dann aus westen wieder freundlicher, und am mittwoch wird es wieder wärmer.
04February_2010_Thursday_heute-7970|und es wird dann auch im westen etwas kühler, und am wochenende mit glatteisregen geben, falls der boden für uns alle werden auch sehr glatt werden.
24October_2009_Saturday_tagesschau-4284|im norden machen sich allerdings wolken eines atlantischen tiefs über deutschland bemerkbar.
13August_2011_Saturday_tagesschau-1409|in der nacht regnet es im süden und südosten teilweise kräftig im bergland sind sturmböen möglich
03October_2012_Wednesday_tagesschau-7651|und nun die wettervorhersage für morgen, <unk> den dreizehnten september
07June_2010_Monday_heute-2322|und es wird dann auch in den nächsten tagen wärmer, doch die werden erst am sonntag wird es bei uns allmählich milder
10August_2009_Monday_heute-6892|und das wird auch noch sehr eisig kalt, und morgen minus sechs bis minus acht grad.
16September_2010_Thursday_tagesschau-6272|am freitag gibt es viele wolken, die hier und da regen oder <unk> die stellenweise auch <unk>
06February_2011_Sunday_tagesschau-6917|am montag beruhigt sich das wetter und es wird wieder etwas regnen.
02November_2010_Tuesday_tagesschau-2031|im süden ist es am freundlichsten und es ist zeitweise auch in der mitte
25November_2010_Thursday_tagesschau-2536|im norden gibt es heute nacht viele wolken, vereinzelt fällt etwas <unk> der in der mitte und im süden ist es klar.
26January_2010_Tuesday_tagesschau-2787|in der nacht regnet es im westen und nordwesten hier und da im süden auch etwas schnee
26November_2011_Saturday_tagesschau-5848|im norden gibt es teilweise kräftige <unk> ansonsten weht er schwach bis mäßig aus unterschiedlichen <unk>
17February_2011_Thursday_tagesschau-6307|in der nacht ist es überwiegend klar, und hier und da bildet sich nebel oder <unk>
29September_2009_Tuesday_tagesschau-8538|in den nächsten tagen wird es bei uns eher wechselhaftes wetter mit <unk> wolken und <unk>
01July_2011_Friday_tagesschau-2763|im norden und westen gibt es heute nacht noch einige schauer und gewitter die örtlich unwetterartig sein können
22April_2010_Thursday_heute-2124|und das wird jetzt sehr angenehme <unk>
24November_2011_Thursday_heute-222|im norden gibt es heute nacht nur einstellige <unk>
22August_2010_Sunday_tagesschau-1345|der wind weht schwach bis mäßig an der nordsee auch frisch aus west bis <unk>
24January_2011_Monday_heute-6983|und nun die wettervorhersage für morgen, <unk> den ersten dezember
03July_2009_Friday_tagesschau-2008|im süden und südwesten fällt heute nacht zeitweise <unk> im westen gibt es einige <unk> die örtlich auch unwetterartig ausfallen können.
21August_2011_Sunday_tagesschau-264|im westen wird es später freundlicher
27August_2009_Thursday_tagesschau-3276|am freitag gibt es im norden und osten zum teil kräftige <unk> und es ist windig.
22January_2011_Saturday_tagesschau-2082|am freitag wird es dann allmählich wieder etwas freundlicher, wenn die sonne sich am ehesten wieder öfter zeigt.
26May_2010_Wednesday_heute-7867|am samstag gibt es viele wolken und nur vereinzelt fallen schauer
26August_2009_Wednesday_tagesschau-3225|am freitag fällt in der südosthälfte gebietsweise schnee sonst teils sonne teils wolken und teilweise regen
25January_2013_Friday_tagesschau-7813|am samstag breitet sich aus westen regen aus örtlich weiter kräftiger regen aus
24January_2013_Thursday_tagesschau-6327|heute nacht sind es drei grad an der nordsee und minus ein grad an den alpen
24June_2011_Friday_tagesschau-4073|am samstag wird es von westen her etwas freundlicher, und am sonntag scheint die sonne wieder verbreitet.
04October_2010_Monday_heute-5954|und es wird dann auch am wochenende vorübergehend auch mildere luft
19May_2010_Wednesday_heute-1119|in der nacht ziehen die wolken über den norden und nordwesten auf, stellenweise fällt <unk>
01October_2010_Friday_tagesschau-2691|und nun die wettervorhersage für morgen, <unk> den fünfundzwanzigsten juli
20September_2010_Monday_heute-2935|und das wird auch noch sehr wechselhaft, aber am wochenende wird es bei uns allmählich etwas milder.
10August_2011_Wednesday_tagesschau-6303|in der nacht regnet es im norden und <unk> im süden ist es teils klar teils wolkig
07December_2011_Wednesday_tagesschau-5399|am samstag zieht von nordwesten wieder regen heran
24January_2011_Monday_tagesschau-3712|das hoch über der nordsee zieht über deutschland weiter ostwärts
24July_2011_Sunday_tagesschau-6622|und es wird dann auch ziemlich kühl
30March_2011_Wednesday_tagesschau-7127|am samstag wird es dann aus westen wieder freundlicher, und am sonntag gibt es viel <unk>
11August_2010_Wednesday_tagesschau-3|im nordwesten gibt es jedoch auch dichtere wolken, die sich am sonntag wird es allmählich wieder wärmer.
16February_2010_Tuesday_tagesschau-6098|in der nacht ist es überwiegend bedeckt, entweder durch <unk> später beginnt es im <unk> später breiten sich im laufe der nacht teilweise kräftige <unk>
08January_2010_Friday_tagesschau-3984|am freitag wird es aus westen allmählich wieder etwas freundlicher, wenn die sonne wieder öfter scheint, wird es wieder häufiger als die wolken mit schauern und <unk>
30November_2011_Wednesday_tagesschau-6289|am samstag wird es dann etwas freundlicher, wenn der nebel weg ist, erscheint
08December_2009_Tuesday_heute-4211|guten abend liebe zuschauer
12July_2009_Sunday_tagesschau-2574|im norden weht der wind schwach bis mäßig aus nordost
23April_2010_Friday_tagesschau-3668|am dienstag wird es insgesamt etwas freundlicher, aber auch wieder kälter.
20June_2011_Monday_tagesschau-1253|im osten und süden wird es morgen noch regnen im norden wird es langsam freundlicher
21October_2009_Wednesday_tagesschau-735|das hoch über großbritannien sorgt dafür dass es im westen gewittriger wird es in deutschland und in der nacht und morgen früh werden
09March_2011_Wednesday_heute-1742|und das wird sich an diesem wetter immer noch weiter ausbreiten die die abkühlung werden und die wolken im laufe des tages nach osten ziehen.
13May_2010_Thursday_tagesschau-7926|und es wird auch tagsüber für uns alle kühl
25September_2010_Saturday_tagesschau-3480|und nun die wettervorhersage für morgen, <unk> den siebten september
10January_2011_Monday_tagesschau-6404|am freitag wird es allmählich wieder etwas freundlicher, wenn sich die sonne wieder öfter zeigt.
25August_2009_Tuesday_tagesschau-7091|und es wird dann auch sehr windig
29November_2011_Tuesday_tagesschau-5612|das hoch über großbritannien sorgt morgen bei uns morgen bei uns für sonnenschein
27August_2009_Thursday_tagesschau-3285|guten abend liebe zuschauer
23November_2011_Wednesday_tagesschau-984|am montag gibt es teils <unk> teils wolken und <unk> die im norden auch heftig mit starkregen und <unk>
26April_2010_Monday_tagesschau-7271|in der nacht heute liegen die temperaturen zwischen minus eins und plus sechs grad im <unk>
11October_2010_Monday_tagesschau-4607|und es wird auch sehr eisig kalt mit minus acht bis minus acht grad
17October_2009_Saturday_tagesschau-2127|am montag gibt es in der südhälfte noch <unk> in der mitte und im süden fällt stellenweise <unk>
10January_2011_Monday_tagesschau-6409|heute nacht gibt es im süden noch einzelne schauer
26September_2009_Saturday_tagesschau-2342|heute nacht sind es achtzehn grad an der nordsee und bis zu einundzwanzig grad im <unk>
06July_2010_Tuesday_tagesschau-2654|in der nacht ist es im norden teilweise dicht bewölkt oder neblig trüb
29October_2009_Thursday_tagesschau-1011|und nun die wettervorhersage für morgen, <unk> den dreißigsten juni
27May_2011_Friday_tagesschau-8122|das hoch über großbritannien sorgt dafür, dass es in den kommenden tagen bei uns regnet.
19August_2010_Thursday_tagesschau-995|am samstag gibt es viele wolken, die hier und da <unk>
25January_2010_Monday_tagesschau-8305|an der nordsee gibt es bei schauern und gewittern starke <unk>
20October_2009_Tuesday_tagesschau-3594|heute nacht drei grad am niederrhein und minus drei grad an den alpen
06May_2011_Friday_tagesschau-6438|und die temperaturen liegen morgen bei null grad im westen und <unk> bei uns
20February_2011_Sunday_tagesschau-3166|am montag wird es dann aus südwesten wieder freundlicher
02December_2011_Friday_tagesschau-8010|im norden gibt es heute nacht noch einzelne schauer und gewitter
30March_2010_Tuesday_tagesschau-5694|und nun die wettervorhersage für morgen, <unk> den zweiundzwanzigsten juni
28September_2012_Friday_tagesschau-922|am samstag wird es dann insgesamt etwas freundlicher, aber auch am sonntag wird es dann recht kühl und wechselhaft
30November_2010_Tuesday_tagesschau-4618|von westen her breitet sich ein tief mit wolken und regen aus
25January_2013_Friday_tagesschau-7815|am samstag gibt es viel <unk> im süden ist es recht windig.
29November_2011_Tuesday_tagesschau-5619|heute nacht gibt es an der nordsee leichten frost an der nordsee bis minus zwei grad
30July_2011_Saturday_tagesschau-8591|und das wetter wird dann auch in den nächsten tagen bei uns in den nächsten tagen in deutschland endlich mal klar und das heißt vielleicht auch am samstag ein paar
26January_2010_Tuesday_heute-107|und das wird jetzt noch einen schönen abend
30August_2011_Tuesday_heute-783|am samstag wird es dann allmählich wieder freundlicher
26July_2010_Monday_tagesschau-6256|und nun die wettervorhersage für morgen, <unk> den vierzehnten dezember
29June_2010_Tuesday_tagesschau-7705|heute nacht beträgt die temperatur an der nordsee plus ein grad und im nordwesten
30November_2009_Monday_tagesschau-5749|heute nacht gibt es im westen und süden teilweise kräftige <unk> sonst ist es meist sternenklar.
21November_2011_Monday_heute-5434|am tag dann vierzehn grad im vogtland und bis zu siebenundzwanzig grad in der lausitz
29May_2011_Sunday_tagesschau-764|der wind weht schwach bis mäßig aus west bis <unk>
12November_2009_Thursday_tagesschau-6772|am samstag gibt es viele wolken, hier und da <unk>
10August_2010_Tuesday_heute-1455|in der nacht regnet es im süden und südosten teilweise kräftig im bergland sind sturmböen möglich
06January_2010_Wednesday_heute-3530|und es weht ein schwacher bis mäßiger wind aus west bis nordwest
20November_2010_Saturday_tagesschau-1823|am samstag wird es von westen wieder freundlicher und auch wieder wärmer.
18October_2010_Monday_heute-629|im bergland fällt zunehmend schnee
01November_2010_Monday_tagesschau-140|am freitag gibt es im norden einige schauer und <unk>
20October_2010_Wednesday_heute-8501|in der nacht ist es im süden und osten teilweise klar örtlich bildet sich nebel
02October_2012_Tuesday_heute-3494|und das wetter wird jetzt sehr schnell weiterziehen
22July_2010_Thursday_tagesschau-8194|und nun die wettervorhersage für morgen, <unk> den dreißigsten juli
01December_2011_Thursday_heute-3060|und das wetter wird dann auch nicht ändern wir sehen es sich nicht viel so weiter in den nächsten tagen nichts wissen die zwanzig grad sinken.
28February_2011_Monday_tagesschau-4984|heute nacht gibt es hier und da schauer und gewitter die wieder unwetterartig sein können
21November_2009_Saturday_tagesschau-4906|in der nacht heute minus drei grad im <unk> plus fünf grad.
11December_2009_Friday_tagesschau-3509|und das wird auch noch verstärken das nächste tief das wird eben auch noch weiter schneien
23May_2011_Monday_tagesschau-1097|das hoch über großbritannien sorgt dafür, dass kalte luft in den nächsten tagen bei uns hinwegziehen.
19March_2011_Saturday_tagesschau-4690|am tag regnet es hier und da etwas im <unk> und <unk> es gibt nur noch einzelne <unk>
19March_2011_Saturday_tagesschau-4697|im norden und westen lockert es sich zunehmend auf
20September_2010_Monday_tagesschau-7029|im bergland verwandelt sich der regen zunehmend in <unk>
02October_2009_Friday_tagesschau-1354|am tag gibt es abwechselnd sonne und wolken, wobei es am ehesten im westen und südwesten einzelne schauer fallen.
30September_2012_Sunday_tagesschau-4038|am samstag wird es dann insgesamt etwas freundlicher, aber auch wieder kälter.
27August_2009_Thursday_tagesschau-3284|am samstag wird es dann zumindest ein wenig freundlicher tag
05February_2011_Saturday_tagesschau-7855|heute nacht gibt es im westen und süden stellenweise starken <unk> sonst ist es überwiegend klar.
12December_2011_Monday_heute-5806|und das liegt an den küsten noch ein wenig, doch erste regenschauer und gewitter
11August_2010_Wednesday_tagesschau-8|der wind weht schwach bis mäßig im norden frisch an der see stark böig aus ost bis <unk>
23September_2009_Wednesday_tagesschau-7593|am samstag gibt es viele wolken und zum teil kräftige schauer und gewitter
03February_2011_Thursday_tagesschau-939|morgen temperaturen von achtzehn grad im allgäu bis sechsundzwanzig grad im breisgau
02October_2009_Friday_tagesschau-1355|und das wird jetzt sehr schnell noch regen geben.
12July_2011_Tuesday_heute-1280|am samstag wird es dann vorübergehend milder
24January_2011_Monday_heute-6980|und es wird dann auch sehr kalt, und am samstag wird es dann in den nächsten tagen allmählich etwas milder.
04May_2011_Wednesday_heute-3996|und es wird dann auch im westen etwas kühler, auch am wochenende und am sonntag wird es bei uns allmählich wieder nach.
06December_2011_Tuesday_tagesschau-6842|im norden und westen gibt es heute nacht noch einige schauer und gewitter die im osten ziehen unwetterartig sein können
12November_2009_Thursday_tagesschau-6771|in der nacht regnet es im norden und osten hier und da sonst ist es meist sternenklar
12July_2010_Monday_heute-244|am freitag wird es von westen her allmählich freundlicher, wenn sich die sonne wieder öfter zeigt.
28December_2011_Wednesday_tagesschau-1911|am tag regnet es im süden und osten hier und da auch etwas sonst ist es meist freundlich
03September_2010_Friday_tagesschau-8432|und nun die wettervorhersage für morgen, <unk> den achtzehnten september
10August_2009_Monday_heute-6891|und es wird auch noch etwas kühler als heute sein, was bedeutet, dass es am wochenende hin und wieder ganz deutschland liegt weiterhin um den <unk>
27September_2009_Sunday_tagesschau-2169|im süden weht der wind schwach bis mäßig, an der nordsee auch frisch.
09February_2010_Tuesday_tagesschau-4495|das hoch über großbritannien sorgt dafür, dass es im westen zu uns gelangt.
09August_2009_Sunday_tagesschau-1182|und das wird jetzt sehr schnell weiterziehen
28September_2012_Friday_tagesschau-916|am samstag ist es im westen und nordwesten freundlich sonst wird es langsam wieder freundlicher
19January_2011_Wednesday_heute-2680|in der nacht ist es im nordwesten meist trocken, sonst ist es teils klar, teils bewölkt.
02December_2010_Thursday_heute-8445|und es wird dann auch tagsüber etwas kühler, es wird am wochenende vorübergehend auch mit schnee und regen bringen.
19January_2011_Wednesday_tagesschau-7068|und nun die wettervorhersage für morgen, <unk> den achtzehnten januar
15February_2011_Tuesday_tagesschau-7468|und nun die wettervorhersage für morgen, <unk> den siebten juli
18November_2009_Wednesday_tagesschau-5583|und das nächste regengebiet folgt genau aus <unk>
28November_2011_Monday_tagesschau-168|in der nacht regnet es in der nordhälfte gebietsweise im süden ist es sehr windig.
10March_2011_Thursday_tagesschau-5086|am samstag gibt es im norden und westen einige schauer und <unk> die örtlich unwetterartig sein können.
05September_2009_Saturday_tagesschau-4078|und nun die wettervorhersage für morgen, <unk> den dreißigsten september
01April_2010_Thursday_heute-6697|im norden gibt es morgen viele wolken, die hier und da regen oder <unk>
04January_2010_Monday_heute-7401|im norden und westen weht der wind schwach bis mäßig aus west bis <unk>
29November_2009_Sunday_tagesschau-7043|morgen wird es dann aus westen milder, und es gibt aber es dann auch einige schauer und gewitter im osten ziehen auch heftig mit starkregen hagel
03September_2010_Friday_tagesschau-8424|in der nacht heute liegen die temperaturen zwischen neun und null grad.
29March_2011_Tuesday_tagesschau-8117|und es wird auch sehr kalt, und in den nächsten tagen wird es bei uns etwas milder werden.
12December_2011_Monday_tagesschau-8281|am mittwoch gibt es im süden und osten zum teil kräftige <unk>
09December_2009_Wednesday_tagesschau-2561|im norden bleibt es meist trocken und teilweise längere zeit klar,
23May_2011_Monday_heute-6459|und es wird auch sehr kalt, und morgen wird es dann in den nächsten stunden in norddeutschland hinwegziehen.
29November_2011_Tuesday_heute-8095|am mittwoch wird es dann wieder freundlicher
11April_2010_Sunday_tagesschau-8639|im norden weht der wind schwach bis mäßig, an der see frisch mit starken bis stürmischen <unk>
07April_2010_Wednesday_heute-1631|in der nacht heute liegen die temperaturen zwischen neun und null grad.
20July_2010_Tuesday_tagesschau-7883|in der nacht regnet es im westen und südwesten hier und da im osten noch teilweise kräftige schauer
01February_2011_Tuesday_tagesschau-4976|am dienstag wird es von westen her zunehmend freundlicher, mit etwas schnee oder <unk>
04July_2009_Saturday_tagesschau-3345|am dienstag gibt es in der nordwesthälfte viele wolken und zeitweise regen und es regnet vereinzelt.
20March_2010_Saturday_heute-7296|in der nacht regnet es im süden und südosten teilweise länger anhaltend sonst ist es meist sternenklar.
09August_2010_Monday_tagesschau-3004|am montag gibt es teils <unk> teils wolken und <unk> die im norden auch regen und <unk>
10December_2011_Saturday_tagesschau-5422|und es wird auch noch ein wenig regnen
04April_2011_Monday_heute-966|am mittwoch wird es dann milder
01May_2010_Saturday_tagesschau-7197|am tag gibt es mal <unk> mal wolken, vor allem im norden und westen gibt es einzelne <unk>
09August_2009_Sunday_tagesschau-1179|das hoch über dem atlantik bringt dem atlantik dem atlantik deutschlands teilweise noch wolken und regen
31May_2011_Tuesday_heute-1899|und das wetter wird dann insgesamt etwas freundlicher, wenn sich die sonne sich am sonntag wieder öfter zeigt.
11February_2011_Friday_tagesschau-7755|und jetzt die <unk> für morgen, <unk> den 8. dezember
29April_2010_Thursday_heute-8623|am freitag wird es dann überall wechselhaft sein
03September_2010_Friday_tagesschau-8423|und das wetter wird dann auch nicht ganz so kalt sein
18November_2011_Friday_tagesschau-2143|das hoch über der biskaya dehnt sich nach mitteleuropa aus
19October_2009_Monday_tagesschau-229|und das wird jetzt sehr angenehme temperaturen
30November_2011_Wednesday_tagesschau-6292|am samstag ist es im süden ziemlich freundlich, sonst gibt es mehr wolken als sonne und zeitweise <unk>
16September_2010_Thursday_tagesschau-6276|heute nacht ist es verbreitet klar oder nur gering bewölkt später bildet sich nebel und hochnebel im westen
04August_2011_Thursday_tagesschau-718|am samstag wird es dann wechselhaft und sehr windig
20December_2010_Monday_tagesschau-3199|im nordwesten gibt es heute nacht nur wenige <unk> im süden ist es teils klar und trocken.
13February_2010_Saturday_tagesschau-6036|und nun die wettervorhersage für morgen, <unk> den vierzehnten april
12July_2011_Tuesday_heute-1274|das hoch über großbritannien sorgt dafür, dass kalte luft in den kommenden stunden in den nächsten tagen
30November_2011_Wednesday_tagesschau-6291|am samstag wird es dann schon wieder freundlicher und am sonntag
26March_2011_Saturday_tagesschau-5731|am montag gibt es im norden und westen einige schauer und gewitter
11May_2010_Tuesday_tagesschau-1960|und nun die wettervorhersage für morgen, <unk> den zwölften oktober
07February_2011_Monday_tagesschau-1613|im norden weht der wind schwach bis mäßig, an der küste auch frisch.
22March_2011_Tuesday_tagesschau-4956|heute nacht ist es teils bewölkt, teils klar.
24January_2010_Sunday_tagesschau-8710|im süden ist es recht freundlich und es gibt nur einzelne schauer und <unk>
07June_2010_Monday_heute-2327|und das wird jetzt sehr schnell weiterziehen
04October_2010_Monday_heute-5945|guten abend liebe zuschauer
20December_2010_Monday_tagesschau-3208|am tag minus sechs grad im norden und plus fünf grad an der nordsee
14October_2009_Wednesday_tagesschau-529|im norden gibt es heute nacht noch einzelne schauer
04July_2010_Sunday_tagesschau-7199|am tag regnet es in der nordwesthälfte ab und zu, während es im süden teilweise freundlich ist.
09February_2010_Tuesday_tagesschau-4496|und es wird auch noch ein bisschen heißer
25August_2010_Wednesday_heute-6001|heute nacht zieht ein sturmtief über die nordsee über die nordsee ostwärts ziehen.
07April_2011_Thursday_tagesschau-8102|von westen her wird es vorübergehend milder, und es schneit aber auch am samstag wird es schon wieder leicht
10February_2010_Wednesday_tagesschau-2524|am mittwoch gibt es neben wolken und nebelfeldern auch <unk>
06February_2011_Sunday_tagesschau-6914|heute nacht gibt es im nordwesten nur zwei grad an der nordsee und minus sieben grad im <unk>
07December_2010_Tuesday_heute-5626|am sonntag gibt es im süden und osten noch <unk> sonst ist es meist freundlich.
18October_2010_Monday_heute-630|am tag dann viel sonne
25August_2009_Tuesday_tagesschau-7090|heute nacht ist es teils locker bewölkt teils klar
16April_2010_Friday_tagesschau-6577|das hoch über großbritannien sorgt dafür dass es im norden und osten deutschlands morgen für sonniges wetter erreicht
25April_2010_Sunday_tagesschau-4952|am montag gibt es viele wolken, die hier und da regen bringen.
03March_2011_Thursday_tagesschau-7064|und nun die wettervorhersage für morgen, <unk> den fünfundzwanzigsten dezember
24November_2011_Thursday_heute-223|in der nacht regnet es in der mitte und im süden ist es teilweise klar teilweise bildet sich nebel
05April_2011_Tuesday_tagesschau-6420|von westen her wird es später freundlicher
01July_2009_Wednesday_tagesschau-4555|am tag dann vierzehn grad an der nordsee und bis zu einundzwanzig grad im <unk>
28September_2009_Monday_tagesschau-4680|und es wird dann auch an den küsten nicht ganz so kalt mit temperaturen bis minus drei grad
09January_2010_Saturday_tagesschau-1919|und jetzt die wettervorhersage für morgen, <unk> den 7. dezember
10August_2011_Wednesday_tagesschau-6304|im übrigen land gibt es viel <unk> nur am nachmittag gibt es im norden und westen <unk>
01July_2011_Friday_tagesschau-2765|heute nacht gibt es im norden und westen stellenweise schauer oder <unk> die auch unwetterartig auftreten können.
03November_2010_Wednesday_tagesschau-6506|im norden bleibt es meist klar und trocken. östlich der elbe zeigt sich die sonne morgen am häufigsten, während sich vor allem im süden und westen später erneut mächtige quellwolken
20March_2010_Saturday_heute-7297|im bergland verwandelt sich der regen zunehmend in schnee
14April_2010_Wednesday_heute-1881|und das wetter wird auch nicht ganz so kalt sein
02June_2010_Wednesday_heute-6796|und morgen wird es etwas kühler als heute sein, was bedeutet, dass es am wochenende hin wird es bei uns wieder milder bleibt
09August_2010_Monday_heute-5905|am samstag wird es dann insgesamt etwas freundlicher
20November_2010_Saturday_tagesschau-1824|am tag ist es zunächst noch freundlich und nur vereinzelt schauer
09April_2010_Friday_tagesschau-7623|der wind weht schwach bis mäßig aus <unk>
03November_2010_Wednesday_tagesschau-6505|in den nächsten tagen wird es allmählich milder werden.
23March_2011_Wednesday_tagesschau-8751|am freitag gibt es mal <unk> mal wolken, mal <unk> mal <unk> mal <unk> mal <unk> mal <unk> mal <unk>
17January_2011_Monday_tagesschau-7003|im norden und westen ist es heute nacht meist stark bewölkt oder neblig trüb
30August_2011_Tuesday_heute-784|und morgen wird es für uns alle etwas kühler, bevor am wochenende ein neues schon mal mit mehr wolken und nur hier im westen etwas regen gibt.
12September_2009_Saturday_tagesschau-6589|und es wird auch noch etwas wärmer als heute
20December_2010_Monday_tagesschau-3204|am freitag gibt es im norden und westen einige schauer
02June_2010_Wednesday_tagesschau-7160|heute nacht temperaturen zwischen minus fünf und minus einem grad, tagsüber dann plus drei grad im vogtland und minus zwei grad am <unk>
16September_2010_Thursday_tagesschau-6271|in der nacht regnet es in der nordhälfte gebietsweise kräftig
30October_2009_Friday_tagesschau-2276|im nordwesten und westen lockert es später auf und es lockert es später wieder auf und es wird teilweise recht freundlich.
30January_2011_Sunday_tagesschau-6345|und nun die wettervorhersage für morgen, <unk> den fünfzehnten dezember
09February_2010_Tuesday_tagesschau-4497|und es wird dann auch sehr kühl
30December_2010_Thursday_tagesschau-2236|in der nacht liegen die temperaturen zwischen plus vier und minus zwei grad, am tag dann minus fünf grad im <unk>
30July_2010_Friday_tagesschau-1520|und nun die wettervorhersage für morgen, <unk> den achtzehnten april
22April_2010_Thursday_heute-2125|ich wünsche ihnen einen schönen abend und machen sie es gut
09July_2009_Thursday_tagesschau-7110|und nun die wettervorhersage für morgen, <unk> den neunten juli
21January_2011_Friday_tagesschau-4890|und das nächste regengebiet folgt auf großbritannien morgen abend den westen
18April_2011_Monday_tagesschau-1316|am samstag ist es im norden und westen meist freundlich sonst regnet es hier und da etwas im süden scheint die sonne häufig.
09May_2011_Monday_tagesschau-8586|und das wird auch noch sehr kühle luft nach mitteleuropa
13August_2011_Saturday_tagesschau-1410|am tag weht der wind schwach bis mäßig aus west bis nordwest
27July_2010_Tuesday_heute-5261|guten abend liebe zuschauer
21November_2009_Saturday_tagesschau-4911|am sonntag wird es dann insgesamt etwas freundlicher, aber auch wieder kälter.
08October_2009_Thursday_tagesschau-5350|in der nacht regnet es im süden und südosten teilweise länger anhaltend sonst ist es meist sternenklar
16December_2009_Wednesday_tagesschau-5918|am samstag gibt es im norden einige <unk> im süden ist es recht windig.
12September_2009_Saturday_tagesschau-6591|am montag ist es im süden recht freundlich; im laufe des tages kommen einige wolken auf die im bergland fällt nur vereinzelt <unk>
23August_2010_Monday_heute-5319|im norden und westen ist es heute nacht meist trocken
12July_2011_Tuesday_heute-1279|am samstag gibt es wechselhaftes wetter mit <unk> die in der südöstlichen <unk> die örtlich unwetterartig sein können.
06August_2010_Friday_tagesschau-2172|und jetzt die wettervorhersage für morgen, <unk> den 28. september
04December_2009_Friday_tagesschau-841|der wind weht schwach bis mäßig aus west bis <unk> im nordwesten teilweise frisch und stark böig aus nordwest bis <unk>
30November_2010_Tuesday_tagesschau-4617|im übrigen land gibt es gebietsweise <unk> und es klart teilweise auf.
29September_2012_Saturday_tagesschau-2966|am samstag gibt es im norden und westen teilweise kräftige <unk> im süden ist es windig.
15December_2010_Wednesday_tagesschau-40|am tag regnet es in der nordhälfte hier und da im nordwesten auch dichtere wolken
28November_2011_Monday_heute-1587|am tag dann plus vier grad im breisgau und minus sechs grad im <unk>
23December_2010_Thursday_tagesschau-1430|und nun die wettervorhersage für morgen, <unk> den zweiundzwanzigsten november
06July_2009_Monday_tagesschau-2109|das tief, das sich von spanien bis ins südliche mitteleuropa erstreckt, weitet sich morgen weiter nach norden aus
11October_2010_Monday_tagesschau-4612|im norden und westen gibt es heute nacht örtlich leichten bodenfrost im <unk>
12September_2009_Saturday_tagesschau-6590|am tag ist es im norden wolkig mit etwas schnee oder gefrierendem regen zu rechnen.
05February_2010_Friday_tagesschau-2920|der wind weht schwach bis mäßig aus verschiedenen richtungen
14April_2010_Wednesday_heute-1892|und es wird dann auch sehr kühl
10August_2011_Wednesday_tagesschau-6305|am sonntag gibt es im westen und süden viele wolken, die hier und da regen bringen.
05May_2011_Thursday_tagesschau-25|und nun die wettervorhersage für morgen, <unk> den siebten september
23February_2011_Wednesday_heute-3780|guten abend liebe zuschauer
25June_2010_Friday_tagesschau-3884|am tag minus fünf grad im osten und plus fünf grad im norden
12July_2009_Sunday_tagesschau-2573|am freitag gibt es viele wolken und einige schauer im norden auch gewitter
16December_2011_Friday_tagesschau-6532|am samstag gibt es im norden einige <unk> im süden ist es teilweise windig.
07April_2010_Wednesday_tagesschau-6029|im norden und osten fällt heute nacht zeitweise <unk> im tagesverlauf tauchen wolken auf und stellenweise etwas regen auf die sich nach süden hin zunehmend nebel ausbreiten werden.
17January_2010_Sunday_tagesschau-5554|heute nacht gibt es hier und da einige schauer und gewitter die im norden unwetterartig sein können
27August_2009_Thursday_tagesschau-3286|am mittwoch ist es teils freundlich und sehr mild
06May_2010_Thursday_heute-1054|im süden ist es noch freundlich und meist trocken
25August_2010_Wednesday_heute-6008|und das wetter wird dann auch nicht viel regen geben, weil der wind schon deutlich kühler als heute
30November_2010_Tuesday_tagesschau-4621|im norden und nordwesten bleibt es morgen meist trocken
26April_2010_Monday_heute-3398|am freitag wird es dann überall wechselhaft und etwas kühler, aber auch mit <unk>
21November_2011_Monday_heute-5433|am montag gibt es teils <unk> teils <unk> teils <unk>
07October_2012_Sunday_tagesschau-3026|es gibt teilweise kräftige <unk>
02December_2010_Thursday_tagesschau-3637|im bergland fällt schnee oder <unk>
16May_2010_Sunday_tagesschau-5227|in der nacht ist es überwiegend klar oder nur leicht bewölkt, sonst fällt nur vereinzelt etwas <unk>
01April_2010_Thursday_heute-6698|am tag regnet es in der südhälfte gebietsweise kräftig
12January_2010_Tuesday_heute-2546|am tag regnet es in der westhälfte und bis zum morgen ist es teilweise freundlich.
29January_2010_Friday_tagesschau-6489|am samstag wird es dann von westen her etwas freundlicher, aber auch die sonne kommt kaum etwas häufiger heraus, es gibt nur vereinzelt <unk>
25January_2010_Monday_heute-1467|und das wetter beruhigt sich vorübergehend bevor sich am wochenende ein neues tief die führung übernimmt.
26September_2009_Saturday_tagesschau-2335|am freitag mal <unk> mal wolken und nur vereinzelt schauer
13February_2010_Saturday_tagesschau-6044|am freitag gibt es in der nordwesthälfte viele wolken und gebietsweise regen sonst einzelne schauer
15February_2010_Monday_tagesschau-1843|am freitag wird es dann aus nordwesten wieder freundlicher
01December_2011_Thursday_heute-3061|in der nacht regnet es stellenweise kräftig im westen und süden ist es auch längere zeit freundlich
18November_2009_Wednesday_tagesschau-5586|und das nächste regengebiet folgt genau aus <unk>
09February_2011_Wednesday_heute-7538|das hoch über großbritannien sorgt dafür dass es im westen zu bei uns morgen schon wieder für mehr wolken als sonne
12December_2010_Sunday_tagesschau-5597|in der nacht ist es meist dicht bewölkt oder neblig trüb, und stellenweise bildet sich <unk>
12December_2010_Sunday_tagesschau-5605|am tag ist es im süden recht freundlich sonst gibt es hier und da schauer
11May_2010_Tuesday_tagesschau-1964|heute nacht ist es im norden und westen meist klar sonst ziehen einige wolken vorbei, die im süden und im süden ziehen einige wolken auf.
02November_2010_Tuesday_heute-2754|der wind weht schwach bis mäßig im norden frisch mit starken bis stürmischen böen an der nordsee und auf den bergen sturmböen
11May_2010_Tuesday_tagesschau-1971|am freitag fällt in der südosthälfte gebietsweise schnee sonst teils schnee oder <unk>
20October_2009_Tuesday_tagesschau-3586|und jetzt die wettervorhersage für morgen, <unk> den 24. september
21July_2009_Tuesday_tagesschau-8062|am samstag gibt es im norden einige schauer und gewitter
24October_2009_Saturday_tagesschau-4283|am montag wird es dann aus südwesten freundlicher
24December_2010_Friday_tagesschau-5128|am tag regnet es in der mitte und im süden ist es recht freundlich und es gibt nur einzelne schauer
14April_2010_Wednesday_heute-1880|und es wird dann auch am donnerstag ebenfalls wechselhaft, doch am mittwoch wird es langsam wieder wärmer.
12November_2009_Thursday_tagesschau-6770|am nachmittag lockert es im norden wieder auf und es gibt nur vereinzelte <unk>
22April_2010_Thursday_heute-2120|am tag ist es im norden wolkig mit etwas schnee oder gefrierendem regen zu erwarten.
20February_2011_Sunday_tagesschau-3164|und nun die wettervorhersage für morgen, <unk> den fünfundzwanzigsten september
25November_2010_Thursday_tagesschau-2529|in der nacht ist es im norden und osten teilweise dicht bewölkt
25May_2010_Tuesday_tagesschau-1294|am tag minus sechs grad im vogtland und plus ein grad im breisgau
23September_2010_Thursday_heute-6476|und das wird jetzt sehr schnell weitergehen.
02December_2010_Thursday_tagesschau-3636|im norden und westen ist es heute nacht meist trocken
17May_2010_Monday_tagesschau-8473|im norden und westen gibt es heute nacht noch einzelne schauer und gewitter
11December_2010_Saturday_tagesschau-8657|und nun die wettervorhersage für morgen, <unk> den siebzehnten juli
09May_2011_Monday_tagesschau-8585|am samstag wird es dann insgesamt etwas freundlicher, aber auch wieder kälter.
18September_2010_Saturday_tagesschau-4197|am mittwoch gibt es mehr wolken als sonne und gebietsweise regen im süden ist es freundlich
19April_2010_Monday_heute-781|im süden und in der mitte fällt zum teil gefrierender <unk>
03October_2012_Wednesday_tagesschau-7656|am tag ist es im norden wolkig mit einzelnen schauern oder <unk>
20November_2011_Sunday_tagesschau-536|in der nacht regnet es im norden und westen hier und da auch etwas
05April_2010_Monday_tagesschau-3546|und nun die wettervorhersage für morgen, <unk> den sechsundzwanzigsten april
24July_2011_Sunday_tagesschau-6621|im westen und südwesten bleibt es schon weitgehend trocken
02September_2010_Thursday_heute-3456|im norden gibt es heute nacht viele wolken, vereinzelt fällt etwas <unk> der sich <unk> und an manchen stellen etwas <unk> auch <unk> die sich am tag zunehmend in schnee
02November_2010_Tuesday_heute-2742|guten abend liebe zuschauer
23September_2009_Wednesday_tagesschau-7583|und es wird auch an den küsten noch ein bisschen schneien
26April_2010_Monday_tagesschau-7273|und das wetter wird dann auch am freitag bei uns beruhigt sich das wetter und am samstag zeigt sich die sonne wieder häufiger zeigt als im norden und westen handelt
17October_2009_Saturday_tagesschau-2138|am mittwoch ziehen wolken aus westen auf, die sich am donnerstag bis zur <unk>
13April_2011_Wednesday_tagesschau-1683|im norden gibt es morgen viele wolken, die hier und da regen bringen.
30September_2012_Sunday_tagesschau-4037|am samstag wird es dann schon wieder etwas milder.
05July_2010_Monday_tagesschau-1200|am freitag gibt es viele wolken, die hier und da regen bringen, ansonsten scheint häufig die <unk>
09August_2009_Sunday_tagesschau-1180|und es wird auch sehr kühl
05January_2010_Tuesday_tagesschau-2672|heute nacht sind es achtzehn grad an der nordsee und bis zu elf grad im <unk>
14October_2010_Thursday_tagesschau-299|in der nacht regnet es in der nördlichen <unk> vereinzelt gewitter
03November_2010_Wednesday_tagesschau-6507|im süden wird es unter leichtem hochdruckeinfluss ein bisschen milder und es wird freundlicher
31January_2013_Thursday_tagesschau-2710|am freitag fällt in der nordwesthälfte häufiger <unk> im südosten ist es windig bis stürmisch mit teilweise heftigen <unk>
06January_2010_Wednesday_heute-3525|und das wird jetzt sehr schnell weiterziehen
09April_2010_Friday_tagesschau-7632|in der nacht regnet es in der mitte und im süden ist es teilweise klar
22July_2010_Thursday_tagesschau-8195|das hoch über der nordsee macht sich morgen ein atlantischer tiefausläufer mit wolken und schauern bemerkbar
17January_2011_Monday_tagesschau-7001|im süden ist es nach wie vor sehr kalte luft im norden und norden ist es ebenfalls trocken
13May_2010_Thursday_tagesschau-7916|und nun die wettervorhersage für morgen, <unk> den fünfzehnten märz
20April_2011_Wednesday_tagesschau-3084|im süden und westen bringt ein atlantischer tiefausläufer zahlreiche wolken und teilweise heftige schauer und gewitter
27January_2013_Sunday_tagesschau-8836|und das wird auch in den nächsten tagen das ist das wetter bereits recht wechselhaft.
23September_2009_Wednesday_tagesschau-7582|das hoch über großbritannien sorgt dafür, dass das wetter in deutschland zu uns wechselhafter wird
27September_2009_Sunday_tagesschau-2170|heute nacht gibt es im westen vereinzelt schauer und gewitter
06October_2010_Wednesday_tagesschau-632|und das wird auch noch sehr kaltluft aus dem norden weiter nach norden und westen wird es auch noch ein bisschen kühler
25February_2011_Friday_tagesschau-575|am freitag gibt es viele wolken, die hier und da regen bringen.
05December_2009_Saturday_tagesschau-4701|am samstag wird es aus westen wieder freundlicher, und am sonntag scheint die sonne wieder häufiger zeigt sich im süden und westen einige <unk>
05October_2011_Wednesday_heute-1069|am freitag wird es dann überall wechselhaft
08October_2009_Thursday_tagesschau-5348|in der nacht ist es im norden teilweise dicht bewölkt oder neblig trüb
25January_2010_Monday_tagesschau-8298|und nun die wettervorhersage für morgen, <unk> den achten dezember
03August_2010_Tuesday_tagesschau-2776|und das nächste regengebiet folgt genau das uns in den nächsten tagen wird es dann in den nächsten tagen unser wetter bestimmen.
24October_2009_Saturday_tagesschau-4285|im norden und westen ist es heute nacht meist trocken und zum teil längere zeit klar.
27October_2009_Tuesday_tagesschau-6148|ein kleines tief über der nordsee das nach osten zieht bringt uns morgen viele wolken
23September_2010_Thursday_tagesschau-3444|in der nordwestlichen <unk> weht der wind schwach bis mäßig aus nördlichen <unk>
02October_2009_Friday_tagesschau-1362|am montag gibt es viele wolken, einige schauer und gewitter die örtlich unwetterartig sein können
09December_2009_Wednesday_tagesschau-2562|heute nacht wird es aber in den nächsten stunden hier im westen schon wieder leichter frost geben
25October_2010_Monday_tagesschau-22|am samstag wird es dann aus westen wieder freundlicher, und am sonntag gibt es im norden einige <unk>
31October_2009_Saturday_tagesschau-7147|am tag regnet es hier und da etwas im <unk> sonst ist es teils freundlich und sehr mild
18November_2009_Wednesday_tagesschau-5584|am samstag gibt es viele wolken und einige schauer
06October_2010_Wednesday_tagesschau-640|und nun die wettervorhersage für morgen, <unk> den achtundzwanzigsten september
01March_2011_Tuesday_tagesschau-2211|in der nacht ist es überwiegend bedeckt, entweder durch <unk> später beginnt es im norden zu regnen.
30October_2009_Friday_tagesschau-2275|der wind weht schwach bis mäßig aus west bis <unk>
06July_2010_Tuesday_tagesschau-2653|im norden gibt es heute nacht noch vereinzelte schauer an der nordsee
16January_2010_Saturday_tagesschau-8073|im westen und nordwesten gibt es heute nacht noch kräftige schauer und <unk> die im flachland teilweise auch <unk>
07April_2010_Wednesday_heute-1632|ich wünsche ihnen einen schönen abend und machen sie es gut
30January_2013_Wednesday_tagesschau-477|am samstag ist es im westen überwiegend freundlich und nur ganz im süden regnet es
20July_2010_Tuesday_heute-5251|und nun die wettervorhersage für morgen, <unk> den zweiundzwanzigsten november
10December_2011_Saturday_tagesschau-5421|am freitag wird es dann langsam wieder freundlicher
14April_2010_Wednesday_heute-1879|guten abend liebe zuschauer
24January_2013_Thursday_tagesschau-6323|am sonntag im osten und südosten noch gewitterschauer
06October_2012_Saturday_tagesschau-8729|und nun die wettervorhersage für morgen, <unk> den sechzehnten september
04April_2011_Monday_heute-965|am samstag wird es dann wechselhaft und kühler
24June_2011_Friday_tagesschau-4071|am samstag ist es im norden teilweise freundlich, sonst gibt es wolken und vereinzelte <unk>
16December_2011_Friday_tagesschau-6529|im süden und in der mitte fällt heute nacht <unk> im westen und nordwesten leichter <unk>
04May_2010_Tuesday_heute-453|in der nacht heute liegen die temperaturen zwischen neun und null grad bei längerem aufklaren nahe null grad.
07December_2010_Tuesday_tagesschau-4152|am tag dann vierzehn grad an der nordsee und bis zu fünfundzwanzig grad im <unk>
06December_2011_Tuesday_heute-1553|und es wird dann auch wieder ziemlich nass werden
10November_2009_Tuesday_tagesschau-7250|am dienstag ziehen wolken aus westen wieder schauer und gewitter heran die sich an der nordsee weiter ausbreiten
11December_2010_Saturday_tagesschau-8659|am dienstag gibt es im norden und westen teilweise kräftige <unk>
20June_2011_Monday_heute-6514|und das wird auch noch verstärken
26September_2009_Saturday_tagesschau-2343|am samstag wird es dann deutlich milder
03October_2012_Wednesday_tagesschau-7657|im norden gibt es schwere sturmböen
08December_2009_Tuesday_heute-4213|und es wird dann auch sehr kühl
10December_2011_Saturday_tagesschau-5420|am freitag wird es dann langsam wieder etwas milder
12January_2011_Wednesday_tagesschau-1732|in der nacht ziehen einige wolken über die <unk> die sich im süden öfter die <unk>
11October_2010_Monday_tagesschau-4615|im norden und westen ist es heute nacht meist klar und nur locker bewölkt.
20December_2010_Monday_tagesschau-3205|im norden gibt es einige schauer und gewitter die örtlich auch unwetterartig sein können
17October_2009_Saturday_tagesschau-2139|und es wird auch noch ein wenig kühler als heute sein.
07January_2010_Thursday_tagesschau-2302|und das wetter wird jetzt die <unk> für morgen, <unk> den nächsten tagen
05September_2010_Sunday_tagesschau-3132|im süden ist es am freundlichsten in der mitte und im norden
09July_2009_Thursday_tagesschau-7122|am samstag ist es im süden ziemlich freundlich, sonst gibt es mehr wolken als sonne und stellenweise <unk>
27May_2011_Friday_tagesschau-8133|das hoch über großbritannien sorgt dafür, dass es in den kommenden tagen bei uns in deutschland gelangt.
28November_2011_Monday_tagesschau-165|und es wird dann auch sehr kühl und es kann auch zäh halten.
28January_2010_Thursday_tagesschau-2817|am freitag gibt es in der nordwesthälfte viele wolken und gebietsweise regen
08June_2010_Tuesday_tagesschau-5527|heute nacht sieben grad am niederrhein und minus zwei grad im <unk>
06January_2010_Wednesday_tagesschau-7726|und das wetter wird dann von westen her etwas freundlicher und am samstag ziehen von westen wieder neue schauer heran
27June_2010_Sunday_tagesschau-7386|am samstag wird es von westen her allmählich freundlicher, wenn sich die sonne wieder öfter zeigt.
15July_2011_Friday_tagesschau-8726|am freitag wird es dann aus westen wieder etwas freundlicher und auch wieder wärmer
24January_2011_Monday_tagesschau-3720|der wind weht schwach bis mäßig aus west bis <unk> im norden weht er mäßig
09August_2010_Monday_tagesschau-3000|im nordwesten gibt es heute nacht vereinzelt schauer und gewitter die im norden unwetterartig sein können
13July_2010_Tuesday_tagesschau-4317|und es wird auch sehr windig sein, dazu wird es windig und dazu gibt es teilweise kräftige <unk>
25April_2010_Sunday_tagesschau-4942|im norden weht der wind mäßig bis frisch mit starken bis stürmischen böen auf den bergen sturmböen an der nordsee auch sturmböen
21April_2010_Wednesday_heute-3124|am samstag wird es dann zumindest ein wenig milder.
12July_2011_Tuesday_heute-1281|und es wird dann sehr windig
28July_2011_Thursday_tagesschau-8521|das hoch über irland weitet morgen seinen einfluss morgen weiter nach norden aus und beschert uns morgen in deutschland weiter nach norden
12December_2011_Monday_tagesschau-8282|am samstag gibt es viele wolken und zeitweise regen
06July_2011_Wednesday_tagesschau-6870|am samstag wird es dann aus westen wieder freundlicher, aber auch die temperaturen erreichen keinen <unk>
06October_2011_Thursday_heute-5532|am samstag wird es dann aus nordwesten wieder freundlicher
31January_2010_Sunday_tagesschau-1333|am montag ist es ebenfalls recht freundlich, im norden gibt es einige <unk> im süden gibt es <unk>
23November_2011_Wednesday_tagesschau-980|am samstag gibt es im norden einige wolken, die hier und da regen und es ist teilweise freundlich
12September_2010_Sunday_tagesschau-3919|und es wird auch sehr kühl
28September_2012_Friday_tagesschau-917|am tag regnet es teilweise kräftig.
10March_2011_Thursday_heute-51|und das wird jetzt sehr schnell weiterziehen
13November_2009_Friday_tagesschau-8610|heute nacht liegen die temperaturen zwischen fünf und minus einem grad, tagsüber minus zwei grad im <unk>
19July_2009_Sunday_tagesschau-1568|am dienstag gibt es in der nordwesthälfte viele wolken und es bleibt größtenteils trocken.
10April_2010_Saturday_tagesschau-4140|im norden und westen weht der wind schwach bis mäßig, an den küsten frisch und stürmische <unk>
10December_2011_Saturday_tagesschau-5423|es wird dabei sehr windig und wechselhaft werden
24May_2010_Monday_tagesschau-3142|in der nacht ist es im norden teilweise dicht bewölkt es regnet vereinzelt.
13December_2009_Sunday_tagesschau-6822|in der nacht regnet es im süden und südosten stellenweise, sonst ist es teils auch freundlich.
14October_2010_Thursday_tagesschau-298|am donnerstag regnet es gebietsweise im norden und westen ist es vorübergehend freundlicher
08October_2009_Thursday_tagesschau-5351|am tag regnet es im norden und westen teilweise länger ergiebig sonst ist es meist freundlich
01March_2011_Tuesday_tagesschau-2210|im norden gibt es morgen viele wolken, die hier und da regen bringen.
15September_2010_Wednesday_tagesschau-5210|in der nacht regnet es teilweise kräftig im norden ist es teilweise klar und teilweise bildet sich nebel
07January_2010_Thursday_tagesschau-2301|in der nacht regnet es im westen und süden bayerns teilweise auch kräftiger sonst ist es teilweise klar
03October_2012_Wednesday_tagesschau-7655|im süden bleibt es noch verhältnismäßig mild nächste woche
10January_2011_Monday_heute-1375|in der nacht regnet es im norden und westen schneit es stellenweise leicht bis mäßig vorsicht wegen glätte
24January_2011_Monday_heute-6984|und es wird auch sehr windig, bevor uns am wochenende von westen her wieder etwas mildere luft aufzieht.
12February_2010_Friday_tagesschau-126|am mittwoch ziehen wolken aus westen wieder schauer und gewitter heran
21June_2011_Tuesday_tagesschau-1264|in der nacht regnet es im nordwesten teilweise stark, ansonsten ist es in den westlichen mittelgebirgen auch gewitter möglich.
23August_2010_Monday_tagesschau-4438|im süden ist es nach wie vor sehr mild
25June_2010_Friday_tagesschau-3887|am samstag wird es dann am sonntag bei uns langsam wieder unbeständiges wetter
21November_2009_Saturday_tagesschau-4905|im süden ist es abseits von nebel oder hochnebelfeldern meist freundlich und trocken
14July_2010_Wednesday_tagesschau-1865|guten abend liebe zuschauer
20September_2010_Monday_heute-2934|am sonntag dann von nordwesten milder luft mit sechs bis plus drei grad
29July_2010_Thursday_tagesschau-7411|das hoch über großbritannien sorgt dafür dass es im westen gewittriger wird
20June_2011_Monday_heute-6521|in der nacht ist es überwiegend klar, und deshalb gibt es dort teilweise auch <unk>
01February_2011_Tuesday_tagesschau-4975|im süden regnet es teilweise kräftig.
12May_2010_Wednesday_tagesschau-318|im norden und westen gibt es heute nacht noch einzelne schauer und gewitter die örtlich unwetterartig sein können
06December_2011_Tuesday_heute-1554|am samstag wird es dann bei uns langsam wieder freundlicher
30March_2011_Wednesday_tagesschau-7130|im osten und süden ist es heute nacht teils klar teils wolkig teils klar und trocken.
30November_2009_Monday_tagesschau-5755|am tag dann zehn grad im nordwesten und bis zu siebzehn grad im <unk>
18November_2009_Wednesday_tagesschau-5585|im norden gibt es einige schauer und <unk> die an den küsten dagegen haben wir noch die dichten wolken aus
09August_2009_Sunday_tagesschau-1181|am samstag wird es dann aus westen wieder freundlicher
02December_2011_Friday_tagesschau-8009|heute nacht ist es teils klar, teils entsteht <unk>
24January_2013_Thursday_heute-7254|und nun die wettervorhersage für morgen, <unk> den ersten juni
20July_2010_Tuesday_tagesschau-7877|das hoch über dem atlantik bringt dem norden deutschlands auch morgen noch viele wolken und gebietsweise regen
06October_2012_Saturday_tagesschau-8744|am samstag gibt es viele wolken, hier und da schauer oder <unk>
06April_2010_Tuesday_tagesschau-308|der wind weht schwach bis mäßig aus west bis <unk>
13August_2009_Thursday_tagesschau-8487|der wind weht schwach bis mäßig aus west bis nordwest
29January_2010_Friday_tagesschau-6490|heute nacht ist es verbreitet klar oder nur locker bewölkt oder klar, und die teils klar, teils ziehen einige wolken auf.
23August_2010_Monday_tagesschau-4430|und es wird auch in den nächsten tagen doch insgesamt wird es nicht bleiben.
23July_2011_Saturday_tagesschau-5498|am mittwoch ziehen von westen neue niederschläge heran
12March_2011_Saturday_tagesschau-2455|am samstag wird es dann zumindest etwas freundlicher, und am sonntag wird es wieder kühler.
13July_2009_Monday_tagesschau-7513|im norden gibt es heute nacht noch einige schauer und gewitter die im süden unwetterartig sein können
23August_2010_Monday_heute-5320|am nachmittag und abend kommt von westen wieder ein kleines schneefallgebiet gegen die <unk>
23November_2011_Wednesday_tagesschau-973|und nun die wettervorhersage für morgen, <unk> den zweiundzwanzigsten november
06January_2010_Wednesday_heute-3523|am tag ist es zunächst noch freundlich später wird es im westen wieder etwas milder
08February_2010_Monday_tagesschau-2796|und nun die wettervorhersage für morgen, <unk> den siebten juli
23May_2011_Monday_heute-6466|und dann kann es auch sehr glatt werden
28May_2010_Friday_tagesschau-7496|das hoch über großbritannien sorgt dafür, dass es in der nacht und morgen in der nacht und morgen auch im süden deutschlands für wechselhaftes wetter sorgt.
26March_2011_Saturday_tagesschau-5730|im süden ist es freundlicher und es gibt schauer
23January_2011_Sunday_tagesschau-7834|am dienstag gibt es viele wolken und nur vereinzelt schauer und gewitter
17May_2010_Monday_tagesschau-8477|am samstag ist es im süden freundlich, sonst gibt es mehr wolken als sonne und gebietsweise regen
04February_2010_Thursday_heute-7966|und es wird auch sehr windig, aber insgesamt wird es auch sehr kühl mit zehn bis vierzehn grad, und im westen sogar bis zu fünfundzwanzig grad.
02December_2010_Thursday_heute-8444|guten abend liebe zuschauer
15September_2010_Wednesday_heute-2476|es wird dabei sehr windig und stürmisch in der mitte
31May_2011_Tuesday_tagesschau-4294|und es wird ja auch noch wärmer
15September_2010_Wednesday_tagesschau-5209|am samstag gibt es viele wolken, die hier und da regen und <unk> im süden ist es windig.
20October_2009_Tuesday_tagesschau-3595|der wind weht schwach bis mäßig aus west bis <unk>
09August_2010_Monday_heute-5906|ich wünsche ihnen einen schönen abend und machen sie es gut.
25November_2010_Thursday_tagesschau-2530|am montag gibt es im norden und westen einige schauer und <unk>
02September_2010_Thursday_heute-3457|am samstag wird es dann zumindest etwas milder.
11January_2011_Tuesday_heute-8176|das hoch über großbritannien sorgt dafür dass es im westen zu uns wechselhafter wird.
10August_2010_Tuesday_tagesschau-3865|im süden ist es heute nacht meist stark bewölkt oder neblig trüb, und an der nordsee sowie an den küsten ist es auch klar.
26October_2010_Tuesday_tagesschau-5789|am mittwoch gibt es im norden einige <unk> im süden ist es recht windig.
04January_2010_Monday_heute-7399|und es wird auch sehr kalt, und in den nächsten tagen wird es dann am wochenende wieder wechselhaft und kühler
23August_2010_Monday_tagesschau-4429|in der nacht ist es meist stark bewölkt erst nur auf den bergen teilweise auch in der mitte und im süden
08December_2009_Tuesday_heute-4212|und es wird auch tagsüber noch ein wenig kühler sein
01March_2011_Tuesday_tagesschau-2209|am samstag wird es dann zumindest etwas milder.
20March_2010_Saturday_heute-7288|am freitag wird es dann aus nordwesten wieder freundlicher
31May_2011_Tuesday_tagesschau-4295|am samstag wird es von westen wieder freundlicher und am sonntag wird es langsam wieder wärmer.
19February_2010_Friday_tagesschau-4101|im bergland verwandelt sich der regen zunehmend in schnee
01February_2011_Tuesday_heute-4637|im süden bleibt es meist trocken und teilweise längere zeit sonnig.
04July_2011_Monday_heute-6441|und es wird auch in den nächsten tagen noch wärmer
01December_2011_Thursday_heute-3058|am samstag ist es im süden freundlich im nordwesten scheint die sonne auch für längere zeit
29April_2010_Thursday_heute-8622|am mittwoch wird es insgesamt etwas freundlicher, aber auch wieder kälter.
30May_2011_Monday_heute-3677|und das wird auch noch sehr kühle luft nach mitteleuropa erstreckt, bringt uns in den nächsten tagen viel sonne
18November_2009_Wednesday_tagesschau-5587|im norden weht der wind schwach bis mäßig aus west bis <unk>
08April_2010_Thursday_tagesschau-3949|das hoch über großbritannien sorgt dafür, dass sich das wetter in den kommenden tagen bei uns hinwegziehen. anschließend wird es dann auch im westen wieder kalt bleibt.
08April_2010_Thursday_heute-4004|in der nacht ist es teilweise dicht bewölkt oder neblig trüb
22January_2010_Friday_tagesschau-907|im norden gibt es heute nacht noch vereinzelte schauer in der mitte und im süden ist es auch klar.
08October_2009_Thursday_tagesschau-5349|und es wird auch noch ein wenig schneien
03February_2011_Thursday_tagesschau-938|am tag regnet es in der westhälfte hier und da auch noch etwas sonst viele wolken
01July_2011_Friday_tagesschau-2766|am dienstag wird es insgesamt etwas freundlicher, aber auch wieder kälter.
17October_2009_Saturday_tagesschau-2133|der wind weht schwach bis mäßig aus west bis <unk>
06October_2012_Saturday_tagesschau-8730|am donnerstag ist es im norden und westen meist stark bewölkt mit nur vereinzelten schauern
10December_2009_Thursday_tagesschau-7482|und nun die wettervorhersage für morgen, <unk> den zweiundzwanzigsten november
21August_2011_Sunday_tagesschau-265|und das nächste regengebiet folgt auf den bergen zum teil stürmische <unk>
07February_2011_Monday_tagesschau-1612|im norden und westen lockert es später auf und es wird auch dort zunehmend auf
26October_2010_Tuesday_tagesschau-5796|am freitag wird es dann überall wechselhaft sein
22January_2011_Saturday_tagesschau-2080|und es wird dann auch sehr kühl
30January_2013_Wednesday_tagesschau-475|ein atlantischer tiefausläufer lenkt wolken und sehr vorübergehend etwas schnee und dann folgt
02November_2010_Tuesday_tagesschau-2039|am samstag gibt es im süden viele wolken und zeitweise regen
09June_2010_Wednesday_heute-8266|am samstag wird es insgesamt etwas freundlicher, aber auch am sonntag wird es allmählich wieder freundlicher und wärmer als heute
01June_2010_Tuesday_tagesschau-5002|und nun die wettervorhersage für morgen, <unk> den ersten juni
15October_2009_Thursday_tagesschau-7719|am samstag ist es insgesamt etwas freundlicher, aber auch im süden wird es wieder freundlicher
20October_2010_Wednesday_heute-8493|heute nacht gibt es noch einzelne schauer und gewitter und gewitter
25August_2010_Wednesday_heute-6009|und das wird jetzt sehr schnell milder
22November_2009_Sunday_tagesschau-5490|am montag gibt es im süden noch <unk> ansonsten wird es allmählich wieder freundlicher.
04July_2010_Sunday_tagesschau-7198|und nun die wettervorhersage für morgen, <unk> den fünfundzwanzigsten juli
29September_2011_Thursday_heute-4235|ich wünsche ihnen einen schönen abend und machen sie es gut.
29September_2012_Saturday_tagesschau-2967|am samstag zieht von westen wieder regen heran
29April_2010_Thursday_heute-8625|und das wird jetzt sehr schnell weiterziehen
25August_2009_Tuesday_tagesschau-7093|am samstag ist es im norden und westen wechselhaft, ansonsten wird es langsam wieder freundlicher.
29March_2010_Monday_tagesschau-8384|und nun die wettervorhersage für morgen, <unk> den zweiundzwanzigsten juli
24December_2010_Friday_tagesschau-5129|es wird in den nächsten tagen ziemlich windig, vor allem in der mitte mit <unk>
12January_2010_Tuesday_heute-2545|und es fängt dann schon an zu regnen, vor allem heute nacht an zu regnen und schneien, nicht an der nordsee wird es schon wieder freundlicher
03July_2009_Friday_tagesschau-2003|am tag regnet es in der südhälfte teilweise länger anhaltend sonst ist es meist freundlich
29June_2011_Wednesday_tagesschau-4482|am samstag wird es dann zumindest ein wenig milder.
28November_2011_Monday_tagesschau-172|heute nacht gibt es im nordwesten schnee oder <unk> ansonsten ist es teils klar und trocken.
03July_2011_Sunday_tagesschau-1674|am mittwoch wird es dann milder
28September_2009_Monday_tagesschau-4679|und das wird auch in den nächsten tagen bei uns in den nächsten tagen wechselhaftes wetter wechselhaft
01October_2009_Thursday_tagesschau-417|am montag gibt es im süden noch <unk> ansonsten wird es allmählich wieder freundlicher.
24January_2013_Thursday_heute-7265|und die temperaturen liegen morgen bei null grad wird es morgen früh bei uns in deutschland wieder
20October_2010_Wednesday_heute-8494|und das wird jetzt sehr schnell weiterziehen
14August_2009_Friday_tagesschau-72|am samstag ist es im norden und westen freundlich sonst wird es langsam wieder freundlicher
04July_2011_Monday_heute-6440|und nun die wettervorhersage für morgen, <unk> den sechsundzwanzigsten november
25April_2010_Sunday_tagesschau-4951|am samstag wird es dann von westen her wieder freundlicher
29June_2010_Tuesday_tagesschau-7704|der wind weht schwach bis mäßig aus west bis <unk> im nordwesten stürmische <unk>
21July_2009_Tuesday_tagesschau-8061|heute nacht drei grad am niederrhein und minus zwei grad im <unk>
24September_2009_Thursday_heute-6077|im norden machen sich tiefdruckgebiete mit feucht milder und sehr wolkenreicher luft bemerkbar die schon für <unk>
20May_2010_Thursday_tagesschau-3151|und nun die wettervorhersage für morgen, <unk> den zweiundzwanzigsten november
16July_2011_Saturday_tagesschau-7524|von westen her breitet sich ein tief mit wolken und kühlerer luft versorgt, mit schauern und <unk>
11August_2010_Wednesday_tagesschau-2|in der nacht regnet es teilweise kräftig.
17January_2010_Sunday_tagesschau-5555|in der nacht regnet es teilweise kräftig
31August_2010_Tuesday_tagesschau-5174|der wind weht schwach bis mäßig aus west bis <unk>
24April_2010_Saturday_tagesschau-3963|am montag wird es dann wechselhaft und kühler
23May_2011_Monday_heute-6461|in der nacht regnet es im nordwesten hier und da im süden auch sonst ist es meist sternenklar
26August_2010_Thursday_tagesschau-4265|und nun die wettervorhersage für morgen, <unk> den achtundzwanzigsten september
25August_2009_Tuesday_tagesschau-7094|und auch morgen wird es für uns alle wärmer, auch im westen und süden gibt es auch mal <unk> mal <unk> mal dichtere wolken, die aber insgesamt wird aber insgesamt
