23August_2010_Monday_heute-5321|heute nacht sieben grad in nordfriesland bis minus zwei grad im <unk>
22November_2010_Monday_heute-279|und morgen früh besteht in einigen regionen die gefahr von <unk>
26September_2009_Saturday_tagesschau-2333|und nun die wettervorhersage für morgen, <unk> den siebten september
17April_2010_Saturday_tagesschau-396|der wind weht schwach bis mäßig im norden frisch an der nordsee auch stark
30November_2010_Tuesday_tagesschau-4620|das regenband verlagert sich morgen in die mitte in der nacht in der mitte in der mitte in der mitte deutschlands wechselhaftes <unk>
22November_2011_Tuesday_tagesschau-3647|am samstag ist es im süden recht freundlich sonst ist es sonnig und trocken.
05February_2010_Friday_tagesschau-2919|heute nacht gibt es im norden unter wolken bis zu plus zwei grad am <unk>
12February_2010_Friday_tagesschau-125|am dienstag gibt es abwechselnd sonne und wolken, wobei es im nordwesten einzelne schauer und gewitter auftreten können.
03July_2011_Sunday_tagesschau-1673|am montag beruhigt sich das wetter wieder und es wird wieder milder.
21April_2010_Wednesday_heute-3122|heute nacht liegen die temperaturen zwischen sechs und eins grad, im norden und acht grad.
23April_2010_Friday_tagesschau-3667|heute nacht liegen die temperaturen zwischen plus vier und minus zwei grad, im <unk>
22June_2011_Wednesday_heute-4381|und das ganze bringt morgen noch ein atlantischer tiefausläufer mit wolken und regen der sich im laufe der nacht auf den nächsten stunden weiterhin über deutschland ausbreiten
30September_2012_Sunday_tagesschau-4033|heute nacht vierzehn grad in nordfriesland bis zu vier grad in den alpentälern
09May_2011_Monday_tagesschau-8583|morgen liegen die temperaturen zwischen drei und neun grad im breisgau bis zu sechzehn grad
04February_2010_Thursday_heute-7970|und das ganze bei vielen wolken die gebietsweise regen bringen sonst verbreitet ruhiges und teilweise freundliches herbstwetter
24October_2009_Saturday_tagesschau-4284|am tag regnet es in der nordhälfte ab und zu <unk>
13August_2011_Saturday_tagesschau-1409|in der nacht regnet es im süden und osten teilweise kräftig
03October_2012_Wednesday_tagesschau-7651|und nun die wettervorhersage für morgen, <unk> den dritten september
07June_2010_Monday_heute-2322|und es wird dann auch wärmer als heute sein, aber am alpenrand wird es dann auch nicht ganz so kalt sein, denn wir haben auch die temperaturen so zwischen minus
10August_2009_Monday_heute-6892|und morgen wird es für uns alle etwas kühler, dabei wird es wieder etwas kühler.
16September_2010_Thursday_tagesschau-6272|am freitag mal sonne mal wolken und nur einzelne schauer
06February_2011_Sunday_tagesschau-6917|am montag beruhigt sich das wetter und es gibt noch <unk>
02November_2010_Tuesday_tagesschau-2031|im süden ist es nach wie vor sehr mild mit temperaturen bis zu zehn grad.
25November_2010_Thursday_tagesschau-2536|im norden gibt es heute nacht lücken in der wolkendecke örtlich ist es freundlich und nur an der nordsee auch gewitter
26January_2010_Tuesday_tagesschau-2787|der wind weht schwach bis mäßig im norden frisch bis stark aus west bis südwest
26November_2011_Saturday_tagesschau-5848|im norden weht der wind schwach bis mäßig, an der nordsee auch frisch und stark.
17February_2011_Thursday_tagesschau-6307|in der nacht ist es überwiegend bedeckt, und es bleibt größtenteils trocken.
29September_2009_Tuesday_tagesschau-8538|in der nacht heute neun bis drei grad an der ostsee bis zu zwei grad
01July_2011_Friday_tagesschau-2763|im norden und westen lockert es später wieder auf und es muss mit teilweise mit leichtem frost gerechnet werden
22April_2010_Thursday_heute-2124|und das wetter wird auch nicht viel regen ist der fall schnee dabei
24November_2011_Thursday_heute-222|an der küste heute nacht zehn bis minus zwei grad
22August_2010_Sunday_tagesschau-1345|der wind weht schwach bis mäßig an der nordsee teilweise frisch bei schauern und gewittern stürmische böen
24January_2011_Monday_heute-6983|heute nacht elf grad an der nordsee und bis zu dreizehn grad am niederrhein
03July_2009_Friday_tagesschau-2008|im süden ist es meist freundlich und trocken örtlich klart es auch auf, und stellenweise bildet sich <unk>
21August_2011_Sunday_tagesschau-264|im nordwesten gibt es einige <unk>
27August_2009_Thursday_tagesschau-3276|am donnerstag und freitag gibt es im norden einige schauer und <unk> die unwetterartig sein können.
22January_2011_Saturday_tagesschau-2082|am dienstag wird es zunehmend freundlicher, mit temperaturen von drei bis neun grad am <unk>
26May_2010_Wednesday_heute-7867|am montag gibt es teils <unk> teils <unk> teils <unk> teils <unk> teils <unk> teils <unk> teils <unk>
26August_2009_Wednesday_tagesschau-3225|am freitag gibt es im süden und osten zeitweise <unk> ansonsten nehmen die wolken zu und stellenweise schauer und gewitter bringen.
25January_2013_Friday_tagesschau-7813|am samstag ziehen von westen wieder wolken mit etwas regen und <unk>
24January_2013_Thursday_tagesschau-6327|heute nacht sieben grad im norden bis elf grad an der ostsee
24June_2011_Friday_tagesschau-4073|am samstag wird es dann von westen wieder freundlicher und auch wieder wärmer.
04October_2010_Monday_heute-5954|am mittwoch wird es dann auch wieder freundlicher
19May_2010_Wednesday_heute-1119|am freitag wird es von westen wieder freundlicher und am samstag wieder etwas milder
01October_2010_Friday_tagesschau-2691|und nun die wettervorhersage für morgen, <unk> den dreiundzwanzigsten oktober
20September_2010_Monday_heute-2935|und das wird morgen dann in den nächsten stunden in der nacht zu uns
10August_2011_Wednesday_tagesschau-6303|in der nacht regnet es in der nordhälfte hier und da
07December_2011_Wednesday_tagesschau-5399|am samstag zieht von westen wieder regen heran
24January_2011_Monday_tagesschau-3712|das tief über der nordsee macht sich bei uns in deutschland
24July_2011_Sunday_tagesschau-6622|und dann wird es für uns alle kühl und es wird wieder kühl
30March_2011_Wednesday_tagesschau-7127|am wochenende wird es aus westen wieder etwas freundlicher und am sonntag gibt es im norden wieder mehr wolken als sonne und es wird wieder freundlicher
11August_2010_Wednesday_tagesschau-3|am mittwoch ziehen von nordwesten schauer und gewitter heran die sich wieder öfter zeigt.
16February_2010_Tuesday_tagesschau-6098|im westen und nordwesten gibt es heute nacht noch einzelne schauer oder gewitter die örtlich unwetterartig sein können
08January_2010_Friday_tagesschau-3984|am samstag ist es im süden freundlich, sonst gibt es immer mehr wolken als sonne und stellenweise schauer und <unk>
30November_2011_Wednesday_tagesschau-6289|am tag minus fünf grad im vogtland und plus ein grad im breisgau
08December_2009_Tuesday_heute-4211|guten abend liebe zuschauer
12July_2009_Sunday_tagesschau-2574|an den küsten und im süden gibt es einzelne schauer und gewitter
23April_2010_Friday_tagesschau-3668|morgen liegen die temperaturen zwischen neun und drei grad, bis zu siebzehn grad.
20June_2011_Monday_tagesschau-1253|im osten und süden wird es morgen noch ziemlich freundlich
21October_2009_Wednesday_tagesschau-735|das tief über italien sorgt dafür, dass es in der nacht im westen und nordwesten noch regen auftreten.
09March_2011_Wednesday_heute-1742|und das ist der wind auch mäßig so angenehme temperaturen an der nordsee bis zum abend an der nordsee auch bei uns
13May_2010_Thursday_tagesschau-7926|sonst scheint die sonne verbreitet.
25September_2010_Saturday_tagesschau-3480|und nun die wettervorhersage für morgen, <unk> den siebten september
10January_2011_Monday_tagesschau-6404|am montag beruhigt sich das wetter und es wird langsam wieder etwas regnen.
25August_2009_Tuesday_tagesschau-7091|und das wird auch noch ähnliches wetter am <unk>
29November_2011_Tuesday_tagesschau-5612|das hoch über irland zieht sich morgen weiter nach osten ausbreiten
27August_2009_Thursday_tagesschau-3285|am tag ist es zunächst meist sonnig
23November_2011_Wednesday_tagesschau-984|am montag ist es teils freundlich, teils bewölkt oder neblig trüb. es im norden und im süden auch freundliche <unk>
26April_2010_Monday_tagesschau-7271|heute nacht sieben grad im südwesten bis vierzehn grad
11October_2010_Monday_tagesschau-4607|der wind weht schwach bis mäßig im norden frisch bis stark aus west bis südwest
17October_2009_Saturday_tagesschau-2127|am tag ist es im süden recht freundlich sonst gibt es neben sonne einige wolken und einzelne schauer
10January_2011_Monday_tagesschau-6409|heute nacht sieben grad am alpenrand bis vierzehn grad im <unk>
26September_2009_Saturday_tagesschau-2342|in der nacht elf grad an der nordsee und bis zu einundzwanzig grad im <unk>
06July_2010_Tuesday_tagesschau-2654|der wind weht schwach bis mäßig an den küsten frisch an den küsten stark
29October_2009_Thursday_tagesschau-1011|und nun die wettervorhersage für morgen, <unk> den dreißigsten juni
27May_2011_Friday_tagesschau-8122|am samstag zieht von westen wieder regen heran
19August_2010_Thursday_tagesschau-995|am samstag scheint die sonne wieder öfter.
25January_2010_Monday_tagesschau-8305|der wind weht schwach bis mäßig an der see auch frisch
20October_2009_Tuesday_tagesschau-3594|in der nacht von heute drei bis acht grad an der nordsee und bis zu null grad an den küsten
06May_2011_Friday_tagesschau-6438|und nun die wettervorhersage für morgen, <unk> den dreißigsten september
20February_2011_Sunday_tagesschau-3166|am nachmittag sind im westen und nordwesten einzelne schauer möglich
02December_2011_Friday_tagesschau-8010|in der nacht ist es an der nordsee und auf den <unk> es ist teilweise klar.
30March_2010_Tuesday_tagesschau-5694|und nun die wettervorhersage für morgen, <unk> den vierten juni
28September_2012_Friday_tagesschau-922|am samstag ist es insgesamt etwas freundlicher, sobald der nebel verschwunden ist, wechseln sonne und wolken ab.
30November_2010_Tuesday_tagesschau-4618|von westen her machen sich tiefausläufer mit wolken und schauern und gewittern bemerkbar
25January_2013_Friday_tagesschau-7815|und nun die wettervorhersage für morgen, <unk> den siebten februar
29November_2011_Tuesday_tagesschau-5619|heute nacht zehn grad an der ostsee und minus siebzehn grad im südosten
30July_2011_Saturday_tagesschau-8591|in der nacht ist es im süden und osten teilweise klar, während es im westen und nordwesten klart es auch vielerorts auf. später klart es vielerorts auf.
26January_2010_Tuesday_heute-107|und nun wünsche ich ihnen einen schönen abend
30August_2011_Tuesday_heute-783|liebe zuschauer guten abend
26July_2010_Monday_tagesschau-6256|und nun die wettervorhersage für morgen, <unk> den siebten september
29June_2010_Tuesday_tagesschau-7705|heute nacht sieben bis null grad im nordwesten bis zu minus zwei grad
30November_2009_Monday_tagesschau-5749|heute nacht sieben grad im <unk> minus sechs grad in den <unk>
21November_2011_Monday_heute-5434|am tag null grad auf rügen und minus dreizehn grad im <unk>
29May_2011_Sunday_tagesschau-764|der wind weht schwach bis mäßig aus südlicher bis südwestlicher richtung
12November_2009_Thursday_tagesschau-6772|am samstag mal <unk> mal wolken und nur vereinzelt etwas regen
10August_2010_Tuesday_heute-1455|heute nacht gibt es im norden und osten zum teil kräftige und gewitterartige <unk> im süden ist es trocken.
06January_2010_Wednesday_heute-3530|der wind weht schwach bis mäßig an der see frisch mit starken bis stürmischen böen
20November_2010_Saturday_tagesschau-1823|am dienstag wird es von westen wieder freundlicher und auch etwas wärmer.
18October_2010_Monday_heute-629|am freitag gibt es viele wolken und nur vereinzelt <unk>
01November_2010_Monday_tagesschau-140|am freitag gibt es im norden einige schauer und <unk>
20October_2010_Wednesday_heute-8501|in der nacht heute minus neun grad im <unk> plus zwei grad im <unk>
02October_2012_Tuesday_heute-3494|in der nacht liegen die werte zwischen plus vier und minus drei grad, vorsicht wegen glätte
22July_2010_Thursday_tagesschau-8194|und nun die wettervorhersage für morgen, <unk> den dreißigsten juli
01December_2011_Thursday_heute-3060|und das wetter wird sich dann auch nicht ändern denn wir haben wir heute nacht im osten und auch im osten bei temperaturen um null grad
28February_2011_Monday_tagesschau-4984|heute nacht gibt es hier und da noch einige schauer und gewitter die in der mitte ist auch wieder dicht
21November_2009_Saturday_tagesschau-4906|heute nacht sieben grad im <unk> minus ein grad im südwesten
11December_2009_Friday_tagesschau-3509|und das wird auch noch der fall sein
23May_2011_Monday_tagesschau-1097|das hoch über großbritannien sorgt dafür, dass das wetter bei uns zu uns
19March_2011_Saturday_tagesschau-4690|am tag ist es im süden recht freundlich sonst ist es unterschiedlich bewölkt
19March_2011_Saturday_tagesschau-4697|am dienstag gibt es viele wolken und es bleibt weitgehend trocken.
20September_2010_Monday_tagesschau-7029|es wird dann insgesamt wieder freundlicher
02October_2009_Friday_tagesschau-1354|am tag neun grad an der ostsee und bis zu zehn grad im breisgau
30September_2012_Sunday_tagesschau-4038|am samstag ist es insgesamt wieder unbeständiger mit <unk>
27August_2009_Thursday_tagesschau-3284|am tag scheint viel <unk> sobald der nebel verschwunden ist.
05February_2011_Saturday_tagesschau-7855|heute nacht sind es null grad auf sylt minus zwei grad im <unk>
12December_2011_Monday_heute-5806|am tag weht der wind aus nordwestlicher richtung
11August_2010_Wednesday_tagesschau-8|der wind weht schwach bis mäßig im norden frisch bis stark mit stürmischen böen an der see und auf den bergen sturmböen
23September_2009_Wednesday_tagesschau-7593|am sonntag viele wolken und stellenweise regen
03February_2011_Thursday_tagesschau-939|morgen liegen die temperaturen zwischen achtzehn und achtundzwanzig grad am oberrhein bei bis zu neunundzwanzig grad.
02October_2009_Friday_tagesschau-1355|und es wird auch noch ein wenig freundlicher
12July_2011_Tuesday_heute-1280|am samstag wird es dann schon wieder freundlicher und am sonntag
24January_2011_Monday_heute-6980|und das wird jetzt sehr schnell weitergehen.
04May_2011_Wednesday_heute-3996|und das ganze wird bei einer milden südwestströmung sehr milde <unk> aber auch wieder sehr schnell erneut regen aber auch mal ein paar <unk> aber nicht
06December_2011_Tuesday_tagesschau-6842|im norden bleibt es meist klar und trocken. die wolken liegen morgen tagsüber morgen früh im übrigen land den ganzen tag über
12November_2009_Thursday_tagesschau-6771|in der nacht ist es überwiegend klar, und hier und da ziehen einige wolken auf.
12July_2010_Monday_heute-244|am freitag wird es von norden her langsam wieder freundlicher und wärmer
28December_2011_Wednesday_tagesschau-1911|am tag weht der wind schwach bis mäßig an der nordsee auch frisch
03September_2010_Friday_tagesschau-8432|und nun die wettervorhersage für morgen, <unk> den siebten juli
10August_2009_Monday_heute-6891|und das wird sich bis zum morgen noch verstärken. er wird ebenfalls von der nordsee erneut von gewittern zu uns
27September_2009_Sunday_tagesschau-2169|der wind weht schwach bis mäßig an der see frisch an der see und auf den bergen stürmische <unk>
09February_2010_Tuesday_tagesschau-4495|am samstag wird es von westen milder und am sonntag
09August_2009_Sunday_tagesschau-1182|und das wird auch morgen für uns leider kühleres wetter und im norden einige schauer
28September_2012_Friday_tagesschau-916|und nun die wettervorhersage für morgen, <unk> den siebten september
19January_2011_Wednesday_heute-2680|in den nächsten tagen wird es etwas milder, und es wird dort milder werden.
02December_2010_Thursday_heute-8445|und die temperaturen liegen morgen bei minus fünf grad und plus vier grad im <unk>
19January_2011_Wednesday_tagesschau-7068|und nun die wettervorhersage für morgen, <unk> den siebten september
15February_2011_Tuesday_tagesschau-7468|und nun die wettervorhersage für morgen, <unk> den siebten mai
18November_2009_Wednesday_tagesschau-5583|am mittwoch ziehen wolken und regen über uns hinweg.
28November_2011_Monday_tagesschau-168|heute nacht gibt es an der nordsee nur neun grad und im süden bis zu zwei grad
10March_2011_Thursday_tagesschau-5086|am dienstag gibt es abwechselnd sonne und wolken sowie nur vereinzelt <unk> im westen und nordwesten gibt es schauer und <unk>
05September_2009_Saturday_tagesschau-4078|und nun die wettervorhersage für morgen, <unk> den siebten september
01April_2010_Thursday_heute-6697|dabei gibt es auch mal sonnenschein
04January_2010_Monday_heute-7401|am freitag gibt es abwechselnd sonne und wolken, dabei gibt es nur vereinzelt <unk>
29November_2009_Sunday_tagesschau-7043|am tag zieht der regen von westen her auf, und am nachmittag gibt es auch <unk> die sich zunehmend in schnee verwandeln wird.
03September_2010_Friday_tagesschau-8424|in der nacht heute minus zwei grad im bergland und bis zu minus neun grad
29March_2011_Tuesday_tagesschau-8117|und das wetter wird bei uns in den nächsten tagen beruhigt sich das wetter am wochenende bevor
12December_2011_Monday_tagesschau-8281|am mittwoch gibt es im süden und westen teilweise kräftige <unk> und es ist sehr windig.
09December_2009_Wednesday_tagesschau-2561|am tag dann drei grad im vogtland und bis zu plus sechs grad im <unk>
23May_2011_Monday_heute-6459|und das wird sich bis zum morgen sehr kühle luft aus nordwesten strömt wieder kältere luft zu uns
29November_2011_Tuesday_heute-8095|ihnen einen schönen abend und machen sie es gut
11April_2010_Sunday_tagesschau-8639|der wind weht schwach bis mäßig an der see frisch mit starken bis stürmischen böen
07April_2010_Wednesday_heute-1631|heute nacht liegen die werte zwischen sechs und minus einem grad, an den alpen und minus ein grad.
20July_2010_Tuesday_tagesschau-7883|heute nacht beträgt die temperatur im westen und südwesten und an der ostsee bis zu minus acht grad.
01February_2011_Tuesday_tagesschau-4976|am dienstag wird es von westen wieder freundlicher und am mittwoch wieder freundlicher und wärmer.
04July_2009_Saturday_tagesschau-3345|am dienstag gibt es abwechselnd sonne und wolken, wobei es im süden und westen teilweise kräftige <unk>
20March_2010_Saturday_heute-7296|der wind weht schwach bis mäßig bei schauern und gewittern frischt er stark bis stürmisch auf
09August_2010_Monday_tagesschau-3004|am montag gibt es im norden und westen wieder <unk> an den küsten gibt es einige <unk>
10December_2011_Saturday_tagesschau-5422|am freitag wird es dann langsam wieder etwas freundlicher
04April_2011_Monday_heute-966|am mittwoch wird es dann wieder freundlicher und wärmer
01May_2010_Saturday_tagesschau-7197|am samstag gibt es im norden <unk> und an den küsten ist es wolkiger, und vereinzelt fallen <unk>
09August_2009_Sunday_tagesschau-1179|am samstag zieht von nordwesten wieder regen heran
31May_2011_Tuesday_heute-1899|im süden schwacher <unk> in der mitte mäßiger <unk> im norden frischer wind mit starken bis stürmischen <unk>
11February_2011_Friday_tagesschau-7755|und nun die wettervorhersage für morgen, <unk> den siebten dezember
29April_2010_Thursday_heute-8623|am montag wird es dann überall wieder freundlicher und auch etwas wärmer
03September_2010_Friday_tagesschau-8423|und das wetter wird dann auch nicht ganz so kalt
18November_2011_Friday_tagesschau-2143|das <unk> das sich von den niederlanden bis nach südschweden zieht, ziehen heute nacht weite teile deutschlands
19October_2009_Monday_tagesschau-229|und nun die wettervorhersage für morgen, <unk> den achtundzwanzigsten januar
30November_2011_Wednesday_tagesschau-6292|am mittwoch und donnerstag ist es im norden ebenfalls sehr windig, sonst ist es recht mild
16September_2010_Thursday_tagesschau-6276|heute nacht ist es verbreitet klar später klart es vielerorts auf, und dann wird es wieder frostig und auch im westen und nordwesten bei ein bis zwei grad
04August_2011_Thursday_tagesschau-718|am montag wird es dann wechselhaft und kühler
20December_2010_Monday_tagesschau-3199|im nordwesten macht sich die wolken mit etwas regen und kräftigem <unk>
13February_2010_Saturday_tagesschau-6036|und nun die wettervorhersage für morgen, <unk> den ersten november
12July_2011_Tuesday_heute-1274|ein neues tief zieht heran, man könnte sagen, dass diese milde luft schon zu uns überqueren.
30November_2011_Wednesday_tagesschau-6291|und das wird morgen dann der freitag ein bisschen milder
26March_2011_Saturday_tagesschau-5731|am montag gibt es im norden und westen einige <unk>
11May_2010_Tuesday_tagesschau-1960|und nun die wettervorhersage für morgen, <unk> den ersten märz
07February_2011_Monday_tagesschau-1613|der wind weht schwach bis mäßig im norden frisch mit starken bis stürmischen <unk> an der küste und auf den bergen treten sturmböen auf.
22March_2011_Tuesday_tagesschau-4956|in der nacht fallen hier und da einige <unk> ansonsten ist es klar.
24January_2010_Sunday_tagesschau-8710|im süden weht der wind schwach bis mäßig, an der see frisch mit stürmischen <unk>
07June_2010_Monday_heute-2327|im osten und süden scheint die sonne neben wolken und nebelfeldern auch am nachmittag gibt es noch einzelne <unk>
04October_2010_Monday_heute-5945|guten abend liebe zuschauer
20December_2010_Monday_tagesschau-3208|heute nacht sieben grad im vogtland und minus ein grad an der nordsee
14October_2009_Wednesday_tagesschau-529|im norden weht der wind schwach bis mäßig aus nördlichen richtungen
04July_2010_Sunday_tagesschau-7199|am tag liegen die temperaturen zwischen minus eins und plus sechs grad in der lausitz und minus acht grad
09February_2010_Tuesday_tagesschau-4496|und das wetter wird dann auch am samstag bei uns
25August_2010_Wednesday_heute-6001|heute nacht ist es im westen und nordwesten bewölkt, örtlich fällt etwas <unk> der sich nur noch wenige <unk>
07April_2011_Thursday_tagesschau-8102|von westen her wird es später wieder freundlicher, und am freitag gibt es nur noch wenige <unk>
10February_2010_Wednesday_tagesschau-2524|am sonntag gibt es viele wolken und es gibt etwas <unk>
06February_2011_Sunday_tagesschau-6914|heute nacht liegen die werte zwischen plus vier und minus drei grad, am alpenrand und in den alpen bei den alpen noch etwas regen
07December_2010_Tuesday_heute-5626|der wind weht schwach bis mäßig im norden frisch bis stark mit <unk>
18October_2010_Monday_heute-630|guten abend liebe zuschauer
25August_2009_Tuesday_tagesschau-7090|guten abend liebe zuschauer
16April_2010_Friday_tagesschau-6577|das tief das sich von großbritannien nach deutschland bewegt, bringt morgen vor allem dem norden deutschlands wechselhaftes <unk>
25April_2010_Sunday_tagesschau-4952|am dienstag ist es teilweise freundlich
03March_2011_Thursday_tagesschau-7064|und nun die wettervorhersage für morgen, <unk> den fünfundzwanzigsten februar
24November_2011_Thursday_heute-223|im übrigen land gibt es gebietsweise <unk> am ist es teils klar, teils wolkig, teils aber <unk>
05April_2011_Tuesday_tagesschau-6420|von westen zieht ein regengebiet heran dabei ist es morgen schon wieder über deutschland
01July_2009_Wednesday_tagesschau-4555|am dienstag wird es dann etwas freundlicher, und auch am mittwoch auch wieder wärmer.
28September_2009_Monday_tagesschau-4680|am mittwoch wird es dann von norden her allmählich freundlicher, wenn sich die temperaturen wieder etwas kühler.
09January_2010_Saturday_tagesschau-1919|und nun die wettervorhersage für morgen, <unk> den siebten dezember
10August_2011_Wednesday_tagesschau-6304|im norden und westen ist es am sonntag überwiegend freundlich sonst teils wolkig teils klar und trocken.
01July_2011_Friday_tagesschau-2765|heute nacht sechs grad an der ostsee und minus drei grad im <unk>
03November_2010_Wednesday_tagesschau-6506|im norden weht der wind mäßig bis frisch mit starken bis stürmischen böen an der nordsee sowie auf den bergen sturmböen
20March_2010_Saturday_heute-7297|im bergland verwandelt sich der regen zunehmend in schnee
14April_2010_Wednesday_heute-1881|und das ganze wird bei uns dann bei uns ganz deutschland
02June_2010_Wednesday_heute-6796|und morgen wird es etwas kühler sein als heute sein, meist so um die zwanzig grad
09August_2010_Monday_heute-5905|am montag wird es dann überall wechselhaft
20November_2010_Saturday_tagesschau-1824|der wind weht schwach bis mäßig aus nördlichen richtungen
09April_2010_Friday_tagesschau-7623|und nun die wettervorhersage für morgen, <unk> den siebzehnten april
03November_2010_Wednesday_tagesschau-6505|im süden und osten bleibt es meist trocken und meist sonnig
23March_2011_Wednesday_tagesschau-8751|am samstag mal wolken, mal <unk> mal <unk> mal <unk> mal <unk> mal wolken und es gibt nur vereinzelte <unk>
17January_2011_Monday_tagesschau-7003|in der nacht ist es überwiegend klar, und an manchen stellen entsteht <unk>
30August_2011_Tuesday_heute-784|und morgen wird es für uns alle etwas kühler, vor allem in den nächsten tagen wird es etwas milder, und es wird etwas kühler.
12September_2009_Saturday_tagesschau-6589|am mittwoch wird es dann wieder freundlicher, und am donnerstag gibt es zudem <unk>
20December_2010_Monday_tagesschau-3204|heute nacht sieben grad an den alpen und minus ein grad im <unk>
02June_2010_Wednesday_tagesschau-7160|heute nacht sieben bis null grad im nordwesten und minus ein grad an den alpen
16September_2010_Thursday_tagesschau-6271|am tag scheint verbreitet die sonne und es wird recht freundlich
30October_2009_Friday_tagesschau-2276|am montag ziehen die schauer und gewitter aus nordwesten heran sonst regnet es stellenweise.
30January_2011_Sunday_tagesschau-6345|und nun die wettervorhersage für morgen, <unk> den siebten september
09February_2010_Tuesday_tagesschau-4497|und es wird dann auch deutlich wärmer
30December_2010_Thursday_tagesschau-2236|heute nacht werte zwischen minus eins und plus sechs grad in der eifel und minus acht grad in der eifel
30July_2010_Friday_tagesschau-1520|und nun die wettervorhersage für morgen, <unk> den siebten april
22April_2010_Thursday_heute-2125|liebe zuschauer guten abend
09July_2009_Thursday_tagesschau-7110|und nun die wettervorhersage für morgen, <unk> den siebten märz
21January_2011_Friday_tagesschau-4890|am dienstag gibt es viele wolken und nur vereinzelt schauer
18April_2011_Monday_tagesschau-1316|am samstag ist es im süden freundlich sonst gibt es nur einzelne schauer und <unk>
09May_2011_Monday_tagesschau-8586|am freitag wird es dann etwas milder
13August_2011_Saturday_tagesschau-1410|der wind weht schwach bis mäßig aus west bis <unk>
27July_2010_Tuesday_heute-5261|guten abend liebe zuschauer
21November_2009_Saturday_tagesschau-4911|am tag ist es teils heiter, teils wolkig, teils aber auch <unk>
08October_2009_Thursday_tagesschau-5350|heute nacht ist es verbreitet klar und trocken.
16December_2009_Wednesday_tagesschau-5918|am freitag gibt es teils <unk> teils wolken und nur vereinzelt etwas <unk>
12September_2009_Saturday_tagesschau-6591|am dienstag ist es im süden recht freundlich; ansonsten ziehen einige wolken vorbei, und im bergland fällt zum teil schnee oder <unk>
23August_2010_Monday_heute-5319|der wind weht schwach bis mäßig aus unterschiedlichen richtungen
12July_2011_Tuesday_heute-1279|am tag gibt es viel <unk> im äußersten süden und osten sowie an den küsten ist es sehr windig.
06August_2010_Friday_tagesschau-2172|und nun die wettervorhersage für morgen, <unk> den siebten märz
04December_2009_Friday_tagesschau-841|der wind weht schwach bis mäßig im norden frisch bis stark mit sturmböen an der nordsee stürmische böen
30November_2010_Tuesday_tagesschau-4617|in der mitte und im süden ist es meist klar.
29September_2012_Saturday_tagesschau-2966|am montag gibt es im norden und westen <unk> ansonsten wieder <unk> es gibt nur einzelne <unk>
15December_2010_Wednesday_tagesschau-40|am tag regnet es in der nordhälfte hier und da
28November_2011_Monday_heute-1587|am tag minus fünf grad im vogtland und plus ein grad im <unk>
23December_2010_Thursday_tagesschau-1430|und nun die wettervorhersage für morgen, <unk> den siebten september
06July_2009_Monday_tagesschau-2109|am freitag wird es von westen her etwas freundlicher, und am samstag gibt es <unk> die örtlich etwas <unk>
11October_2010_Monday_tagesschau-4612|und morgen früh gibt es im nordwesten vielleicht auch mal ein kleines gewitter
12September_2009_Saturday_tagesschau-6590|am dienstag gibt es im norden und westen stellenweise <unk> ansonsten regnet es vereinzelt.
05February_2010_Friday_tagesschau-2920|und nun die wettervorhersage für morgen, <unk> den siebten januar
14April_2010_Wednesday_heute-1892|ihnen einen schönen abend und machen sie es gut
10August_2011_Wednesday_tagesschau-6305|am sonntag gibt es im norden einige schauer und gewitter die örtlich unwetterartig sein können
05May_2011_Thursday_tagesschau-25|und nun die wettervorhersage für morgen, <unk> den siebten september
23February_2011_Wednesday_heute-3780|guten abend liebe zuschauer
25June_2010_Friday_tagesschau-3884|am tag minus drei grad im <unk> plus fünf grad im <unk>
12July_2009_Sunday_tagesschau-2573|am freitag gibt es viele wolken und vor allem im norden und nordwesten gibt es einige schauer
16December_2011_Friday_tagesschau-6532|am samstag gibt es im norden einige <unk> im süden ist es teilweise freundlich und sehr mild.
07April_2010_Wednesday_tagesschau-6029|im norden und osten ist es heute nacht meist klar in der nacht und auch die sich über den norden deutschlands ausbreiten
17January_2010_Sunday_tagesschau-5554|in der nacht ist es meist dicht bewölkt oder neblig trüb teils klar
27August_2009_Thursday_tagesschau-3286|am samstag ist es abseits zäher nebelfelder recht freundlich
06May_2010_Thursday_heute-1054|am tag scheint die sonne verbreitet.
25August_2010_Wednesday_heute-6008|und das wetter wird dann auch nicht ganz so kalt sein, aber es wird wieder etwas kühler.
30November_2010_Tuesday_tagesschau-4621|im norden scheint die sonne morgen verbreitet.
26April_2010_Monday_heute-3398|am samstag gibt es viel <unk> sobald der nebel weg ist.
21November_2011_Monday_heute-5433|am montag beruhigt sich das wetter und am nachmittag wieder
07October_2012_Sunday_tagesschau-3026|ich wünsche ihnen einen schönen abend und machen sie es gut
02December_2010_Thursday_tagesschau-3637|dabei gibt es zum teil unwetterartige gewitter
16May_2010_Sunday_tagesschau-5227|im norden fällt heute nacht verbreitet <unk> der sich im tagesverlauf zum teil kräftiger <unk>
01April_2010_Thursday_heute-6698|morgen liegen die temperaturen zwischen drei und sieben grad im südwesten und minus sechs grad
12January_2010_Tuesday_heute-2546|am dienstag wird es von westen her etwas freundlicher, und am mittwoch gibt es nur noch einzelne <unk>
29January_2010_Friday_tagesschau-6489|am montag ist es teils freundlich, teils bewölkt oder neblig trüb.
25January_2010_Monday_heute-1467|und das ganze bei vielen wolken die hier und da regen bringen die tiefs hier und da morgen auch den nächsten tagen wechselhaftes wetter
26September_2009_Saturday_tagesschau-2335|am samstag mal <unk> mal wolken und nur vereinzelt schauer
13February_2010_Saturday_tagesschau-6044|im norden und westen lockert es schon wieder auf und es wird wieder freundlicher
15February_2010_Monday_tagesschau-1843|am freitag gibt es viele wolken und es regnet kaum
01December_2011_Thursday_heute-3061|am mittwoch gibt es neben wolken und nebelfeldern auch sonnenschein und es bleibt überall trocken.
18November_2009_Wednesday_tagesschau-5586|und das nächste regengebiet folgt auf den bergen orkanartige böen
09February_2011_Wednesday_heute-7538|und das wird sich von den wolken mit etwas regen fallen im norden und westen bereits einige <unk>
12December_2010_Sunday_tagesschau-5597|in der nacht ist es überwiegend bedeckt, und hier und da fällt etwas <unk> der sich die nebelfelder ausbreiten werden.
12December_2010_Sunday_tagesschau-5605|und nun die wettervorhersage für morgen, <unk> den siebten februar
11May_2010_Tuesday_tagesschau-1964|im norden und westen ist es heute nacht meist klar, sonst gibt es einige <unk> die sich weiter öfter zeigt.
02November_2010_Tuesday_heute-2754|und nun die wettervorhersage für morgen, <unk> den siebzehnten september
11May_2010_Tuesday_tagesschau-1971|am dienstag gibt es teils <unk> teils wolken, teils <unk> und es ist windig.
20October_2009_Tuesday_tagesschau-3586|und nun die wettervorhersage für morgen, <unk> den zweiundzwanzigsten juli
21July_2009_Tuesday_tagesschau-8062|am samstag gibt es abwechselnd sonne und wolken, dabei gibt es einzelne <unk>
24October_2009_Saturday_tagesschau-4283|am montag ist es teils freundlich
24December_2010_Friday_tagesschau-5128|dabei gibt es teilweise unwetterartige gewitter und es bestehen entsprechende warnungen des deutschen wetterdienstes
14April_2010_Wednesday_heute-1880|und es wird dann auch am donnerstag noch ein bisschen wärmer
12November_2009_Thursday_tagesschau-6770|am nachmittag lockert es im norden wieder auf und es gibt nur vereinzelt ein paar <unk>
22April_2010_Thursday_heute-2120|am tag ist es im norden und nordwesten meist sonnig sonst mal dichtere wolken und nur vereinzelt ein paar tropfen
20February_2011_Sunday_tagesschau-3164|und nun die wettervorhersage für morgen, <unk> den fünfundzwanzigsten september
25November_2010_Thursday_tagesschau-2529|in der nacht ist es im süden und osten allgemein klar, und an manchen stellen entsteht <unk>
25May_2010_Tuesday_tagesschau-1294|heute nacht liegen die temperaturen zwischen minus fünf und plus zwei grad, im <unk>
23September_2010_Thursday_heute-6476|und nun die wettervorhersage für morgen, <unk> den siebten oktober
02December_2010_Thursday_tagesschau-3636|am nachmittag klart es im westen wieder auf.
17May_2010_Monday_tagesschau-8473|am tag gibt es abwechselnd sonne und wolken, wobei es im südwesten einzelne schauer und gewitter entstehen.
11December_2010_Saturday_tagesschau-8657|und nun die wettervorhersage für morgen, <unk> den siebten juli
09May_2011_Monday_tagesschau-8585|am samstag gibt es abwechselnd sonne und wolken, dabei fällt verbreitet <unk>
18September_2010_Saturday_tagesschau-4197|am mittwoch gibt es zuerst <unk> danach bleibt es freundlich; im westen und süden wird es wieder freundlicher.
19April_2010_Monday_heute-781|im süden ist es noch freundlich und meist trocken
03October_2012_Wednesday_tagesschau-7656|am mittwoch gibt es viele wolken, hier und da <unk>
20November_2011_Sunday_tagesschau-536|in der nacht ist es überwiegend klar, und hier und da bildet sich <unk>
05April_2010_Monday_tagesschau-3546|und nun die wettervorhersage für morgen, <unk> den siebten mai
24July_2011_Sunday_tagesschau-6621|und es wird dann auch etwas wärmer
02September_2010_Thursday_heute-3456|im norden und nordwesten gibt es heute nacht dichte wolken, welche hier und da etwas regen oder <unk> der gefrieren kann.
02November_2010_Tuesday_heute-2742|guten abend liebe zuschauer
23September_2009_Wednesday_tagesschau-7583|im norden und westen lockert es sich heute nacht hier und da fallen ein paar tropfen
26April_2010_Monday_tagesschau-7273|und das ganze bei vielen wolken, die zum teil noch kräftige schauer und gewitter an der nordsee lockert es auch mal auf
17October_2009_Saturday_tagesschau-2138|am mittwoch ziehen wolken aus westen auf, die sich am donnerstag bis zur mitte ausbreitet
13April_2011_Wednesday_tagesschau-1683|am donnerstag gibt es abwechselnd sonne und wolken, ab und zu regen bringen.
30September_2012_Sunday_tagesschau-4037|am samstag ist es recht freundlich
05July_2010_Monday_tagesschau-1200|am montag gibt es teils <unk> teils wolken, teils <unk> teils <unk> teils <unk>
09August_2009_Sunday_tagesschau-1180|und das wetter wird auch nicht sehr kalt
05January_2010_Tuesday_tagesschau-2672|heute nacht beträgt die temperatur an der ostsee und im süden minus zwei grad und bis zu plus sieben grad.
14October_2010_Thursday_tagesschau-299|guten abend liebe zuschauer
03November_2010_Wednesday_tagesschau-6507|im süden regnet es gebietsweise auch sonst bleibt es meist trocken
31January_2013_Thursday_tagesschau-2710|am freitag gibt es viele wolken, die stellenweise regen und es muss in der osthälfte stellenweise mit schnee oder gefrierendem regen gerechnet werden.
06January_2010_Wednesday_heute-3525|am tag regnet es im norden und westen hier und da im nordwesten auch gewitter
09April_2010_Friday_tagesschau-7632|heute nacht sechs bis neun grad im süden bis zu zwei grad
22July_2010_Thursday_tagesschau-8195|am tag ziehen wolken über den norden und nordwesten und bis in die mitte
17January_2011_Monday_tagesschau-7001|im süden ist es nach wie vor die sonne scheint verbreitet.
13May_2010_Thursday_tagesschau-7916|und nun die wettervorhersage für morgen, <unk> den fünfundzwanzigsten märz
20April_2011_Wednesday_tagesschau-3084|im norden und westen bringt ein atlantischer tiefausläufer zahlreiche wolken und gebietsweise regen
27January_2013_Sunday_tagesschau-8836|am freitag wird es von westen her langsam wieder freundlicher und am samstag wird es wieder etwas freundlicher
23September_2009_Wednesday_tagesschau-7582|und das nächste tief das von großbritannien nach deutschland zieht sorgt dafür dass wolken zu uns
27September_2009_Sunday_tagesschau-2170|ihnen einen schönen abend und machen sie es gut
06October_2010_Wednesday_tagesschau-632|und das ganze schließlich bei plus eins und milden minus sieben grad und plus in den mittelgebirgen und null grad
25February_2011_Friday_tagesschau-575|am dienstag ist es teils freundlich und weitgehend trocken
05December_2009_Saturday_tagesschau-4701|und morgen wird es dann im westen wieder etwas freundlicher und am wochenende auch wieder wärmer als heute und auch der <unk>
05October_2011_Wednesday_heute-1069|liebe zuschauer guten abend
08October_2009_Thursday_tagesschau-5348|heute nacht ist es im norden noch weitgehend klar
25January_2010_Monday_tagesschau-8298|und nun die wettervorhersage für morgen, <unk> den siebten september
03August_2010_Tuesday_tagesschau-2776|das tief das von großbritannien nach deutschland zieht sorgt dafür dass es bei uns in den nächsten tagen für sehr wechselhaftes wetter sorgt.
24October_2009_Saturday_tagesschau-4285|im norden und westen ist es am sonntag überwiegend freundlich
27October_2009_Tuesday_tagesschau-6148|im norden machen sich wolken des tiefs über der nordsee wolken mit etwas regen oder <unk>
23September_2010_Thursday_tagesschau-3444|heute nacht ist es im norden und osten meist trocken
02October_2009_Friday_tagesschau-1362|am dienstag gibt es viele wolken und einige schauer und gewitter die örtlich kräftig sein können
09December_2009_Wednesday_tagesschau-2562|heute nacht beträgt die temperatur am niederrhein plus ein grad und minus vier grad und an den alpen minus acht grad
25October_2010_Monday_tagesschau-22|am samstag schneit es gebietsweise leicht bis mäßig im norden auch frisch an der nordsee stürmische böen
31October_2009_Saturday_tagesschau-7147|heute nacht sieben bis neun grad am alpenrand bis zu zwei grad
18November_2009_Wednesday_tagesschau-5584|am samstag ist es im norden stark bewölkt.
06October_2010_Wednesday_tagesschau-640|und nun die wettervorhersage für morgen, <unk> den siebten september
01March_2011_Tuesday_tagesschau-2211|heute nacht ist es meist stark bewölkt hier und da fallen ein paar tropfen oder flocken in der mitte und im süden zeigen sich auch die sterne
30October_2009_Friday_tagesschau-2275|der wind weht schwach bis mäßig aus nördlichen richtungen
06July_2010_Tuesday_tagesschau-2653|im norden gibt es heute nacht noch vereinzelt <unk>
16January_2010_Saturday_tagesschau-8073|im norden und westen gibt es heute nacht noch einige schauer und gewitter die örtlich unwetterartig sein können mit starkregen und sturmböen
07April_2010_Wednesday_heute-1632|ihnen einen schönen abend und machen sie es gut
30January_2013_Wednesday_tagesschau-477|am sonntag und montag ist es teils freundlich, teils bewölkt oder neblig trüb.
20July_2010_Tuesday_heute-5251|und nun die wettervorhersage für morgen, <unk> den ersten februar
10December_2011_Saturday_tagesschau-5421|am freitag wird es dann überall wieder freundlicher
14April_2010_Wednesday_heute-1879|guten abend liebe zuschauer
24January_2013_Thursday_tagesschau-6323|am donnerstag regnet es im südosten ab und an etwas sonst ist es langsam wieder sonnig
06October_2012_Saturday_tagesschau-8729|und nun die wettervorhersage für morgen, <unk> den siebten september
04April_2011_Monday_heute-965|am dienstag ist es teils freundlich und meist trocken
24June_2011_Friday_tagesschau-4071|am samstag ist es im süden recht freundlich sonst viele wolken und stellenweise regen
16December_2011_Friday_tagesschau-6529|im süden ist es dank des <unk> zum teil freundlich, während es von westen her freundlicher und am mittwoch auch wieder wechselhaft bleibt.
04May_2010_Tuesday_heute-453|im norden weht der wind schwach bis mäßig aus nordost bis <unk>
07December_2010_Tuesday_tagesschau-4152|am tag fünf grad auf rügen und sechzehn grad im breisgau
06December_2011_Tuesday_heute-1553|und jetzt die <unk> für morgen, <unk> den 10. august
10November_2009_Tuesday_tagesschau-7250|am dienstag wird es von westen her langsam wieder freundlicher
11December_2010_Saturday_tagesschau-8659|am dienstag gibt es im norden und westen teilweise kräftige <unk>
20June_2011_Monday_heute-6514|der wind weht schwach bis mäßig aus west bis südwest
26September_2009_Saturday_tagesschau-2343|am montag wird es dann wieder freundlicher und am mittwoch
03October_2012_Wednesday_tagesschau-7657|im norden gibt es morgen viele wolken und es regnet leicht.
08December_2009_Tuesday_heute-4213|und das nächste tief für uns den sonntag
10December_2011_Saturday_tagesschau-5420|am freitag wird es dann langsam wieder etwas milder
12January_2011_Wednesday_tagesschau-1732|heute nacht zehn grad in der eifel und minus ein grad in den alpentälern
11October_2010_Monday_tagesschau-4615|am tag ist es im norden und westen meist sonnig sonst gibt es nur einzelne schauer und gewitter
20December_2010_Monday_tagesschau-3205|am freitag gibt es viele wolken, einige schauer und gewitter
17October_2009_Saturday_tagesschau-2139|und es wird auch noch ein wenig freundlicher und die regenschauer lassen
07January_2010_Thursday_tagesschau-2302|und nun die wettervorhersage für morgen, <unk> den siebten juli
05September_2010_Sunday_tagesschau-3132|am tag ist es im norden und westen überwiegend freundlich und nur hier und da etwas regen oder schnee
09July_2009_Thursday_tagesschau-7122|am samstag ist es im süden teilweise freundlich sonst regnet es hier und da im norden auch etwas
27May_2011_Friday_tagesschau-8133|am dienstag wird es von westen her wolkiger, es gibt nur vereinzelt schauer oder <unk> die örtlich heftig ausfallen können.
28November_2011_Monday_tagesschau-165|und es wird dann auch sehr kühl
28January_2010_Thursday_tagesschau-2817|am samstag viel sonne und wolken mit einzelnen schauern im <unk>
08June_2010_Tuesday_tagesschau-5527|heute nacht sieben bis null grad an der nordsee und minus zwei grad im <unk>
06January_2010_Wednesday_tagesschau-7726|und das wetter bringt am samstag viele wolken und gebietsweise regen in den norden und westen deutschlands
27June_2010_Sunday_tagesschau-7386|am samstag zieht von westen wieder regen heran und es gibt nur einzelne <unk>
15July_2011_Friday_tagesschau-8726|am samstag ist es im süden freundlich und es wird etwas freundlicher
24January_2011_Monday_tagesschau-3720|der wind weht schwach bis mäßig an den küsten auch frisch aus süd bis südwest
09August_2010_Monday_tagesschau-3000|am freitag gibt es abwechselnd sonne und wolken, wobei im süden einzelne schauer und gewitter entstehen.
13July_2010_Tuesday_tagesschau-4317|im süden weht der wind schwach bis mäßig, an den küsten frisch und stark böig aus <unk>
25April_2010_Sunday_tagesschau-4942|in der nacht regnet es hier und da etwas im nordwesten teilweise länger sonst ist es meist sternenklar örtlich bildet sich nebel
21April_2010_Wednesday_heute-3124|am dienstag wird es dann zunehmend milder
12July_2011_Tuesday_heute-1281|und das wetter wird windig und es wird auch noch regnen
28July_2011_Thursday_tagesschau-8521|das tief das von den alpen nach polen zieht bringt dem osten und süden deutschlands noch teilweise sehr freundliches wetter
12December_2011_Monday_tagesschau-8282|am mittwoch wechselhaftes wetter mit <unk>
06July_2011_Wednesday_tagesschau-6870|am freitag wird es von westen her zunehmend freundlicher, und am samstag gibt es mehr <unk>
06October_2011_Thursday_heute-5532|liebe zuschauer guten abend
31January_2010_Sunday_tagesschau-1333|am montag ist es im süden freundlich, sonst gibt es immer wieder <unk>
23November_2011_Wednesday_tagesschau-980|am samstag zeigen sich die wolken im norden wieder dichter nebel und es gibt nur vereinzelt schauer
12September_2010_Sunday_tagesschau-3919|und es wird auch sehr kühl
28September_2012_Friday_tagesschau-917|am freitag wird es dann verbreitet sonnig
10March_2011_Thursday_heute-51|und das wird jetzt schon den ganzen tag über trüb. am wochenende wird es dann am sonntag wieder zumindest ein wenig milder.
13November_2009_Friday_tagesschau-8610|heute nacht elf bis sechzehn grad an der ostsee bis zu dreizehn grad am <unk>
19July_2009_Sunday_tagesschau-1568|am dienstag gibt es viele wolken und zeitweise regen oder <unk> die örtlich kräftig sein können.
10April_2010_Saturday_tagesschau-4140|im norden weht der wind schwach bis mäßig, an der nordsee auch frisch und stark böig aus <unk>
10December_2011_Saturday_tagesschau-5423|der wind weht schwach bis mäßig an den küsten auch frisch
24May_2010_Monday_tagesschau-3142|in der nacht ist es überwiegend klar, und hier und da ziehen einige wolken auf.
13December_2009_Sunday_tagesschau-6822|in der nacht regnet es im süden und südosten teilweise länger sonst ist es meist trocken
14October_2010_Thursday_tagesschau-298|am freitag regnet es gebietsweise im norden und westen ist es vorübergehend freundlicher
08October_2009_Thursday_tagesschau-5351|im süden ist es heute nacht teilweise klar, sonst gibt es einige <unk>
01March_2011_Tuesday_tagesschau-2210|im norden und nordwesten gibt es einige wolken
15September_2010_Wednesday_tagesschau-5210|der wind weht schwach bis mäßig an der see frisch an der see stark
07January_2010_Thursday_tagesschau-2301|heute nacht liegen die temperaturen zwischen minus eins und plus sechs grad, tagsüber minus drei grad.
03October_2012_Wednesday_tagesschau-7655|im süden bleibt es noch länger freundlich.
10January_2011_Monday_heute-1375|in der nacht regnet es im norden und westen stellenweise leicht im höheren bergland schneit es teilweise. vorsicht glätte
24January_2011_Monday_heute-6984|und das ganze wird bei uns in ganz deutschland etwas genau über <unk>
12February_2010_Friday_tagesschau-126|am mittwoch ziehen wolken über den norden und <unk> an den küsten ist es schon etwas wärmer.
21June_2011_Tuesday_tagesschau-1264|in der nacht regnet es im nordwesten gebietsweise im süden auch längere zeit
23August_2010_Monday_tagesschau-4438|im süden und südwesten gibt es einige schauer und gewitter
25June_2010_Friday_tagesschau-3887|am freitag wird es dann auch wieder etwas freundlicher
21November_2009_Saturday_tagesschau-4905|der wind weht schwach bis mäßig an der see frisch und teilweise mit starken bis stürmischen böen
14July_2010_Wednesday_tagesschau-1865|und das wetter wird für uns den regen ja jetzt
20September_2010_Monday_heute-2934|am samstag gibt es im norden und westen einige <unk>
29July_2010_Thursday_tagesschau-7411|im westen und nordwesten sorgt hoher luftdruck für viel sonnenschein
20June_2011_Monday_heute-6521|in der nacht ist es überwiegend klar, und deshalb wird es in den mittelgebirgen und an den alpen etwas wärmer.
01February_2011_Tuesday_tagesschau-4975|im süden regnet es teilweise länger
12May_2010_Wednesday_tagesschau-318|im norden und westen ist es heute nacht meist trocken, und dort mitunter auch längere <unk>
06December_2011_Tuesday_heute-1554|ich wünsche ihnen einen schönen abend und machen sie es gut
30March_2011_Wednesday_tagesschau-7130|im norden und osten ist es heute nacht meist klar und trocken.
30November_2009_Monday_tagesschau-5755|am tag minus fünf grad im vogtland und plus ein grad im breisgau
18November_2009_Wednesday_tagesschau-5585|in der nacht ist es überwiegend klar.
09August_2009_Sunday_tagesschau-1181|am samstag ist es im süden freundlich und es wird wieder freundlicher.
02December_2011_Friday_tagesschau-8009|heute nacht ist es meist klar und nur an den küsten fällt etwas <unk>
24January_2013_Thursday_heute-7254|und nun die wettervorhersage für morgen, <unk> den vierten <unk>
20July_2010_Tuesday_tagesschau-7877|das hoch über der biskaya dehnt sich nach mitteleuropa aus
06October_2012_Saturday_tagesschau-8744|am dienstag gibt es abwechselnd sonne und wolken, dabei fallen <unk>
06April_2010_Tuesday_tagesschau-308|der wind weht schwach bis mäßig aus west bis <unk>
13August_2009_Thursday_tagesschau-8487|der wind weht schwach bis mäßig aus west bis südwest
29January_2010_Friday_tagesschau-6490|heute nacht ist es meist stark bewölkt hier und da fallen ein paar tropfen oder flocken in der mitte und im norden auch mal wolkig
23August_2010_Monday_tagesschau-4430|am mittwoch wird es dann schon wieder freundlicher und auch wieder wärmer
23July_2011_Saturday_tagesschau-5498|am mittwoch ziehen von westen wieder wolken mit etwas regen heran
12March_2011_Saturday_tagesschau-2455|am samstag ist es insgesamt etwas freundlicher, sobald der nebel verschwunden ist.
13July_2009_Monday_tagesschau-7513|im norden und nordwesten gibt es heute nacht vereinzelt schauer in der mitte und im süden ist es auch klar.
23August_2010_Monday_heute-5320|am nachmittag ziehen von nordwesten wieder wolken heran und bringen örtlich etwas regen
23November_2011_Wednesday_tagesschau-973|und nun die wettervorhersage für morgen, <unk> den dreißigsten september
06January_2010_Wednesday_heute-3523|heute nacht ist es teils locker bewölkt oder klar, und hier und da bildet sich <unk>
08February_2010_Monday_tagesschau-2796|und nun die wettervorhersage für morgen, <unk> den siebten märz
23May_2011_Monday_heute-6466|und es gibt auch schauer und gewitter
28May_2010_Friday_tagesschau-7496|das tief das von großbritannien nach deutschland zieht sorgt morgen vielerorts für regen
26March_2011_Saturday_tagesschau-5730|im süden gibt es kaum schauer
23January_2011_Sunday_tagesschau-7834|am dienstag gibt es neben wolken und nebel auch <unk> aber kaum <unk>
17May_2010_Monday_tagesschau-8477|am mittwoch und donnerstag ist es im norden ebenfalls wechselhaft, ansonsten viele wolken und stellenweise etwas <unk>
04February_2010_Thursday_heute-7966|und das wetter wird sich fast überall deutlich kühler, und die temperaturen sinken auf minus elf bis minus zwei grad
02December_2010_Thursday_heute-8444|guten abend liebe zuschauer
15September_2010_Wednesday_heute-2476|und es wird auch sehr kühl
31May_2011_Tuesday_tagesschau-4294|und jetzt wünsche ich ihnen noch einen schönen abend
15September_2010_Wednesday_tagesschau-5209|am montag gibt es im norden einige wolken, sonst ist es meist freundlich und es bleibt weitgehend trocken.
20October_2009_Tuesday_tagesschau-3595|der wind weht schwach bis mäßig aus nördlichen richtungen
09August_2010_Monday_heute-5906|ich wünsche ihnen einen schönen abend und machen sie es gut.
25November_2010_Thursday_tagesschau-2530|am montag gibt es im norden und westen wieder kräftige schauer und <unk>
02September_2010_Thursday_heute-3457|am dienstag wird es dann zumindest im norden etwas freundlicher
11January_2011_Tuesday_heute-8176|am nachmittag ziehen von westen wieder wolken heran die sich im laufe des tages von westen wieder regen ausbreiten
10August_2010_Tuesday_tagesschau-3865|im süden ist es meist klar und nur vereinzelt ein paar wolken
26October_2010_Tuesday_tagesschau-5789|am mittwoch ziehen dann wolken über die nordhälfte gebietsweise regen bringen
04January_2010_Monday_heute-7399|heute nacht liegen die temperaturen am oberrhein zwischen zwei und sieben grad, bis zu acht grad.
23August_2010_Monday_tagesschau-4429|in der nacht ist es meist klar. vereinzelt kann sich ein kleines schneefallgebiet nach <unk>
08December_2009_Tuesday_heute-4212|im süden bleibt es noch freundlich
01March_2011_Tuesday_tagesschau-2209|am tag scheint im norden viel <unk> sobald der nebel verschwunden ist.
20March_2010_Saturday_heute-7288|am dienstag wird es dann aus nordwesten wieder freundlicher.
31May_2011_Tuesday_tagesschau-4295|am montag wird es von nordwesten wieder freundlicher und auch wieder wärmer
19February_2010_Friday_tagesschau-4101|am nachmittag sind einzelne gewitter möglich
01February_2011_Tuesday_heute-4637|im süden weht der wind schwach bis mäßig, an der see frisch mit stürmischen <unk>
04July_2011_Monday_heute-6441|und das wird jetzt schon den <unk> ich wünsche ihnen noch einen schönen abend
01December_2011_Thursday_heute-3058|am tag ist es im norden und westen wechselhaft, ansonsten gibt es nur einzelne <unk>
29April_2010_Thursday_heute-8622|und auch in den nächsten tagen wird es etwas freundlicher und trockener
30May_2011_Monday_heute-3677|und das wird jetzt sehr schnell weitergehen.
18November_2009_Wednesday_tagesschau-5587|am freitag gibt es mal <unk> mal wolken, mal <unk> mal <unk>
08April_2010_Thursday_tagesschau-3949|ein tiefes tief zwischen island und schottland lenkt kühlere atlantikluft nach deutschland die für <unk>
08April_2010_Thursday_heute-4004|in der nacht ist es überwiegend klar.
22January_2010_Friday_tagesschau-907|am dienstag gibt es viele wolken und nur vereinzelt schauer oder gewitter
08October_2009_Thursday_tagesschau-5349|und es wird dann auch ganz deutschland trüb sein
03February_2011_Thursday_tagesschau-938|am tag regnet es in der westhälfte hier und da im nordwesten noch einige schauer
01July_2011_Friday_tagesschau-2766|morgen liegen die temperaturen zwischen drei und sieben grad im südwesten und minus sechs grad im <unk>
17October_2009_Saturday_tagesschau-2133|der wind weht schwach bis mäßig an den küsten auch frisch
06October_2012_Saturday_tagesschau-8730|am samstag ist es im norden freundlich, im westen hingegen ziehen wolken heran.
10December_2009_Thursday_tagesschau-7482|und nun die wettervorhersage für morgen, <unk> den 13. dezember
21August_2011_Sunday_tagesschau-265|im übrigen land gibt es nur vereinzelt schauer oder <unk> die örtlich kräftig sein können.
07February_2011_Monday_tagesschau-1612|heute nacht ist es im nordwesten und westen überwiegend trocken und teilweise auch längere zeit klar.
26October_2010_Tuesday_tagesschau-5796|am freitag wird es dann wieder freundlicher und wärmer
22January_2011_Saturday_tagesschau-2080|und es weht ein schwacher bis mäßiger wind aus west bis südwest
30January_2013_Wednesday_tagesschau-475|ein atlantischer tiefausläufer bringt uns morgen zum teil kräftige schneefälle und dabei ist es zum teil sehr windig
02November_2010_Tuesday_tagesschau-2039|am samstag ist es im norden regnerisch und windig
09June_2010_Wednesday_heute-8266|am dienstag wird es von westen her wolkiger, es gibt nur vereinzelt schauer oder <unk> die sich am sonntag vielerorts auf den bergen und <unk>
01June_2010_Tuesday_tagesschau-5002|und nun die wettervorhersage für morgen, <unk> den ersten mai
15October_2009_Thursday_tagesschau-7719|am tag minus sechs grad im vogtland und plus ein grad im <unk>
20October_2010_Wednesday_heute-8493|heute nacht gibt es schnee und regen hier und da
25August_2010_Wednesday_heute-6009|und das wird jetzt fast überall deutlich milder
22November_2009_Sunday_tagesschau-5490|am montag beruhigt sich das wetter das wetter bevor am abend von westen wieder milder
04July_2010_Sunday_tagesschau-7198|und nun die wettervorhersage für morgen, <unk> den fünfundzwanzigsten juli
29September_2011_Thursday_heute-4235|ihnen einen schönen abend und machen sie es gut
29September_2012_Saturday_tagesschau-2967|am samstag zieht von westen wieder regen heran
29April_2010_Thursday_heute-8625|und das wird jetzt für morgen, <unk> den diese temperaturen liegen meist zwischen fünf und zwölf grad, was das wetter bei uns wieder kühler bleibt
25August_2009_Tuesday_tagesschau-7093|am samstag scheint die sonne wieder für längere <unk>
29March_2010_Monday_tagesschau-8384|und nun die wettervorhersage für morgen, <unk> den dreißigsten juni
24December_2010_Friday_tagesschau-5129|der wind weht schwach bis mäßig an den küsten auch frisch
12January_2010_Tuesday_heute-2545|der wind weht schwach bis mäßig bei schauern und gewittern frischt er stark bis stürmisch auf
03July_2009_Friday_tagesschau-2003|am tag gibt es abwechselnd sonne und wolken, wobei es im südwesten und westen einzelne schauer und gewitter möglich ist.
29June_2011_Wednesday_tagesschau-4482|am dienstag wird es dann zumindest etwas milder und die <unk>
28November_2011_Monday_tagesschau-172|heute nacht gibt es im nordwesten schnee und regen oder <unk> die sich in den mittelgebirgen zunehmend in schnee bringen.
03July_2011_Sunday_tagesschau-1674|am sonntag wird es dann milder
28September_2009_Monday_tagesschau-4679|und nun die wettervorhersage für morgen, <unk> den siebten juli
01October_2009_Thursday_tagesschau-417|morgen schwacher bis mäßiger wind aus südlichen bis <unk> im nordwesten auch frischer wind aus west bis <unk>
24January_2013_Thursday_heute-7265|und nun die wettervorhersage für morgen, <unk> den dreißigsten september
20October_2010_Wednesday_heute-8494|am tag minus fünf grad im vogtland und plus zwei grad im breisgau
14August_2009_Friday_tagesschau-72|morgen liegen die temperaturen zwischen achtzehn und zwanzig grad am oberrhein bei neunundzwanzig grad.
04July_2011_Monday_heute-6440|und nun die wettervorhersage für morgen, <unk> den siebten märz
25April_2010_Sunday_tagesschau-4951|am mittwoch wird es dann wieder freundlicher, und am freitag
29June_2010_Tuesday_tagesschau-7704|der wind weht schwach bis mäßig im norden frisch bis stark aus west bis südwest
21July_2009_Tuesday_tagesschau-8061|und nun die wettervorhersage für morgen, <unk> den achten dezember
24September_2009_Thursday_heute-6077|am tag gibt es viele wolken die gebietsweise regen bringen der örtlich regen oder <unk>
20May_2010_Thursday_tagesschau-3151|und nun die wettervorhersage für morgen, <unk> den fünfundzwanzigsten november
16July_2011_Saturday_tagesschau-7524|von westen her ziehen aber später wieder schauer und gewitter heran die sich im osten zunehmend in schnee verwandelt während es im nordwesten zunehmend zunehmend freundlicher werden.
11August_2010_Wednesday_tagesschau-2|in den nächsten nächten muss mit frost gerechnet werden
17January_2010_Sunday_tagesschau-5555|im süden regnet es teilweise stark, und es gibt jedoch weiterhin <unk>
31August_2010_Tuesday_tagesschau-5174|der wind weht schwach bis mäßig aus nördlichen richtungen
24April_2010_Saturday_tagesschau-3963|am montag beruhigt sich das wetter und es wird wieder freundlicher
23May_2011_Monday_heute-6461|heute nacht ist es im süden teils klar, teils entsteht <unk>
26August_2010_Thursday_tagesschau-4265|und nun die wettervorhersage für morgen, <unk> den siebten september
25August_2009_Tuesday_tagesschau-7094|am montag ist es im süden und westen überwiegend freundlich sonst mehr wolken als sonne und stellenweise schauer
