23August_2010_Monday_heute-5321|im osten und süden gibt es kaum <unk> aber auch am alpenrand zeigt sich das wetter am morgigen <unk>
22November_2010_Monday_heute-279|und die blitze waren zum teil von heftigen regengüssen auch begleitet das sind hier diese roten echos auf unserem radarfilm
26September_2009_Saturday_tagesschau-2333|und nun die wettervorhersage für morgen, <unk> den siebenundzwanzigsten januar
17April_2010_Saturday_tagesschau-396|der wind weht schwach bis mäßig an der küste teilweise frisch
30November_2010_Tuesday_tagesschau-4620|in der mitte und im süden ist es heute nacht meist stark bewölkt und es bleibt trocken
22November_2011_Tuesday_tagesschau-3647|am montag ist es recht freundlich und trocken örtlich ist es windig
05February_2010_Friday_tagesschau-2919|heute nacht sind es acht grad an der oder und ein grad im <unk>
12February_2010_Friday_tagesschau-125|am tag fünfundzwanzig grad auf rügen und bis fünfunddreißig grad
03July_2011_Sunday_tagesschau-1673|am dienstag wird es dann etwas milder
21April_2010_Wednesday_heute-3122|am donnerstag scheint die sonne verbreitet im norden gibt es auch im süden und westen <unk>
23April_2010_Friday_tagesschau-3667|in der nacht heute liegen die temperaturen zwischen neun und drei grad, an der ostsee bei längerem nebel
22June_2011_Wednesday_heute-4381|und das wetter ist ein bisschen bisschen bringt morgen im norden und westen deutschlands noch unbeständiges wetter
30September_2012_Sunday_tagesschau-4033|und nun die wettervorhersage für morgen donnerstag den einunddreißigsten juli
09May_2011_Monday_tagesschau-8583|morgen liegen die temperaturen zwischen neunzehn grad im dreiunddreißig grad am oberrhein
04February_2010_Thursday_heute-7970|und morgen wird es im südwesten sonniger, und am samstag scheint die sonne ziemlich sonnig und es wird aber auch wieder sonnig sein.
24October_2009_Saturday_tagesschau-4284|sonst gibt es eine mischung aus sonne und wolken
13August_2011_Saturday_tagesschau-1409|im süden und osten gibt es heute nacht noch einzelne schauer oder gewitter die stellenweise kräftig sein können
03October_2012_Wednesday_tagesschau-7651|und nun die wettervorhersage für morgen, <unk> den dreiundzwanzigsten oktober
07June_2010_Monday_heute-2322|und es wird auch noch etwas kühler als heute sein, aber am wochenende wird es dann zumindest in der neuen woche für uns alle werden
10August_2009_Monday_heute-6892|und das wird auch recht ruhiges wetter sein, aber weitgehend trocken sein kann.
16September_2010_Thursday_tagesschau-6272|am freitag mal sonne mal wolken mal regen und es ist windig
06February_2011_Sunday_tagesschau-6917|morgen bringt das hoch über dem atlantik weiterhin gebietsweise regenwolken und auch <unk>
02November_2010_Tuesday_tagesschau-2031|im süden bleibt es morgen dank des <unk> meist trocken, und morgen abend ist es im westen erneut mild.
25November_2010_Thursday_tagesschau-2536|sonst gibt es immer wieder mehr wolken als sonne und gebietsweise regen oder gewitter die im süden und westen
26January_2010_Tuesday_tagesschau-2787|der wind weht schwach bis mäßig im norden und westen teilweise frisch mit stürmischen böen
26November_2011_Saturday_tagesschau-5848|im norden weht der wind schwach bis mäßig, an den küsten hingegen frisch und stark aus süd bis <unk>
17February_2011_Thursday_tagesschau-6307|in der nacht ist es überwiegend stark bewölkt oder neblig trüb, und stellenweise bildet sich <unk>
29September_2009_Tuesday_tagesschau-8538|im süden scheint die sonne oft und es wird teilweise sonnig und es auch mal sonnig
01July_2011_Friday_tagesschau-2763|in der nacht ist es meist stark bewölkt, vor allem in der mitte und im süden fällt stellenweise etwas <unk>
22April_2010_Thursday_heute-2124|und das wird eben auch noch sehr graupel oder schneeschauer
24November_2011_Thursday_heute-222|an der nordsee weht der wind schwach bis mäßig, auch frisch.
22August_2010_Sunday_tagesschau-1345|der wind weht schwach bis mäßig an der nordsee teilweise frisch an der nordsee auch stark mit stürmischen böen
24January_2011_Monday_heute-6983|heute nacht elf grad an der nordsee und ein grad an der <unk> wo es länger aufklart,
03July_2009_Friday_tagesschau-2008|im süden ist es meist trocken, jedoch fällt <unk> im laufe des tages treten im westen und südwesten lokale <unk>
21August_2011_Sunday_tagesschau-264|im norden und nordwesten ist es heute nacht meist trocken
27August_2009_Thursday_tagesschau-3276|am donnerstag im norden und osten gewittrige regenfälle im süden windig
22January_2011_Saturday_tagesschau-2082|am dienstag gibt es zuerst <unk> danach wird es wieder freundlicher, und am mittwoch auch wieder wärmer.
26May_2010_Wednesday_heute-7867|morgen gibt es im norden und osten zeitweise dichte wolken, welche örtlich regen oder <unk>
26August_2009_Wednesday_tagesschau-3225|am freitag gibt es im südosten noch zum teil gewittrige <unk>
25January_2013_Friday_tagesschau-7813|am montag ziehen von westen wieder wolken und teilweise regen oder <unk>
24January_2013_Thursday_tagesschau-6327|in der nacht ist es im norden und osten meist klar örtlich bildet sich nebel
24June_2011_Friday_tagesschau-4073|am montag frischt der wind stark böig auf, sonst weht er schwach bis mäßig aus nordwestlicher <unk>
04October_2010_Monday_heute-5954|und die temperaturen werden ungefähr bei zweiundzwanzig grad erreicht.
19May_2010_Wednesday_heute-1119|in der nacht heute plus drei grad an der nordsee und minus sechs grad im <unk>
01October_2010_Friday_tagesschau-2691|und nun die wettervorhersage für morgen, <unk> den dreiundzwanzigsten oktober
20September_2010_Monday_heute-2935|und das wird auch im norden freundlicher
10August_2011_Wednesday_tagesschau-6303|in der nordöstlichen <unk> bleibt es heute nacht überwiegend trocken.
07December_2011_Wednesday_tagesschau-5399|am dienstag wird es von westen her wolkiger, es fällt aber nur vereinzelt etwas <unk>
24January_2011_Monday_tagesschau-3712|in der nacht ziehen von den küsten ein paar wolken sonst regnet es mancherorts
24July_2011_Sunday_tagesschau-6622|dabei gibt es mal mehr, mal weniger wolken, aber es bleibt größtenteils trocken.
30March_2011_Wednesday_tagesschau-7127|am wochenende wird es dann verbreitet freundlich sein, es wird überwiegend sonnig sein, besonders im süden scheint die sonne wieder häufiger zeigt
11August_2010_Wednesday_tagesschau-3|am freitag ziehen von nordwesten wieder regenwolken heran und am alpenrand mit nur zwei grad
16February_2010_Tuesday_tagesschau-6098|im westen und nordwesten gibt es heute nacht noch schauer oder <unk> die im osten und süden teils klar teils bedeckt ist.
08January_2010_Friday_tagesschau-3984|die aussichten am sonntag sind im norden und westen teilweise unwetterartige gewitter möglich.
30November_2011_Wednesday_tagesschau-6289|morgen reichen die temperaturen von einem grad im allgäu bis zu achtzehn grad im <unk>
08December_2009_Tuesday_heute-4211|heute nacht bleibt es meist wolkenverhangen
12July_2009_Sunday_tagesschau-2574|im norden ist es heute nacht und im süden teilweise klar
23April_2010_Friday_tagesschau-3668|am dienstag ist es wechselhaft und etwas kühler
20June_2011_Monday_tagesschau-1253|ansonsten scheint neben einigen wolkenfeldern die sonne die <unk>
21October_2009_Wednesday_tagesschau-735|am sonntag kommen von westen schauer auf, die sich im osten nach osten ausbreiten.
09March_2011_Wednesday_heute-1742|und das wird ein recht mäßiger bis frischer wind aus west bis <unk> an der nordsee starke bis stürmische <unk>
13May_2010_Thursday_tagesschau-7926|sonst scheint häufig die sonne
25September_2010_Saturday_tagesschau-3480|und nun die wettervorhersage für morgen, <unk> den siebten september
10January_2011_Monday_tagesschau-6404|am montag ist es recht freundlich mit nur einzelnen schauern im <unk>
25August_2009_Tuesday_tagesschau-7091|der wind weht schwach bis mäßig aus unterschiedlichen richtungen
29November_2011_Tuesday_tagesschau-5612|das tief das sich von der nordsee bis in die mitte deutschlands
27August_2009_Thursday_tagesschau-3285|am tag kann es im norden und osten stellenweise etwas schnee oder regen mit glättegefahr
23November_2011_Wednesday_tagesschau-984|am donnerstag wechselhaftes wetter mit schauern an der nordsee und <unk>
26April_2010_Monday_tagesschau-7271|in der heutigen nacht beträgt die temperatur am oberrhein bis zu elf grad.
11October_2010_Monday_tagesschau-4607|dabei strömt weiterhin kühle luft zu uns und es wird noch einmal nichts mehr zu spüren
17October_2009_Saturday_tagesschau-2127|im norden und westen ist es heute nacht meist trocken örtlich bildet sich nebel
10January_2011_Monday_tagesschau-6409|in der nacht heute sechs grad in einigen regionen ein grad
26September_2009_Saturday_tagesschau-2342|im norden und westen scheint die sonne häufig.
06July_2010_Tuesday_tagesschau-2654|im norden weht der wind schwach bis mäßig, an den küsten hingegen frisch.
29October_2009_Thursday_tagesschau-1011|und nun die wettervorhersage für morgen donnerstag den einunddreißigsten oktober
27May_2011_Friday_tagesschau-8122|am donnerstag kommt von westen wieder regen auf
19August_2010_Thursday_tagesschau-995|am samstag scheint im norden viel <unk> ansonsten ist es häufig die sonne
25January_2010_Monday_tagesschau-8305|der wind weht schwach bis mäßig an der see teilweise frisch
20October_2009_Tuesday_tagesschau-3594|heute nacht plus drei grad an der nordsee und stellenweise leichter <unk>
06May_2011_Friday_tagesschau-6438|am tag zwanzig grad an der nordsee und siebenundzwanzig grad in der <unk>
20February_2011_Sunday_tagesschau-3166|im südwesten dagegen bleibt es überwiegend trocken
02December_2011_Friday_tagesschau-8010|im norden weht der wind schwach bis mäßig, an der see auch frisch.
30March_2010_Tuesday_tagesschau-5694|und nun die wettervorhersage für morgen mittwoch den dreißigsten juni
28September_2012_Friday_tagesschau-922|am donnerstag und freitag ist es teilweise freundlich und es regnet zeitweise im <unk> sonst scheint verbreitet die sonne
30November_2010_Tuesday_tagesschau-4618|in der westlichen <unk> treten heute nacht zunächst noch wolkenlücken auf, wobei es stellenweise noch glatt werden.
25January_2013_Friday_tagesschau-7815|am tag scheint im norden viel <unk> ansonsten ist es zunächst noch für längere zeit freundlich.
29November_2011_Tuesday_tagesschau-5619|in der nacht regnet es an der ostsee und an den alpen teilweise länger dazwischen auch mal sonne
30July_2011_Saturday_tagesschau-8591|heute nacht gibt es im osten und südosten weiterhin einzelne schauer oder <unk> ansonsten klart es verbreitet auf
26January_2010_Tuesday_heute-107|und jetzt wünsche ich ihnen noch einen schönen abend
30August_2011_Tuesday_heute-783|liebe zuschauer guten abend
26July_2010_Monday_tagesschau-6256|und nun die wettervorhersage für morgen, <unk> den siebten juli
29June_2010_Tuesday_tagesschau-7705|heute nacht beträgt die temperatur im norden zwölf grad und grad im <unk>
30November_2009_Monday_tagesschau-5749|im süden weht der wind schwach bis mäßig, an der see auch frisch.
21November_2011_Monday_heute-5434|am tag dreizehn grad im vogtland und zweiundzwanzig grad an der saale
29May_2011_Sunday_tagesschau-764|im süden weht der wind schwach bis mäßig
12November_2009_Thursday_tagesschau-6772|am samstag zeigen sich die sterne öfter.
10August_2010_Tuesday_heute-1455|im osten und süden bleibt es morgen weiterhin trocken und teilweise recht freundlich und trocken
06January_2010_Wednesday_heute-3530|der wind weht schwach bis mäßig im norden frisch mit stürmischen böen an der see und auf den bergen sturmböen
20November_2010_Saturday_tagesschau-1823|am dienstag wird es aus westen und südwesten immer freundlicher
18October_2010_Monday_heute-629|am montag gibt es neben schauern auch längere freundliche abschnitte
01November_2010_Monday_tagesschau-140|am montag gibt es im norden und nordwesten einige <unk>
20October_2010_Wednesday_heute-8501|in der nacht gibt es im süden und osten stellenweise strengen <unk> an der nordsee plus ein grad
02October_2012_Tuesday_heute-3494|der wind weht schwach bis mäßig an der nordsee teilweise frisch an den küsten stark und im westen stürmische böen
22July_2010_Thursday_tagesschau-8194|und nun die wettervorhersage für morgen, <unk> den dreißigsten juli
01December_2011_Thursday_heute-3060|es wird etwas kühler sein als heute und das heißt im osten liegen die temperaturen im norden von null bis minus zwei grad.
28February_2011_Monday_tagesschau-4984|heute nacht sind es sechs grad im <unk> und minus drei grad in manchen tälern
21November_2009_Saturday_tagesschau-4906|im süden weht der wind schwach bis mäßig
11December_2009_Friday_tagesschau-3509|die aussichten am sonntag fällt im nordwesten etwas regen
23May_2011_Monday_tagesschau-1097|und dann werden die wolken hier an der nordsee bis morgen früh
19March_2011_Saturday_tagesschau-4690|morgen meist stark bewölkt und es regnet oder schauert verbreitet dann auch kräftig
19March_2011_Saturday_tagesschau-4697|am dienstag gibt es viel <unk> nur einzelne <unk>
20September_2010_Monday_tagesschau-7029|es ist auf jeden fall noch ein bisschen trockener
02October_2009_Friday_tagesschau-1354|am tag null grad auf rügen und minus vier grad am oberrhein
30September_2012_Sunday_tagesschau-4038|am montag ist es ebenfalls recht freundlich und trocken örtlich ist es windig
27August_2009_Thursday_tagesschau-3284|es wird sonnig werden durchaus scheint die sonne wieder häufiger
05February_2011_Saturday_tagesschau-7855|heute nacht an der nordsee plus vier grad und minus sechs grad an den <unk>
12December_2011_Monday_heute-5806|der wind weht schwach bis mäßig an den küsten auch frisch
11August_2010_Wednesday_tagesschau-8|der wind weht schwach bis mäßig im norden und an der see teilweise frisch mit stürmischen böen
23September_2009_Wednesday_tagesschau-7593|am sonntag gibt es viele wolken, einige schauer oder gewitter
03February_2011_Thursday_tagesschau-939|morgen im osten und südosten noch achtzehn grad, im westen örtlich nur zwei grad.
02October_2009_Friday_tagesschau-1355|es bleibt dabei sehr mild
12July_2011_Tuesday_heute-1280|am samstag wird es dann kühler
24January_2011_Monday_heute-6980|und die temperaturen werden morgen früh nicht über null grad werden bis minus zwölf grad erreicht, sonst zwischen null und minus zwei grad im <unk>
04May_2011_Wednesday_heute-3996|aber sonst ist es in den kommenden tagen wärmer, und am wochenende ist es in deutschland meistens sonnig und warm und auch im osten wird es in den nächsten stunden
06December_2011_Tuesday_tagesschau-6842|im norden ist es meist stark bewölkt in der mitte und im süden funkeln die sterne
12November_2009_Thursday_tagesschau-6771|im süden ist es meist klar sonst mal wolkig mal sonnig mal wolkig mal sonnig
12July_2010_Monday_heute-244|am freitag wird es dann überall wechselhaft sein, aber es bleibt trocken
28December_2011_Wednesday_tagesschau-1911|am alpenrand gibt es heute nacht noch vereinzelt schauer oder <unk> ansonsten ist es überwiegend freundlich.
03September_2010_Friday_tagesschau-8432|am tag null grad an der ostsee und bis zu minus zwölf grad im <unk>
10August_2009_Monday_heute-6891|und das wird sich noch verstärken denn wir haben heute nacht nur noch schwachem regen der im norden und westen immer noch schnee
27September_2009_Sunday_tagesschau-2169|im norden weht der wind schwach bis mäßig, an der see teilweise frisch und stark aus ost bis <unk>
09February_2010_Tuesday_tagesschau-4495|und morgen wird es dann auch im westen wieder etwas milder
09August_2009_Sunday_tagesschau-1182|im westen und nordwesten gibt es hin und wieder einige <unk>
28September_2012_Friday_tagesschau-916|am donnerstag und freitag ist es im norden ebenfalls wechselhaft, ansonsten viele <unk>
19January_2011_Wednesday_heute-2680|im süden ist es meist klar und es bleibt meist trocken
02December_2010_Thursday_heute-8445|es bleibt winterlich und die temperaturen morgen wird es dann wieder etwas kühler, und am wochenende mit schnee
19January_2011_Wednesday_tagesschau-7068|und nun die wettervorhersage für morgen, <unk> den einundzwanzigsten november
15February_2011_Tuesday_tagesschau-7468|und nun die wettervorhersage für morgen, <unk> den vierzehnten juli
18November_2009_Wednesday_tagesschau-5583|im westen und nordwesten gibt es hin und wieder einige <unk>
28November_2011_Monday_tagesschau-168|in der nacht regnet es an der nordsee und an den alpen ist es meist trocken
10March_2011_Thursday_tagesschau-5086|am dienstag gibt es im norden und westen zeitweise dichte wolken, und es regnet stellenweise.
05September_2009_Saturday_tagesschau-4078|und nun die wettervorhersage für morgen, <unk> den einundzwanzigsten november
01April_2010_Thursday_heute-6697|da die luftdruckunterschiede auf deutschland recht groß sind lebt der wind teilweise noch gelegentlich mit regenschauern und <unk>
04January_2010_Monday_heute-7401|an der nordsee ist es in einigen regionen auch nebel zu beginn der <unk>
29November_2009_Sunday_tagesschau-7043|morgen wird es in der westhälfte die sonne kommt auch mal zum teil kräftiger regen auf der dann den bergen schneien
03September_2010_Friday_tagesschau-8424|am freitag wird es im norden und westen noch freundlich und es wird etwas wärmer
29March_2011_Tuesday_tagesschau-8117|am tag fünf grad im vogtland und bis zu zwölf grad am oberrhein
12December_2011_Monday_tagesschau-8281|morgen im osten und süden erwartet uns dank hochdruckeinfluss meist freundlich
09December_2009_Wednesday_tagesschau-2561|am montag ist es ebenfalls recht freundlich mit sonne und wolken
23May_2011_Monday_heute-6459|und es wird auch sehr windig dabei ist es recht windig und im westen immer wieder regen
29November_2011_Tuesday_heute-8095|ihnen einen schönen abend und machen sie es gut
11April_2010_Sunday_tagesschau-8639|der wind weht schwach bis mäßig an der see teilweise frisch bei schauern und gewittern stürmische böen
07April_2010_Wednesday_heute-1631|im norden weht der wind schwach bis mäßig und an den küsten auch frisch.
20July_2010_Tuesday_tagesschau-7883|heute nacht plus vier grad am rhein und minus acht grad an der ostsee
01February_2011_Tuesday_tagesschau-4976|am montag und dienstag gibt es im norden und westen ist es überwiegend freundlich und trocken
04July_2009_Saturday_tagesschau-3345|am montag scheint die sonne oft neben wolken und nebel auch in der osthälfte und im süden scheint häufig die <unk>
20March_2010_Saturday_heute-7296|im süden weht der wind schwach, sonst mäßig bis frisch aus <unk> bei schauern und gewittern treten teilweise schwere sturmböen auf.
09August_2010_Monday_tagesschau-3004|am montag ist es im norden recht freundlich und trocken sonst regnet es hier und da etwas
10December_2011_Saturday_tagesschau-5422|am freitag gibt es ebenfalls viele wolken, die stellenweise <unk>
04April_2011_Monday_heute-966|auch morgen bleibt es zunächst noch unbeständig.
01May_2010_Saturday_tagesschau-7197|am samstag gibt es im norden einige <unk> sonst ist es meist freundlich.
09August_2009_Sunday_tagesschau-1179|am dienstag wird es aus westen allmählich freundlicher, und am mittwoch ziehen die wolken auf.
31May_2011_Tuesday_heute-1899|im osten und süden wird es morgen noch weitgehend trocken und zum teil längere zeit klar
11February_2011_Friday_tagesschau-7755|und nun die wettervorhersage für morgen montag den zehnten juli
29April_2010_Thursday_heute-8623|am dienstag ist es teilweise freundlich und es wird etwas freundlicher
03September_2010_Friday_tagesschau-8423|das wetter die sonne zeigt sich etwas häufiger
18November_2011_Friday_tagesschau-2143|die wolken verdichten sich vom norden wieder und westen fällt gebietsweise <unk> der sich später weiter nach norden zurück.
19October_2009_Monday_tagesschau-229|das war es für heute, ich wünsche ihnen noch einen schönen <unk>
30November_2011_Wednesday_tagesschau-6292|am mittwoch ist es im norden und westen meist stark bewölkt, es fallen stellenweise schauer und <unk>
16September_2010_Thursday_tagesschau-6276|heute nacht werte zwischen fünfzehn und fünf grad am tag dann zwölf grad am tag dann vierzehn grad am oberrhein
04August_2011_Thursday_tagesschau-718|am dienstag ist es ebenfalls recht freundlich und trocken
20December_2010_Monday_tagesschau-3199|im nordwesten macht sich die wolken eines atlantischen tiefs bei bringen uns morgen viel <unk>
13February_2010_Saturday_tagesschau-6036|und nun die wettervorhersage für morgen, <unk> den fünften juli
12July_2011_Tuesday_heute-1274|das wetter ist sehr windig und wechselhaft, aber im laufe des tages ziehen von westen wieder regenwolken in die
30November_2011_Wednesday_tagesschau-6291|am montag wird es dann wieder freundlicher
26March_2011_Saturday_tagesschau-5731|am montag scheint die sonne häufig neben vereinzelten schauern auch mal die <unk>
11May_2010_Tuesday_tagesschau-1960|und nun die wettervorhersage für morgen, <unk> den dreißigsten juni
07February_2011_Monday_tagesschau-1613|der wind weht schwach bis mäßig an der nordsee auch frisch bei kräftigen böen in küstennähe
22March_2011_Tuesday_tagesschau-4956|in der nacht ist es meist dicht bewölkt oder neblig trüb, und stellenweise klar.
24January_2010_Sunday_tagesschau-8710|im süden weht der wind schwach sonst mäßig bis frisch an der see auch stark
07June_2010_Monday_heute-2327|und die temperaturen werden dann sogar nur an der ostsee erreichen die temperaturen bis zum alpenrand nur noch sechzehn grad
04October_2010_Monday_heute-5945|liebe zuschauer guten abend
20December_2010_Monday_tagesschau-3208|am alpenrand morgen minus neun grad, im emsland bis plus ein grad
14October_2009_Wednesday_tagesschau-529|im norden und westen frischer bis starker wind
04July_2010_Sunday_tagesschau-7199|am tag liegen die temperaturen zwischen zweiundzwanzig und achtundzwanzig grad in der lausitz und im <unk>
09February_2010_Tuesday_tagesschau-4496|dabei ist es sehr mild.
25August_2010_Wednesday_heute-6001|heute nacht ist es im nordwesten und westen meist klar sonst ziehen einige wolken vorbei, die örtlich etwas regen bringen.
07April_2011_Thursday_tagesschau-8102|am sonntag gibt es im westen und nordwesten einige schauer oder gewitter sonst gibt es viel sonne
10February_2010_Wednesday_tagesschau-2524|am wochenende wird es windig und im norden stürmisch
06February_2011_Sunday_tagesschau-6914|im norden weht der wind schwach bis mäßig, an der nordsee frisch und in den höhenlagen des erzgebirges gelten entsteht <unk>
07December_2010_Tuesday_heute-5626|das ist zwar jedenfalls noch die sonne scheint sogar noch weit verbreitet die sonne
18October_2010_Monday_heute-630|heute nacht gibt es zunächst noch einzelne <unk>
25August_2009_Tuesday_tagesschau-7090|heute nacht ist es teilweise stark bewölkt oder neblig
16April_2010_Friday_tagesschau-6577|das tief über der nordsee macht sich morgen im norden und osten deutschlands bemerkbar
25April_2010_Sunday_tagesschau-4952|am dienstag ist es im norden und westen überwiegend freundlich.
03March_2011_Thursday_tagesschau-7064|und nun die wettervorhersage für morgen samstag den vierten februar
24November_2011_Thursday_heute-223|im norden und westen verläuft die nacht meist trocken sonst örtliche schauer oder gewitter die örtlich auch mit blitz und donner
05April_2011_Tuesday_tagesschau-6420|und die wettervorhersage für morgen donnerstag den dreiundzwanzigsten september
01July_2009_Wednesday_tagesschau-4555|am tag ein grad auf rügen und bis zu einundzwanzig grad an der <unk>
28September_2009_Monday_tagesschau-4680|am tag sechzehn grad an der ostsee und bis zu zweiundzwanzig grad am oberrhein
09January_2010_Saturday_tagesschau-1919|und nun die wettervorhersage für morgen, <unk> den siebten mai
10August_2011_Wednesday_tagesschau-6304|im süden scheint die sonne häufig für längere <unk> bevor sich später wieder nebel und hochnebelfelder bilden,
01July_2011_Friday_tagesschau-2765|heute nacht siebzehn grad an der ostsee und fünf grad an der <unk>
03November_2010_Wednesday_tagesschau-6506|im norden ist es heute noch mit schnee zu rechnen. bei klarem himmel kann es sogar noch leichten frost geben, wenn der nebel weg ist.
20March_2010_Saturday_heute-7297|im süden ist es nach wie vor sehr mild
14April_2010_Wednesday_heute-1881|und es wird auch sehr windig und im südwesten etwas wärmer
02June_2010_Wednesday_heute-6796|und morgen wird es etwas kühler sein als heute meist so um die zwanzig grad
09August_2010_Monday_heute-5905|am montag ist es im norden und westen meist sonnig und trocken
20November_2010_Saturday_tagesschau-1824|die an den küsten lässt die sonne ebenfalls immer wieder scheinen.
09April_2010_Friday_tagesschau-7623|der wind weht schwach bis mäßig aus nordöstlicher richtung
03November_2010_Wednesday_tagesschau-6505|in der südhälfte scheint die sonne auch für längere zeit
23March_2011_Wednesday_tagesschau-8751|am samstag im norden ein wechsel aus sonne und wolken mit vereinzelten schauern oder <unk>
17January_2011_Monday_tagesschau-7003|im norden ist es heute nacht meist stark bewölkt oder neblig und trüb, hier und da fällt etwas <unk>
30August_2011_Tuesday_heute-784|morgen ist es im norden und westen weiterhin wechselhaft, während es im übrigen land mit viel sonne und <unk> aber es wird etwas kühler mit drei bis acht grad ist.
12September_2009_Saturday_tagesschau-6589|am wochenende wird es deutlich kühler, und die luft ist auch im norden zu rechnen.
20December_2010_Monday_tagesschau-3204|im süden und osten scheint die sonne stellenweise.
02June_2010_Wednesday_tagesschau-7160|heute nacht liegen die temperaturen zwischen fünf und minus einem grad, am tag dann minus fünf grad im südwesten und fünf grad
16September_2010_Thursday_tagesschau-6271|es wird allerdings die sonne scheinen, bevor dort erneut häufiger mal wieder etwas häufiger mal etwas sonne
30October_2009_Friday_tagesschau-2276|im norden und westen ist es heute nacht meist stark bewölkt oder neblig und trüb, es bleibt trocken.
30January_2011_Sunday_tagesschau-6345|und nun die wettervorhersage für morgen, <unk> den siebten dezember
09February_2010_Tuesday_tagesschau-4497|und es wird dann auch noch ein bisschen kühler und das wird sich dann so
30December_2010_Thursday_tagesschau-2236|am tag minus fünf grad im vogtland und plus ein grad an der <unk>
30July_2010_Friday_tagesschau-1520|und nun die wettervorhersage für morgen, <unk> den achtzehnten april
22April_2010_Thursday_heute-2125|liebe zuschauer guten abend
09July_2009_Thursday_tagesschau-7110|und nun die wettervorhersage für morgen freitag den neunzehnten juni
21January_2011_Friday_tagesschau-4890|im westen gibt es neben einzelnen schauern auch dichtere wolken
18April_2011_Monday_tagesschau-1316|am samstag gibt es im norden und westen etwas <unk> ansonsten scheint die sonne häufig.
09May_2011_Monday_tagesschau-8586|und morgen wird es etwas kühler sein
13August_2011_Saturday_tagesschau-1410|das sturmtief über großbritannien in richtung nordsee
27July_2010_Tuesday_heute-5261|liebe zuschauer guten abend
21November_2009_Saturday_tagesschau-4911|am donnerstag ist es insgesamt wieder freundlicher, und am freitag wird es ebenfalls etwas wärmer.
08October_2009_Thursday_tagesschau-5350|in der osthälfte ist es heute nacht verbreitet klar örtlich bildet sich nebel
16December_2009_Wednesday_tagesschau-5918|am samstag ist es im norden gelegentlich sonnig, sonst gibt es wolken und nur einzelne <unk>
12September_2009_Saturday_tagesschau-6591|morgen reichen die temperaturen von sieben grad im sauerland bis zu achtzehn grad im passauer <unk>
23August_2010_Monday_heute-5319|der wind weht schwach bis mäßig aus nordöstlicher richtung
12July_2011_Tuesday_heute-1279|am tag einundzwanzig grad im raum berlin und gewitter die in der südosthälfte häufiger auftreten
06August_2010_Friday_tagesschau-2172|und nun die wettervorhersage für morgen, <unk> den sechsten juli
04December_2009_Friday_tagesschau-841|der wind weht schwach bis mäßig im nordwesten frisch und teilweise stark böig aus süd bis südwest
30November_2010_Tuesday_tagesschau-4617|in der neuen woche scheint die sonne zunächst noch im norden tauchen wolken auf
29September_2012_Saturday_tagesschau-2966|am montag ist es im norden und osten meist freundlich, während es im süden und osten ebenfalls schauer auftreten.
15December_2010_Wednesday_tagesschau-40|am tag breiten sich die schauer dann weiter nach norden aus
28November_2011_Monday_heute-1587|am tag null grad auf rügen und dreizehn grad im nordosten
23December_2010_Thursday_tagesschau-1430|und nun die wettervorhersage für morgen freitag den ersten september
06July_2009_Monday_tagesschau-2109|am tag zwanzig grad an der nordsee und zwanzig grad in der lausitz
11October_2010_Monday_tagesschau-4612|tagsüber sechzehn grad an der ostsee und bis zu vierundzwanzig grad im breisgau
12September_2009_Saturday_tagesschau-6590|morgen wird es im norden ein wenig milder, und die sonne scheint in der mitte und im süden häufig die <unk>
05February_2010_Friday_tagesschau-2920|und nun die wettervorhersage für morgen, <unk> den dreiundzwanzigsten februar
14April_2010_Wednesday_heute-1892|ich wünsche ihnen noch einen schönen abend und machen sie es gut.
10August_2011_Wednesday_tagesschau-6305|am sonntag ist es im norden und westen meist freundlich sonst ist es meist trocken
05May_2011_Thursday_tagesschau-25|und nun die wettervorhersage für morgen, <unk> den siebten juli
23February_2011_Wednesday_heute-3780|ihnen einen schönen abend und machen sie es gut
25June_2010_Friday_tagesschau-3884|am samstag gibt es im süden einen wechsel aus sonne und wolken
12July_2009_Sunday_tagesschau-2573|am freitag gibt es mal sonne mal wolken und einzelne schauer
16December_2011_Friday_tagesschau-6532|am donnerstag im norden und nordwesten einige schauer oder gewitter die im süden auch heftig sein können
07April_2010_Wednesday_tagesschau-6029|im osten und süden gibt es heute nacht noch örtlich etwas regen oder <unk> ansonsten teils bewölkt, teils klar und trocken.
17January_2010_Sunday_tagesschau-5554|am tag ist es zunächst in der nordosthälfte freundlich, später gibt es dort auch dort <unk>
27August_2009_Thursday_tagesschau-3286|am montag ist es recht freundlich und es wird noch etwas freundlicher
06May_2010_Thursday_heute-1054|im osten dagegen bleibt es meist klar
25August_2010_Wednesday_heute-6008|und das wird jetzt sehr schnell entsteht ab
30November_2010_Tuesday_tagesschau-4621|im norden und nordosten scheint die sonne noch
26April_2010_Monday_heute-3398|am montag ist es oft freundlich mit sonne und wolken
21November_2011_Monday_heute-5433|am montag ist es teilweise freundlich und es regnet immer noch
07October_2012_Sunday_tagesschau-3026|ansonsten scheint die sonne häufig und es wird trocken
02December_2010_Thursday_tagesschau-3637|dabei bleibt es überwiegend trocken
16May_2010_Sunday_tagesschau-5227|im norden weht der wind mäßig bis frisch an der ostsee treten einzelne stürmische böen auf.
01April_2010_Thursday_heute-6698|am tag sieben grad im allgäu sonst bis dreizehn grad am oberrhein
12January_2010_Tuesday_heute-2546|am dienstag ist es zuerst freundlich, danach treten aus westen und südwesten teilweise wolken auf.
29January_2010_Friday_tagesschau-6489|morgen erwartet uns unter leichtem hochdruckeinfluss meist noch recht ruhiges und teilweise freundliches wetter
25January_2010_Monday_heute-1467|und so fallen die niederschläge zunehmend in schnee im bergland zunehmend in schnee oder schneeregen am alpenrand und auch in schnee
26September_2009_Saturday_tagesschau-2335|am nachmittag lockert es im norden wieder auf
13February_2010_Saturday_tagesschau-6044|im norden und westen ist es morgen meist freundlich sonst teilweise freundlich
15February_2010_Monday_tagesschau-1843|am freitag mal sonne mal wolken und nur vereinzelt etwas regen
01December_2011_Thursday_heute-3061|am samstag ist es insgesamt etwas freundlicher aber wieder wärmer als heute
18November_2009_Wednesday_tagesschau-5586|und das ist auch recht freundlich mit mehr sonne und es wird ein bisschen wärmer
09February_2011_Wednesday_heute-7538|und das nächste tief das wird morgen über der nordsee zur nordsee ziehen.
12December_2010_Sunday_tagesschau-5597|im osten und süden bleibt es meist klar oder nur leicht bewölkt, vereinzelt bildet sich <unk>
12December_2010_Sunday_tagesschau-5605|am tag dann zwölf grad im vogtland und neunzehn grad an der nordsee
11May_2010_Tuesday_tagesschau-1964|im norden ist es heute nacht meist klar sonst schneit es immer wieder leicht.
02November_2010_Tuesday_heute-2754|und jetzt die <unk> für morgen, <unk> den 18. oktober
11May_2010_Tuesday_tagesschau-1971|am dienstag im norden und osten häufig sonnig und überwiegend trocken
20October_2009_Tuesday_tagesschau-3586|und nun die wettervorhersage für morgen, <unk> den zweiundzwanzigsten oktober
21July_2009_Tuesday_tagesschau-8062|im norden und westen gibt es einige schauer oder kurze <unk>
24October_2009_Saturday_tagesschau-4283|am donnerstag ist es im norden ebenfalls windig
24December_2010_Friday_tagesschau-5128|am tag gibt es viele wolken, stellenweise regen oder <unk> die im süden ebenfalls heftig sein können.
14April_2010_Wednesday_heute-1880|morgen liegen die temperaturen zwischen eins und einem grad im <unk>
12November_2009_Thursday_tagesschau-6770|am nachmittag lockert es im norden wieder auf und bringen stellenweise etwas <unk>
22April_2010_Thursday_heute-2120|im norden weht der wind schwach an der ostsee mäßig bis frisch an der ostsee stark und es ist teilweise noch frisch.
20February_2011_Sunday_tagesschau-3164|und nun die wettervorhersage für morgen, <unk> den dreiundzwanzigsten april
25November_2010_Thursday_tagesschau-2529|im osten und süden zeigen sich die sterne teilweise zeigen
25May_2010_Tuesday_tagesschau-1294|heute nacht minus zwei grad im allgäu und plus fünf grad im <unk>
23September_2010_Thursday_heute-6476|und nun die wettervorhersage für morgen, <unk> den dreißigsten september
02December_2010_Thursday_tagesschau-3636|im norden und westen gibt es morgen nur noch einzelne schauer
17May_2010_Monday_tagesschau-8473|an der nordsee gibt es heute nacht noch hier und da regen oder <unk>
11December_2010_Saturday_tagesschau-8657|und nun die wettervorhersage für morgen donnerstag den siebten oktober
09May_2011_Monday_tagesschau-8585|am mittwoch ist es teils freundlich teils wolkig
18September_2010_Saturday_tagesschau-4197|am mittwoch gibt es zuerst <unk> danach scheint die sonne verbreitet und es wird etwas sonniger.
19April_2010_Monday_heute-781|in richtung süden ist es meist klar oder nur leicht bewölkt
03October_2012_Wednesday_tagesschau-7656|morgen ist es meist stark bewölkt oder neblig trüb
20November_2011_Sunday_tagesschau-536|in der mitte fällt hier und da <unk> der in den mittelgebirgen besteht weiterhin ein leichtes <unk>
05April_2010_Monday_tagesschau-3546|und nun die wettervorhersage für morgen dienstag den sechsten april
24July_2011_Sunday_tagesschau-6621|es ist dann in deutschland recht ruhig
02September_2010_Thursday_heute-3456|an der ostsee und in küstennähe tauchen gelegentlich dichtere wolken auf die vereinzelt etwas regen bringen sonst verbreitet zum teil längere zeit
02November_2010_Tuesday_heute-2742|guten abend liebe zuschauer
23September_2009_Wednesday_tagesschau-7583|in der mitte und im norden tauchen gelegentlich dichtere wolken auf
26April_2010_Monday_tagesschau-7273|und das ganze entlädt sich weiterhin über der norden und auch in heftigen schauern und gewittern aber auch in der östlichen <unk>
17October_2009_Saturday_tagesschau-2138|am mittwoch ziehen von westen wieder aus westen wieder regenwolken heran
13April_2011_Wednesday_tagesschau-1683|am montag mehr wolken als sonne und gebietsweise regen
30September_2012_Sunday_tagesschau-4037|am mittwoch ist es ebenfalls meist sonnig und warm
05July_2010_Monday_tagesschau-1200|am montag scheint die sonne oft und es wird etwas freundlicher,
09August_2009_Sunday_tagesschau-1180|es bleibt dabei sehr windig
05January_2010_Tuesday_tagesschau-2672|heute nacht beträgt die temperatur an der ostsee und an der ostsee null grad und im <unk>
14October_2010_Thursday_tagesschau-299|guten abend liebe zuschauer
03November_2010_Wednesday_tagesschau-6507|im südwesten ist es heute nacht noch für längere zeit mild
31January_2013_Thursday_tagesschau-2710|am freitag gibt es in der osthälfte zunächst noch <unk> später dann auch im westen und südwesten einige schauer und gewitter
06January_2010_Wednesday_heute-3525|und nun die wettervorhersage für morgen, <unk> den dreiundzwanzigsten februar
09April_2010_Friday_tagesschau-7632|in der nacht heute neun bis drei grad bei klarem <unk>
22July_2010_Thursday_tagesschau-8195|das tief über dem atlantik bringt dem norden deutschlands in der nacht und morgen in der nacht und morgen für uns
17January_2011_Monday_tagesschau-7001|im süden ist es nach wie vor viel <unk> ansonsten ist es meist klar.
13May_2010_Thursday_tagesschau-7916|und nun die wettervorhersage für morgen, <unk> den ersten märz
20April_2011_Wednesday_tagesschau-3084|im süden und westen gibt es abwechselnd sonne und wolken sowie nur selten schauer oder gewitter
27January_2013_Sunday_tagesschau-8836|am tag liegen die werte zwischen minus zwei und plus vier grad an der nordsee und minus acht grad
23September_2009_Wednesday_tagesschau-7582|das hoch über schottland verliert an einfluss auf unser wetter
27September_2009_Sunday_tagesschau-2170|gegen abend beginnt es im westen und südwesten zu zu zu trüb
06October_2010_Wednesday_tagesschau-632|und das ist auch noch nicht vorbei jetzt den <unk> aber im norden wird es wieder etwas freundlicher und überall wieder wärmer als heute
25February_2011_Friday_tagesschau-575|am dienstag ist es sonnig und trocken aber es bleibt trocken
05December_2009_Saturday_tagesschau-4701|und morgen wird es dort auch wieder etwas freundlicher aber am wochenende wird es wieder wärmer, auch im <unk> aber auch im <unk>
05October_2011_Wednesday_heute-1069|liebe zuschauer guten abend
08October_2009_Thursday_tagesschau-5348|in der heutigen nacht ist es im norden und osten noch recht freundlich
25January_2010_Monday_tagesschau-8298|und nun die wettervorhersage für morgen, <unk> den sechsten januar
03August_2010_Tuesday_tagesschau-2776|und auch in dieser nacht bleibt es nun noch recht frostig mit temperaturen bis zu minus drei grad.
24October_2009_Saturday_tagesschau-4285|im norden und westen ist es morgen ziemlich freundlich.
27October_2009_Tuesday_tagesschau-6148|im norden und westen ist es heute nacht meist stark bewölkt oder neblig trüb
23September_2010_Thursday_tagesschau-3444|im norden weht der wind schwach bis mäßig und im süden auch frisch.
02October_2009_Friday_tagesschau-1362|am dienstag gibt es im norden <unk> und im süden ist es recht freundlich.
09December_2009_Wednesday_tagesschau-2562|heute nacht beträgt die temperatur am niederrhein plus drei grad und minus drei grad am alpenrand
25October_2010_Monday_tagesschau-22|am samstag mal sonne mal wolken vor allem im nordwesten einzelne schauer oder gewitter
31October_2009_Saturday_tagesschau-7147|am tag minus vier grad bei dauernebel und plus drei grad am rhein
18November_2009_Wednesday_tagesschau-5584|morgen ist es überwiegend stark bewölkt
06October_2010_Wednesday_tagesschau-640|am tag zwanzig grad im <unk> am oberrhein und achtundzwanzig grad in nordfriesland
01March_2011_Tuesday_tagesschau-2211|in der nacht regnet es in der nordhälfte gebietsweise im süden ist es auch klar im norden und osten scheint die sonne
30October_2009_Friday_tagesschau-2275|der wind weht schwach bis mäßig und zeitweise frisch.
06July_2010_Tuesday_tagesschau-2653|im norden ist es heute nacht überwiegend klar, und an manchen stellen entsteht <unk>
16January_2010_Saturday_tagesschau-8073|im westen und nordwesten gibt es heute nacht noch örtlich schauer oder <unk> die sich auch in den nächsten tagen ruhiges und teilweise freundliches <unk>
07April_2010_Wednesday_heute-1632|ihnen einen schönen abend und machen sie es gut
30January_2013_Wednesday_tagesschau-477|aber es geht dann los mit viel sonnenschein und immer wieder mit schauern und gewittern
20July_2010_Tuesday_heute-5251|und nun die wettervorhersage für morgen donnerstag den dreiundzwanzigsten oktober
10December_2011_Saturday_tagesschau-5421|es bleibt außerdem recht freundlich
14April_2010_Wednesday_heute-1879|guten abend liebe zuschauer
24January_2013_Thursday_tagesschau-6323|im osten und südosten bleibt es meist trocken und zum teil auch freundlich.
06October_2012_Saturday_tagesschau-8729|und nun die wettervorhersage für morgen, <unk> den siebten mai
04April_2011_Monday_heute-965|und morgen wird es dann auch wieder ein bisschen kühler sein
24June_2011_Friday_tagesschau-4071|am dienstag ist es im norden und westen meist freundlich sonst regnet es hier und da
16December_2011_Friday_tagesschau-6529|in der südhälfte gibt es heute nacht noch stellenweise starken <unk> in der westlichen <unk> schnee und <unk>
04May_2010_Tuesday_heute-453|an der nordsee weht der wind schwach bis mäßig, teilweise frisch und stark aus <unk>
07December_2010_Tuesday_tagesschau-4152|am dienstag ist es im norden und westen meist freundlich
06December_2011_Tuesday_heute-1553|der wind weht schwach bis mäßig aus nordöstlicher richtung
10November_2009_Tuesday_tagesschau-7250|am dienstag ist es in der osthälfte noch recht freundlich; sonst gibt es immer wieder <unk>
11December_2010_Saturday_tagesschau-8659|am dienstag ist es im norden und westen wechselhaft, sonst wird es freundlich.
20June_2011_Monday_heute-6514|dabei bleibt es sehr mild
26September_2009_Saturday_tagesschau-2343|morgen wird es wieder wärmer als heute den <unk> also richtig schön mit sonne und <unk>
03October_2012_Wednesday_tagesschau-7657|im norden und westen lockert es später wieder auf
08December_2009_Tuesday_heute-4213|dabei fällt nur vereinzelt etwas schnee
10December_2011_Saturday_tagesschau-5420|am montag wird es ebenfalls wechselhaft, aber wieder etwas sonniger.
12January_2011_Wednesday_tagesschau-1732|in der nacht regnet es in der nordhälfte teilweise kräftig
11October_2010_Monday_tagesschau-4615|am freitag mal sonne mal wolken mal sonne mal wolken und einzelne schauer
20December_2010_Monday_tagesschau-3205|am freitag gibt es viele wolken, einige schauer oder gewitter und es ist meistens windig.
17October_2009_Saturday_tagesschau-2139|es bleibt dabei sehr mild.
07January_2010_Thursday_tagesschau-2302|der wind weht schwach bis mäßig an der nordsee auch frisch
05September_2010_Sunday_tagesschau-3132|in der osthälfte ist es heute nacht überwiegend trocken, ansonsten fällt zeitweise <unk>
09July_2009_Thursday_tagesschau-7122|am samstag ist es im süden teilweise freundlich sonst regnet es hier und da im norden auch regen
27May_2011_Friday_tagesschau-8133|am montag ziehen aus westen schauer und gewitter durch, während es in der mitte und im süden stellenweise regen gibt.
28November_2011_Monday_tagesschau-165|in der nacht regnet es im süden und osten hier und da
28January_2010_Thursday_tagesschau-2817|am samstag gibt es viel <unk> nur ganz im süden noch vereinzelte <unk>
08June_2010_Tuesday_tagesschau-5527|heute nacht plus vier grad am alpenrand und minus zwei grad im sauerland
06January_2010_Wednesday_tagesschau-7726|und das wetter ist dann auch am morgigen tag über den norden und westen deutschlands wechselhaft, aber mit etwas schnee und regen bringen
27June_2010_Sunday_tagesschau-7386|morgen reichen die temperaturen von drei grad im allgäu bis zu achtzehn grad im <unk>
15July_2011_Friday_tagesschau-8726|morgen liegen die temperaturen zwischen drei und zehn grad am rhein
24January_2011_Monday_tagesschau-3720|der wind weht schwach bis mäßig an der see teilweise frisch
09August_2010_Monday_tagesschau-3000|am donnerstag gibt es im norden regen und nordwesten ist es windig
13July_2010_Tuesday_tagesschau-4317|im osten bleibt es trocken und zum teil längere zeit freundlich und dort regnet es auch längere zeit
25April_2010_Sunday_tagesschau-4942|sonst zeigen sich neben wolkenfeldern auch die sterne vor allem im osten kann sich morgen nebel bilden und <unk>
21April_2010_Wednesday_heute-3124|und morgen wird es auch noch nicht so kalt sein
12July_2011_Tuesday_heute-1281|der wind weht schwach bis mäßig aus nördlichen richtungen
28July_2011_Thursday_tagesschau-8521|und das wird sich dann auch in den nächsten tagen doch insgesamt wird es wieder freundlicher und vor allem wieder wärmer.
12December_2011_Monday_tagesschau-8282|am dienstag ist es teils freundlich teils bewölkt
06July_2011_Wednesday_tagesschau-6870|am dienstag ist es im nordwesten etwas kühler, und am donnerstag ist es im osten ebenfalls für längere zeit freundlich
06October_2011_Thursday_heute-5532|liebe zuschauer guten abend
31January_2010_Sunday_tagesschau-1333|am montag ist es im süden zum teil sonnig, sonst gibt es sonne und wolken
23November_2011_Wednesday_tagesschau-980|am samstag zeigen sich die sterne neben einigen wolkenfeldern vor allem im norden die sonne morgen teilweise für längere zeit scheint,
12September_2010_Sunday_tagesschau-3919|in der südhälfte bleibt es meist trocken
28September_2012_Friday_tagesschau-917|am tag ist es zunächst meist sonnig
10March_2011_Thursday_heute-51|in den kommenden tagen wird es noch etwas sonniger. aber auch im westen wird es im südwesten her erneut etwas wärmer.
13November_2009_Friday_tagesschau-8610|heute nacht dreizehn grad an der ostsee bis neunzehn grad an der ostsee
19July_2009_Sunday_tagesschau-1568|morgen reichen die temperaturen von einem grad an der nordsee bis zu zehn grad im <unk>
10April_2010_Saturday_tagesschau-4140|im norden weht der wind schwach bis mäßig, an der see frisch mit stürmischen <unk>
10December_2011_Saturday_tagesschau-5423|der wind weht schwach bis mäßig und kommt aus nördlichen richtungen
24May_2010_Monday_tagesschau-3142|in der nacht ist es meist klar, nur an den küsten und in dieser nacht gibt es noch etwas <unk>
13December_2009_Sunday_tagesschau-6822|im osten und süden wird es abseits von nebelfelder recht freundlich und trocken
14October_2010_Thursday_tagesschau-298|am donnerstag regnet es gebietsweise im norden ist es sonnig und warm, dabei wird es kühler
08October_2009_Thursday_tagesschau-5351|im norden und westen ist es heute nacht meist stark bewölkt oder neblig und trüb, es bleibt trocken.
01March_2011_Tuesday_tagesschau-2210|im norden und nordwesten gibt es morgen nur noch einzelne schauer
15September_2010_Wednesday_tagesschau-5210|am sonntag gibt es im norden nur noch vereinzelt schauer oder <unk> sonst teils freundlich und trocken
07January_2010_Thursday_tagesschau-2301|in der nacht heute liegen die temperaturen zwischen plus vier und minus drei grad, vorsicht wegen <unk>
03October_2012_Wednesday_tagesschau-7655|im süden bleibt es noch meist trocken
10January_2011_Monday_heute-1375|im norden weht der wind schwach bis mäßig, an der see frisch mit starken bis stürmischen <unk>
24January_2011_Monday_heute-6984|und das ganze dann bei plus drei grad in <unk> teilweise wird es sogar noch milder
12February_2010_Friday_tagesschau-126|am dienstag ist es oft freundlich in der mitte und im süden gebietsweise regen
21June_2011_Tuesday_tagesschau-1264|im osten und süden gibt es heute nacht örtlich leichten bodenfrost
23August_2010_Monday_tagesschau-4438|im süden und osten bleibt es unter hochdruckeinfluss deutlich freundlicher
25June_2010_Friday_tagesschau-3887|am tag dann fünf grad auf rügen und neun grad am oberrhein
21November_2009_Saturday_tagesschau-4905|im süden weht der wind schwach, im norden mäßig bis frisch aus <unk>
14July_2010_Wednesday_tagesschau-1865|heute nacht ist es meist trocken und zum teil klar
20September_2010_Monday_heute-2934|und nun die wettervorhersage für morgen, <unk> den siebten juli
29July_2010_Thursday_tagesschau-7411|im westen und nordwesten ziehen heute nacht dichtere wolken mit etwas regen sonst scheint die sonne häufig.
20June_2011_Monday_heute-6521|in den kommenden tagen wird es nicht unfreundlich aber es wird auch nicht ohne regenschauer
01February_2011_Tuesday_tagesschau-4975|im süden teilweise freundlich
12May_2010_Wednesday_tagesschau-318|im norden und osten fällt heute nacht gebietsweise schnee oder gefrierender <unk>
06December_2011_Tuesday_heute-1554|ich wünsche ihnen noch einen schönen abend und machen sie es gut
30March_2011_Wednesday_tagesschau-7130|im osten und süden ist es meist klar oder nur leicht bewölkt, an manchen stellen bildet sich <unk>
30November_2009_Monday_tagesschau-5755|am tag plus vier grad im <unk> und minus sechs grad an der <unk>
18November_2009_Wednesday_tagesschau-5585|im norden ist es meist klar
09August_2009_Sunday_tagesschau-1181|am samstag ist es im westen und nordwesten freundlich
02December_2011_Friday_tagesschau-8009|heute nacht ist es meist klar und nur leicht bewölkt oder neblig trüb
24January_2013_Thursday_heute-7254|und nun die wettervorhersage für morgen dienstag den dreißigsten november
20July_2010_Tuesday_tagesschau-7877|und so wird es auch in richtung osten noch ganz deutschland recht freundlich
06October_2012_Saturday_tagesschau-8744|am dienstag ist es oft freundlich und es regnet oder schauert es.
06April_2010_Tuesday_tagesschau-308|dabei strömt noch kältere luft zu uns
13August_2009_Thursday_tagesschau-8487|der wind weht schwach bis mäßig im nordwesten auch frisch
29January_2010_Friday_tagesschau-6490|in der nacht regnet es in der nördlichen <unk> ansonsten ist es teils klar, teils bewölkt, teils klar und trocken.
23August_2010_Monday_tagesschau-4430|es ist dabei weiterhin ziemlich mild
23July_2011_Saturday_tagesschau-5498|am tag gibt es abwechselnd sonne und wolken sowie nur vereinzelt <unk>
12March_2011_Saturday_tagesschau-2455|am samstag ist es im norden recht freundlich
13July_2009_Monday_tagesschau-7513|im norden gibt es heute nacht noch vereinzelt schauer in der mitte und im süden ist es teils klar und trocken
23August_2010_Monday_heute-5320|am tag ist es im norden und westen meist stark bewölkt oder neblig trüb
23November_2011_Wednesday_tagesschau-973|und nun die wettervorhersage für morgen, <unk> den einunddreißigsten juli
06January_2010_Wednesday_heute-3523|heute nacht gibt es im westen und nordwesten mal <unk> mal <unk>
08February_2010_Monday_tagesschau-2796|und nun die wettervorhersage für morgen samstag den achtzehnten februar
23May_2011_Monday_heute-6466|und dann gibt es auch noch schauer und gewitter
28May_2010_Friday_tagesschau-7496|das hoch über der biskaya dehnt sich nach mitteleuropa aus und bringt uns in den nächsten tagen überwiegend freundliches wetter
26March_2011_Saturday_tagesschau-5730|im süden bleibt es weiterhin freundlich.
23January_2011_Sunday_tagesschau-7834|am dienstag ist es zunächst meist freundlich, aber es bleibt trocken
17May_2010_Monday_tagesschau-8477|am mittwoch ist es im westen und nordwesten meist freundlich sonst nur einzelne schauer
04February_2010_Thursday_heute-7966|der wind weht schwach bis mäßig im norden frisch mit stürmischen böen an der see und auf den bergen stürmische böen
02December_2010_Thursday_heute-8444|guten abend liebe zuschauer
15September_2010_Wednesday_heute-2476|es ist dabei sehr windig
31May_2011_Tuesday_tagesschau-4294|ihnen einen schönen abend und machen sie es gut
15September_2010_Wednesday_tagesschau-5209|am montag gibt es im norden und osten hier und da regen oder <unk> ansonsten ist es überwiegend freundlich.
20October_2009_Tuesday_tagesschau-3595|der wind weht schwach bis mäßig an der see auch frisch
09August_2010_Monday_heute-5906|ich wünsche ihnen einen schönen abend und machen sie es gut
25November_2010_Thursday_tagesschau-2530|am montag gibt es im norden und westen noch zeitweise starker <unk>
02September_2010_Thursday_heute-3457|im norden und westen ist es windig
11January_2011_Tuesday_heute-8176|am nachmittag ziehen von westen wieder wolken mit schauern auf, örtlich mit blitz und donner
10August_2010_Tuesday_tagesschau-3865|im süden ist es meist klar und trocken in der mitte scheint die sonne auch für längere zeit
26October_2010_Tuesday_tagesschau-5789|am samstag gibt es im norden einige <unk> ansonsten ist es es meist freundlich.
04January_2010_Monday_heute-7399|und nun die wettervorhersage für morgen, <unk> den sechsten juli
23August_2010_Monday_tagesschau-4429|der wind weht schwach bis mäßig an der see frisch mit starken bis stürmischen böen in den hochlagen
08December_2009_Tuesday_heute-4212|es bleibt winterlich in den nächsten tagen
01March_2011_Tuesday_tagesschau-2209|am freundlichsten wird es im norden
20March_2010_Saturday_heute-7288|am dienstag fällt in der südhälfte viel <unk> während es im südwesten und westen recht freundlich.
31May_2011_Tuesday_tagesschau-4295|am samstag scheint die sonne häufig und es wird etwas milder.
19February_2010_Friday_tagesschau-4101|in der neuen woche erwartet uns erstmal ruhiges und meist trockenes winterwetter
01February_2011_Tuesday_heute-4637|im süden ist es meist trocken und teils längere zeit sonnig
04July_2011_Monday_heute-6441|und nun die wettervorhersage für morgen, <unk> den ersten oktober
01December_2011_Thursday_heute-3058|in den nächsten tagen kühlt es weiter ab und zu beginn an der ostsee häufig die <unk>
29April_2010_Thursday_heute-8622|am freitag wird es zumindest im süden etwas freundlicher und auch etwas wärmer.
30May_2011_Monday_heute-3677|und das wird auch noch etwas kühler als heute sein, meist liegen die temperaturen zwischen minus zwei und minus sechs grad im westen
18November_2009_Wednesday_tagesschau-5587|an der küste weht der wind schwach bis mäßig, auch frisch.
08April_2010_Thursday_tagesschau-3949|und das liegt an dem nächsten tief über dem atlantik bei uns in deutschland für relativ freundliches wetter
08April_2010_Thursday_heute-4004|bei schauern und gewittern kann es stürmische böen möglich
22January_2010_Friday_tagesschau-907|im norden ist es meist klar und es bleibt trocken
08October_2009_Thursday_tagesschau-5349|und es kann auch dort längere zeit trocken
03February_2011_Thursday_tagesschau-938|am tag ist es im westen und südwesten meist freundlich sonst regnet es hier und da
01July_2011_Friday_tagesschau-2766|morgen liegen die temperaturen zwischen drei und zwölf grad am oberrhein bei längerem nebel
17October_2009_Saturday_tagesschau-2133|der wind weht schwach bis mäßig an den küsten auch frisch
06October_2012_Saturday_tagesschau-8730|am tag zwanzig grad auf rügen und achtundzwanzig grad am oberrhein
10December_2009_Thursday_tagesschau-7482|und nun die wettervorhersage für morgen donnerstag den dreiundzwanzigsten januar
21August_2011_Sunday_tagesschau-265|im norden gibt es hier und da <unk> auch <unk> aber auch im westen gibt es einzelne <unk>
07February_2011_Monday_tagesschau-1612|in der nacht ist es meist stark bewölkt, gebietsweise klar.
26October_2010_Tuesday_tagesschau-5796|an der nordsee weht der wind schwach bis mäßig
22January_2011_Saturday_tagesschau-2080|dabei strömt mal kältere luft zu uns
30January_2013_Wednesday_tagesschau-475|am freitag ziehen aus westen wieder aus westen wieder kräftige schauer und gewitter heran
02November_2010_Tuesday_tagesschau-2039|am samstag ist es im norden teilweise freundlich und trocken
09June_2010_Wednesday_heute-8266|am montag ist es insgesamt recht freundlich; im westen bilden sich vor allem im süden und westen einige schauer und gewitter die am nachmittag wieder unwetterpotenzial besitzen.
01June_2010_Tuesday_tagesschau-5002|und nun die wettervorhersage für morgen, <unk> den siebten juni
15October_2009_Thursday_tagesschau-7719|am tag minus fünf grad im vogtland und plus zwei grad an der <unk>
20October_2010_Wednesday_heute-8493|heute nacht gibt es in der eifel und minus fünf grad
25August_2010_Wednesday_heute-6009|und das wird jetzt wieder sonnig und es wird auch wieder freundlicher
22November_2009_Sunday_tagesschau-5490|am montag wird es im westen und südwesten freundlicher.
04July_2010_Sunday_tagesschau-7198|und nun die wettervorhersage für morgen dienstag den dreiundzwanzigsten juli
29September_2011_Thursday_heute-4235|ihnen einen schönen abend und machen sie es gut
29September_2012_Saturday_tagesschau-2967|am dienstag wird es dann von westen her freundlicher
29April_2010_Thursday_heute-8625|und das wird sich dann auch in norddeutschland wenn die temperaturen auf zwölf grad am rhein und auch mal wieder kühler bleibt
25August_2009_Tuesday_tagesschau-7093|am samstag ist es im norden überwiegend freundlich, ansonsten überwiegend wolkig.
29March_2010_Monday_tagesschau-8384|und nun die wettervorhersage für morgen dienstag den elften märz
24December_2010_Friday_tagesschau-5129|der wind weht schwach bis mäßig im norden frisch und teilweise stark
12January_2010_Tuesday_heute-2545|dabei frischt der wind stark böig auf, sonst weht er schwach bis mäßig und im südwesten frisch aus süd bis <unk>
03July_2009_Friday_tagesschau-2003|am tag sechzehn grad im vogtland und bei dauerregen nur zweiundzwanzig grad
29June_2011_Wednesday_tagesschau-4482|am freitag wird es im norden wieder freundlicher und auch etwas wärmer
28November_2011_Monday_tagesschau-172|in der nacht sinken die temperaturen auf minus fünf bis minus zwölf grad.
03July_2011_Sunday_tagesschau-1674|am sonntag dann zumindest ein wenig verändert
28September_2009_Monday_tagesschau-4679|und nun die wettervorhersage für morgen, <unk> den einunddreißigsten juli
01October_2009_Thursday_tagesschau-417|morgen im osten und süden bleibt es meist trocken, ansonsten scheint die sonne verbreitet.
24January_2013_Thursday_heute-7265|und nun die wettervorhersage für morgen, <unk> den dreiundzwanzigsten november
20October_2010_Wednesday_heute-8494|und nun die wettervorhersage für morgen montag den dreizehnten april
14August_2009_Friday_tagesschau-72|morgen an der ostsee zwanzig grad, am rhein und an der spree bis zu achtundzwanzig grad.
04July_2011_Monday_heute-6440|und nun die wettervorhersage für morgen, <unk> den sechsundzwanzigsten oktober
25April_2010_Sunday_tagesschau-4951|am samstag scheint verbreitet die sonne
29June_2010_Tuesday_tagesschau-7704|der wind weht schwach bis mäßig im norden frisch an der nordsee auch stark
21July_2009_Tuesday_tagesschau-8061|und nun die wettervorhersage für morgen, <unk> den fünften oktober
24September_2009_Thursday_heute-6077|im westen und nordwesten gibt es heute nacht noch einzelne schauer oder <unk> die örtlich wieder unwetterartig ausfallen können.
20May_2010_Thursday_tagesschau-3151|und nun die wettervorhersage für morgen, <unk> den dreiundzwanzigsten april
16July_2011_Saturday_tagesschau-7524|gegen abend breitet sich von westen her neuer, zum teil kräftiger regen aus. anfangs gibt es auch <unk>
11August_2010_Wednesday_tagesschau-2|in der südhälfte auch freundliche abschnitte
17January_2010_Sunday_tagesschau-5555|im südwesten weht der wind schwach bis mäßig und im norden auch frisch.
31August_2010_Tuesday_tagesschau-5174|der wind weht schwach bis mäßig aus nördlichen richtungen
24April_2010_Saturday_tagesschau-3963|am montag ist es recht freundlich und trocken
23May_2011_Monday_heute-6461|am tag ist es erst bewölkt später kommt es im westen und norden regen auf
26August_2010_Thursday_tagesschau-4265|und nun die wettervorhersage für morgen donnerstag den achtundzwanzigsten september
25August_2009_Tuesday_tagesschau-7094|die aussichten am sonntag sind im westen und südwesten teilweise kräftige schauer und gewitter möglich sonst mal sonne mal wolken und nur vereinzelt schauer
