23August_2010_Monday_heute-5321|im osten und süden gibt es kaum <unk> aber auch am oberrhein zeigt
22November_2010_Monday_heute-279|und es wird etwas kühler sein als heute, meist so zwischen zwei und minus fünfzehn grad.
26September_2009_Saturday_tagesschau-2333|und nun die wettervorhersage für morgen samstag den zehnten august
17April_2010_Saturday_tagesschau-396|der wind weht schwach bis mäßig an der küste teilweise frisch und stark böig aus süd bis <unk>
30November_2010_Tuesday_tagesschau-4620|am dienstag ist es teils freundlich, teils bewölkt, teils klar; örtlich bildet sich <unk>
22November_2011_Tuesday_tagesschau-3647|am montag ist es teils freundlich, teils bewölkt, teils sonnig und überwiegend trocken.
05February_2010_Friday_tagesschau-2919|am tag dreizehn grad an der ostsee und bis zu zweiundzwanzig grad in oberbayern
12February_2010_Friday_tagesschau-125|und nun die wettervorhersage für morgen montag den vierten juli
03July_2011_Sunday_tagesschau-1673|am dienstag wird es dann etwas milder
21April_2010_Wednesday_heute-3122|am tag zehn grad an der ostsee und bis zu siebzehn grad an der <unk>
23April_2010_Friday_tagesschau-3667|heute nacht drei grad im <unk> bis elf grad an der <unk>
22June_2011_Wednesday_heute-4381|und morgen wird es auch noch ein wenig kühler sein als heute, und das tief über der nordsee überqueren uns von osten her immer wieder etwas regen
30September_2012_Sunday_tagesschau-4033|und nun die wettervorhersage für morgen donnerstag den einunddreißigsten juli
09May_2011_Monday_tagesschau-8583|morgen liegen die temperaturen zwischen neunzehn grad im dreiunddreißig grad am <unk>
04February_2010_Thursday_heute-7970|und morgen wird es im westen wieder etwas freundlicher aber auch wieder etwas wärmer.
24October_2009_Saturday_tagesschau-4284|am tag ist es oft stark bewölkt in der nördlichen <unk> windig und im norden und westen ist es überwiegend freundlich.
13August_2011_Saturday_tagesschau-1409|im süden und osten gibt es heute nacht noch einzelne schauer oberhalb von etwa siebenhundert metern auch schnee
03October_2012_Wednesday_tagesschau-7651|und nun die wettervorhersage für morgen freitag den dreiundzwanzigsten juli
07June_2010_Monday_heute-2322|und es wird am wochenende noch etwas kühler, vor allem am sonntag gibt es mehr <unk> aber zumindest im osten wieder etwas <unk>
10August_2009_Monday_heute-6892|im norden bleibt es weiterhin sehr windig und es wird noch freundlicher
16September_2010_Thursday_tagesschau-6272|am freitag gibt es mal sonne mal wolken und nur einzelne <unk>
06February_2011_Sunday_tagesschau-6917|morgen bringt das hoch das wetter weiterhin recht freundliches wetter
02November_2010_Tuesday_tagesschau-2031|im süden bleibt es morgen bis minus drei grad, am alpenrand frostige minus zwei grad.
25November_2010_Thursday_tagesschau-2536|sonst gibt es immer mehr wolken als sonne und gebietsweise regen oder <unk> der im norden und westen ist es ebenfalls freundlich.
26January_2010_Tuesday_tagesschau-2787|am donnerstag ist es im norden ebenfalls oft freundlich, während es in der mitte und im süden reste der feuchten, warmen und dadurch gewitteranfälligen luft erhalten bleiben.
26November_2011_Saturday_tagesschau-5848|in der nacht ist es überwiegend klar und es regnet örtlich im westen vor allem in alpennähe
17February_2011_Thursday_tagesschau-6307|am tag ist es zunächst noch freundlich später gibt es hier und da schauer oder gewitter
29September_2009_Tuesday_tagesschau-8538|sonst sorgt das hoch über russland und der sonnenschein und für viel sonnenschein
01July_2011_Friday_tagesschau-2763|im norden und westen verläuft die nacht meist klar, sonst schneit es hier und da vorsicht wegen <unk>
22April_2010_Thursday_heute-2124|es ist dabei sehr mild
24November_2011_Thursday_heute-222|im norden leichter frost an der nordsee bis minus acht grad
22August_2010_Sunday_tagesschau-1345|der wind weht schwach an der nordsee mäßig bis frisch an der see teilweise stark mit stürmischen böen
24January_2011_Monday_heute-6983|heute nacht elf bis ein grad an der <unk> vier grad an den <unk>
03July_2009_Friday_tagesschau-2008|am tag ist es zunächst noch freundlich später kann es im westen hier und da etwas regen geben, aber auch der wind wird auch wieder wärmer.
21August_2011_Sunday_tagesschau-264|im norden ist es heute nacht überwiegend klar, während es in der mitte recht freundlich.
27August_2009_Thursday_tagesschau-3276|am donnerstag im norden und osten hier und da regen mit blitz und donner
22January_2011_Saturday_tagesschau-2082|am dienstag ist es zunächst freundlich später wird es hier und da etwas milder
26May_2010_Wednesday_heute-7867|morgen wird es im norden wahrscheinlich überwiegend an den küsten herrscht ein starker <unk>
26August_2009_Wednesday_tagesschau-3225|am freitag gibt es im südosten noch viele wolken, die hier und da regen bringen.
25January_2013_Friday_tagesschau-7813|am montag ziehen von westen wieder regenwolken heran in die sich wieder öfter zeigt
24January_2013_Thursday_tagesschau-6327|in der nacht heute minus fünf grad im norden und null grad an der ostsee
24June_2011_Friday_tagesschau-4073|am samstag wird es im süden freundlich, während es im norden und westen überwiegend freundlich bleibt.
04October_2010_Monday_heute-5954|und nun die wettervorhersage für morgen, <unk> den fünften juli
19May_2010_Wednesday_heute-1119|am freitag wird es von westen wieder freundlicher, und am samstag scheint die sonne häufig.
01October_2010_Friday_tagesschau-2691|und nun die wettervorhersage für morgen samstag den dreiundzwanzigsten oktober
20September_2010_Monday_heute-2935|und das wird auch ziemlich klart es im norden dann wieder auf.
10August_2011_Wednesday_tagesschau-6303|das hoch über russland verliert morgen seinen einfluss auf unser wetter
07December_2011_Wednesday_tagesschau-5399|am samstag zieht von nordwesten wieder regen auf, der örtlich mit blitz und <unk>
24January_2011_Monday_tagesschau-3712|im norden machen sich tiefdruckgebiete über dem atlantik noch etwas kühlere luft bemerkbar
24July_2011_Sunday_tagesschau-6622|es gibt viele wolken, aber es wird auch noch etwas regnen.
30March_2011_Wednesday_tagesschau-7127|am wochenende wird es dann sogar noch wärmere luft zu uns und die sonne scheint in der südosthälfte
11August_2010_Wednesday_tagesschau-3|am donnerstag gibt es viele wolken, gebietsweise regen und einzelne gewitter bringen.
16February_2010_Tuesday_tagesschau-6098|am sonntag gibt es im westen und nordwesten neben schauern auch längere freundliche phasen in der <unk>
08January_2010_Friday_tagesschau-3984|am mittwoch ist es in der nordwesthälfte meist freundlich richtung südosten ist es freundlich und trocken
30November_2011_Wednesday_tagesschau-6289|morgen liegen die temperaturen zwischen drei und dreizehn grad am niederrhein bei sonne im norden kühler.
08December_2009_Tuesday_heute-4211|das war alles zum <unk> ich wünsche ihnen einen schönen <unk>
12July_2009_Sunday_tagesschau-2574|am tag scheint im norden viel <unk> wobei es im süden und osten mehr wolken als <unk>
23April_2010_Friday_tagesschau-3668|am dienstag ist es wechselhaft und etwas kühler
20June_2011_Monday_tagesschau-1253|im nordosten bleibt es bis zum morgen stellenweise trocken
21October_2009_Wednesday_tagesschau-735|am sonntag zieht von westen wieder regen auf, der sich im südosten noch örtliche <unk> die im westen zunehmend auf.
09March_2011_Wednesday_heute-1742|es weht ein schwacher bis mäßiger wind aus west bis <unk> an der nordsee aus ost bis <unk>
13May_2010_Thursday_tagesschau-7926|sonst scheint häufig die sonne
25September_2010_Saturday_tagesschau-3480|und nun die wettervorhersage für morgen sonntag den siebten juli
10January_2011_Monday_tagesschau-6404|am montag ist es teils freundlich teils wolkig und meist trocken
25August_2009_Tuesday_tagesschau-7091|morgen weht der wind schwach bis mäßig aus nordöstlicher richtung
29November_2011_Tuesday_tagesschau-5612|das tief über großbritannien sorgt dafür dass es im norden deutschlands weiter für regen
27August_2009_Thursday_tagesschau-3285|am dienstag ist es sonnig und kühler
23November_2011_Wednesday_tagesschau-984|am montag ist es im norden noch kühler im norden und nordwesten mit schauern und gewittern zu rechnen.
26April_2010_Monday_tagesschau-7271|und nun die wettervorhersage für morgen freitag den ersten oktober
11October_2010_Monday_tagesschau-4607|dabei bleibt es meist trocken und zum teil längere zeit sonnig, sobald der nebel weg ist.
17October_2009_Saturday_tagesschau-2127|am montag ist es ebenfalls recht freundlich, im süden gibt es noch <unk> sonst gibt es <unk>
10January_2011_Monday_tagesschau-6409|am montag ist es im norden noch leicht wechselhaft, ansonsten etwas freundlicher.
26September_2009_Saturday_tagesschau-2342|und nun die wettervorhersage für morgen freitag den dreiundzwanzigsten juli
06July_2010_Tuesday_tagesschau-2654|im norden ist es weiterhin windig mit schneeverwehungen
29October_2009_Thursday_tagesschau-1011|und nun die wettervorhersage für morgen mittwoch den ersten oktober
27May_2011_Friday_tagesschau-8122|am mittwoch ziehen von westen wieder dichtere wolken mit etwas regen
19August_2010_Thursday_tagesschau-995|am mittwoch viel sonne im norden und nordosten ist es windig
25January_2010_Monday_tagesschau-8305|der wind weht schwach bis mäßig an der see teilweise frisch
20October_2009_Tuesday_tagesschau-3594|in der nacht donnerstag muss in teilen bayerns sowie in dieser nacht noch mit noch schauern gerechnet werden
06May_2011_Friday_tagesschau-6438|und morgen wird es im westen noch heißer als heute
20February_2011_Sunday_tagesschau-3166|morgen wird es dann wieder freundlicher
02December_2011_Friday_tagesschau-8010|im norden weht der wind schwach bis mäßig und an der see auch frisch.
30March_2010_Tuesday_tagesschau-5694|und nun die wettervorhersage für morgen mittwoch den dreißigsten märz
28September_2012_Friday_tagesschau-922|am montag und dienstag bleibt es teilweise freundlich und trocken örtlich ist es sonnig und trocken
30November_2010_Tuesday_tagesschau-4618|am sonntag wird es dann aus westen erneut freundlicher, und am montag fällt gebietsweise <unk>
25January_2013_Friday_tagesschau-7815|und nun die wettervorhersage für morgen dienstag den einundzwanzigsten april
29November_2011_Tuesday_tagesschau-5619|in der nacht regnet es in der nordhälfte gebietsweise im süden und osten ist es meist sternenklar.
30July_2011_Saturday_tagesschau-8591|heute nacht gibt es vor allem in der osthälfte und im westen deutschlands mit kräftigem regen in der eifel bis zu vierzehn grad
26January_2010_Tuesday_heute-107|und nun die wettervorhersage für morgen mittwoch den mittwoch den ganzen tag
30August_2011_Tuesday_heute-783|am dienstag wird es dann allgemein freundlich sein.
26July_2010_Monday_tagesschau-6256|und nun die wettervorhersage für morgen dienstag den siebten juli
29June_2010_Tuesday_tagesschau-7705|und morgen wird es im norden ebenfalls in weiten teilen deutschlands oft sonnig
30November_2009_Monday_tagesschau-5749|der wind weht schwach bis mäßig im norden und an der see teilweise frisch
21November_2011_Monday_heute-5434|am tag dreizehn grad an der oder und bis zu zwanzig grad im <unk>
29May_2011_Sunday_tagesschau-764|morgen weht der wind schwach bis mäßig aus nordöstlicher richtung
12November_2009_Thursday_tagesschau-6772|am samstag ist es im norden überwiegend freundlich und trocken
10August_2010_Tuesday_heute-1455|am donnerstag scheint die sonne wieder öfter.
06January_2010_Wednesday_heute-3530|der wind weht schwach bis mäßig im norden auch frisch an der see stark
20November_2010_Saturday_tagesschau-1823|am dienstag wird es freundlich, nur vereinzelt treten schauer oder gewitter auf.
18October_2010_Monday_heute-629|am montag gibt es im süden noch eine trockene mischung aus sonne und <unk>
01November_2010_Monday_tagesschau-140|am samstag gibt es im norden viel <unk> in der nordhälfte einzelne <unk>
20October_2010_Wednesday_heute-8501|in der nacht gibt es überall weniger <unk> es ist meist klar.
02October_2012_Tuesday_heute-3494|der wind weht schwach bis mäßig im norden frisch an der nordsee auch stark
22July_2010_Thursday_tagesschau-8194|und nun die wettervorhersage für morgen freitag den dreißigsten juli
01December_2011_Thursday_heute-3060|es wird etwas kühler als heute sein, da wir befinden uns zwischen fünf und dreizehn im <unk>
28February_2011_Monday_tagesschau-4984|heute nacht sind es sechs grad im <unk> minus drei grad an den alpen
21November_2009_Saturday_tagesschau-4906|im süden weht der wind schwach bis mäßig
11December_2009_Friday_tagesschau-3509|die aussichten am montag ändert sich wenig
23May_2011_Monday_tagesschau-1097|und morgen kommt dann von westen erneut <unk> und es ziehen bis in die mitte weiter in den <unk>
19March_2011_Saturday_tagesschau-4690|morgen weht der wind schwach bis mäßig bei schauern und gewittern sind mit sturmböen möglich
19March_2011_Saturday_tagesschau-4697|am dienstag gibt es viel sonne und es wird noch leicht regnen.
20September_2010_Monday_tagesschau-7029|der wind weht schwach bis mäßig aus nordöstlicher richtung
02October_2009_Friday_tagesschau-1354|am dienstag ist es zunächst freundlich später wird es etwas freundlicher und wärmer
30September_2012_Sunday_tagesschau-4038|am montag ist es ebenfalls recht freundlich, es gibt nur vereinzelt <unk>
27August_2009_Thursday_tagesschau-3284|am freundlichsten wird es im nordosten
05February_2011_Saturday_tagesschau-7855|am tag fünf grad auf rügen und sechzehn grad an der see
12December_2011_Monday_heute-5806|am donnerstag und freitag kommt dann überall wieder ein neuer wetterwechsel
11August_2010_Wednesday_tagesschau-8|der wind weht schwach bis mäßig im norden und an der see teilweise frisch mit stürmischen böen
23September_2009_Wednesday_tagesschau-7593|am wochenende gibt es viele wolken, einige <unk> jedoch bleibt es trocken.
03February_2011_Thursday_tagesschau-939|am tag null grad im erzgebirge und bis zu zehn grad im <unk>
02October_2009_Friday_tagesschau-1355|es bleibt dabei sehr mild
12July_2011_Tuesday_heute-1280|am mittwoch wird es auch noch sehr windig
24January_2011_Monday_heute-6980|und die temperaturen werden morgen ähnlich warm oder kühl, es sind dort nicht ganz so kalt, also morgen bis zu fünfundzwanzig grad.
04May_2011_Wednesday_heute-3996|und morgen wird es etwas wärmer, da es ist ein bisschen kühler im <unk> aber der <unk> hier im <unk> und <unk> werden sie sich zunächst immer wieder die sonne
06December_2011_Tuesday_tagesschau-6842|im norden ist es meist stark bewölkt in der mitte und im süden ist es auch klar
12November_2009_Thursday_tagesschau-6771|im süden ist es morgen noch freundlich, sonst gibt es hier und da regen oder <unk>
12July_2010_Monday_heute-244|am freitag wird es ebenfalls noch etwas freundlicher, aber auch wieder kälter.
28December_2011_Wednesday_tagesschau-1911|am tag minus fünf grad im vogtland und plus ein grad an der <unk>
03September_2010_Friday_tagesschau-8432|morgen an der ostsee zwanzig grad im vogtland und bis zu zweiundzwanzig grad
10August_2009_Monday_heute-6891|und das wird sich bis zum morgen bringen uns erstmal eine deutliche abkühlung
27September_2009_Sunday_tagesschau-2169|der wind weht schwach bis mäßig an der see teilweise frisch an der see und an der ostsee stürmische böen
09February_2010_Tuesday_tagesschau-4495|und morgen wird es dann auch im westen wieder etwas freundlicher
09August_2009_Sunday_tagesschau-1182|der wind weht schwach bis mäßig an der see auch frisch.
28September_2012_Friday_tagesschau-916|am mittwoch und donnerstag ist es im norden überwiegend freundlich mit nur vereinzelt <unk>
19January_2011_Wednesday_heute-2680|am tag dann null grad auf <unk> und minus vier grad an den alpen
02December_2010_Thursday_heute-8445|und morgen wird es etwas kühler als heute sein, meist zwischen fünf und zehn grad, am mildesten wird es allerdings wieder am rhein
19January_2011_Wednesday_tagesschau-7068|und nun die wettervorhersage für morgen donnerstag den einundzwanzigsten november
15February_2011_Tuesday_tagesschau-7468|und nun die wettervorhersage für morgen, <unk> den vierzehnten juli
18November_2009_Wednesday_tagesschau-5583|am mittwoch ist es meist freundlich und es regnet örtlich
28November_2011_Monday_tagesschau-168|in der nacht regnet es in der nordhälfte gebietsweise im süden ist es meist trocken
10March_2011_Thursday_tagesschau-5086|am dienstag gibt es in der nordosthälfte viel <unk> in der westhälfte viel <unk> sonst ist es meist freundlich.
05September_2009_Saturday_tagesschau-4078|und nun die wettervorhersage für morgen, <unk> den dreizehnten september
01April_2010_Thursday_heute-6697|an den küsten weht der wind schwach bis mäßig
04January_2010_Monday_heute-7401|am freitag ist es im norden noch wechselhaft und sehr windig.
29November_2009_Sunday_tagesschau-7043|am donnerstag zieht von westen her regen auf, dabei ist es teilweise sonnig, besonders im osten und süden ziehen auch einige wolken auf.
03September_2010_Friday_tagesschau-8424|am freitag wird es im norden und westen noch freundlich bleiben.
29March_2011_Tuesday_tagesschau-8117|am tag fünf grad im vogtland und bis vierzehn grad an der <unk>
12December_2011_Monday_tagesschau-8281|am tag minus fünf grad im vogtland und plus ein grad im breisgau
09December_2009_Wednesday_tagesschau-2561|am samstag gibt es nur vereinzelt <unk>
23May_2011_Monday_heute-6459|und es wird auch sehr windig sein, aber insgesamt wird es wieder freundlicher und vor allem im westen wieder etwas wärmer als heute
29November_2011_Tuesday_heute-8095|und jetzt wünsche ich ihnen noch einen schönen abend
11April_2010_Sunday_tagesschau-8639|im norden weht der wind schwach bis mäßig, an den küsten hingegen frisch und stark aus west bis <unk>
07April_2010_Wednesday_heute-1631|am tag scheint im norden viel <unk> ansonsten scheint verbreitet die sonne
20July_2010_Tuesday_tagesschau-7883|am tag liegen die werte zwischen neunzehn grad in der nordhälfte und achtundzwanzig grad im <unk>
01February_2011_Tuesday_tagesschau-4976|am dienstag im norden und westen längere freundliche abschnitte in der südhälfte einzelne schauer
04July_2009_Saturday_tagesschau-3345|am dienstag gibt es in der nordosthälfte noch viele wolken, und vereinzelt <unk> sonst sonne und es bleibt weitgehend trocken.
20March_2010_Saturday_heute-7296|der wind weht schwach bis mäßig bei schauern und gewittern frischt er stark bis stürmisch auf
09August_2010_Monday_tagesschau-3004|am montag ist es im norden recht freundlich und trocken, sonst gibt es zeitweise <unk> an den alpen scheint die sonne oft wieder
10December_2011_Saturday_tagesschau-5422|am freitag gibt es ebenfalls viele wolken, die stellenweise etwas schnee oder <unk>
04April_2011_Monday_heute-966|auch morgen bleibt es zunächst noch unbeständig.
01May_2010_Saturday_tagesschau-7197|am dienstag im norden und nordwesten viele wolken und zeitweise regen
09August_2009_Sunday_tagesschau-1179|am mittwoch ziehen von nordwesten wieder regenwolken auf, und das ist das wetter wechselhaft.
31May_2011_Tuesday_heute-1899|und auch in der osthälfte deutschlands sorgt das hoch auch noch für freundliches wetter
11February_2011_Friday_tagesschau-7755|und nun die wettervorhersage für morgen montag den zehnten februar
29April_2010_Thursday_heute-8623|am dienstag ist es teilweise freundlich und weitgehend trocken
03September_2010_Friday_tagesschau-8423|das wetter gibt es dann auch eine deutliche abkühlung
18November_2011_Friday_tagesschau-2143|am tag verdichten sich die wolken im norden weiter, es fällt stellenweise <unk> der sich <unk>
19October_2009_Monday_tagesschau-229|und jetzt die <unk> für morgen, <unk> den 14. januar
30November_2011_Wednesday_tagesschau-6292|am mittwoch ist es im westen meist freundlich und trocken, sonst fällt gebietsweise <unk>
16September_2010_Thursday_tagesschau-6276|heute nacht einundzwanzig grad an der nordsee und dreißig grad in der <unk>
04August_2011_Thursday_tagesschau-718|am dienstag steht uns unter hochdruckeinfluss ein recht angenehmer tag bevor.
20December_2010_Monday_tagesschau-3199|im norden ziehen die wolken an der nordsee ebenfalls für längere zeit regen bringen
13February_2010_Saturday_tagesschau-6036|und nun die wettervorhersage für morgen freitag den dreizehnten juli
12July_2011_Tuesday_heute-1274|das stürmische wetter wird morgen wieder ein neues tief zieht sorgt
30November_2011_Wednesday_tagesschau-6291|am mittwoch wird es dann schon wieder freundlicher,
26March_2011_Saturday_tagesschau-5731|am montag gibt es im norden und westen nur vereinzelt <unk>
11May_2010_Tuesday_tagesschau-1960|und nun die wettervorhersage für morgen mittwoch den fünfundzwanzigsten oktober
07February_2011_Monday_tagesschau-1613|der wind weht schwach bis mäßig im norden frisch bei schauern und gewittern sind sturmböen möglich
22March_2011_Tuesday_tagesschau-4956|in der nacht ist es meist bewölkt, sonst ist es überwiegend klar.
24January_2010_Sunday_tagesschau-8710|im süden weht der wind schwach nach norden mäßig an der see frisch und stark böig aus ost bis <unk>
07June_2010_Monday_heute-2327|morgen liegen die temperaturen zwischen einundzwanzig grad an der nordsee und dreißig grad im <unk>
04October_2010_Monday_heute-5945|liebe zuschauer guten abend
20December_2010_Monday_tagesschau-3208|und nun die wettervorhersage für morgen donnerstag den sechsundzwanzigsten oktober
14October_2009_Wednesday_tagesschau-529|im norden und westen frischer bis starker wind
04July_2010_Sunday_tagesschau-7199|morgen liegen die temperaturen zwischen einundzwanzig grad an der nordsee und achtundzwanzig grad im <unk>
09February_2010_Tuesday_tagesschau-4496|es bleibt weiterhin leicht wechselhaft und noch kühler
25August_2010_Wednesday_heute-6001|heute nacht ist es im nordwesten meist trocken, aber ziehen dichtere wolken mit teils kräftigem <unk>
07April_2011_Thursday_tagesschau-8102|am sonntag gibt es im norden und westen einige schauer und <unk> die im osten ebenfalls für eine längere <unk>
10February_2010_Wednesday_tagesschau-2524|am montag scheint die sonne oft neben sonnenschein
06February_2011_Sunday_tagesschau-6914|im norden ist es heute nacht meist klar in der mitte und im süden bildet sich nebel
07December_2010_Tuesday_heute-5626|das wetter ist dann auch ins land scheint die <unk>
18October_2010_Monday_heute-630|und jetzt wünsche ich ihnen noch einen schönen abend
25August_2009_Tuesday_tagesschau-7090|heute nacht ist es teilweise stark bewölkt
16April_2010_Friday_tagesschau-6577|das tief über dem östlichen deutschland sorgt dafür dass es in der nacht und am montag für mehr sonne und steigende temperaturen
25April_2010_Sunday_tagesschau-4952|am dienstag ist es zunächst sonnig
03March_2011_Thursday_tagesschau-7064|und nun die wettervorhersage für morgen mittwoch den vierundzwanzigsten februar
24November_2011_Thursday_heute-223|am montag und dienstag bleibt es im norden noch ziemlich freundlich sonst ist es hier und da sonnig und trocken.
05April_2011_Tuesday_tagesschau-6420|am sonntag wechselhaftes wetter mit viel sonnenschein
01July_2009_Wednesday_tagesschau-4555|am dienstag im norden und osten viele wolken
28September_2009_Monday_tagesschau-4680|am tag zehn grad an der ostsee und bis zu zwanzig grad im südwesten
09January_2010_Saturday_tagesschau-1919|und nun die wettervorhersage für morgen sonntag den siebten mai
10August_2011_Wednesday_tagesschau-6304|die sonne zeigt sich nur selten am ehesten im norden und in küstennähe einzelne schauer
01July_2011_Friday_tagesschau-2765|heute nacht sind es an der ostsee und an den alpen acht grad
03November_2010_Wednesday_tagesschau-6506|am tag ist es oft freundlich nur vereinzelt kann es etwas regnen oder schneien, aber im süden auch gefrierender regen oder <unk> der dann wird es schon etwas regnen.
20March_2010_Saturday_heute-7297|im süden ist es weiterhin freundlich und meist trocken
14April_2010_Wednesday_heute-1881|es bleibt dabei sehr mild
02June_2010_Wednesday_heute-6796|und morgen wird es auch noch etwas kühler als heute sein, was an den alpen und im erzgebirge für längere zeit zu erwarten.
09August_2010_Monday_heute-5905|am montag wird es im norden und westen erneut etwas freundlicher
20November_2010_Saturday_tagesschau-1824|morgen ist es überwiegend stark bewölkt und es regnet immer wieder
09April_2010_Friday_tagesschau-7623|und nun die wettervorhersage für morgen freitag den fünften april
03November_2010_Wednesday_tagesschau-6505|im süden scheint die sonne auch für längere zeit die sonne
23March_2011_Wednesday_tagesschau-8751|am samstag im norden ein wechsel aus sonne und wolken, die sich nur vereinzelt <unk>
17January_2011_Monday_tagesschau-7003|in der nordöstlichen <unk> ist es heute nacht überwiegend stark bewölkt oder neblig und trüb, es gibt nur einzelne <unk>
30August_2011_Tuesday_heute-784|morgen ist es noch kalt also weiter bis zum <unk> es bleibt noch im norden noch frostig im emsland und im bergland immer wieder schnee
12September_2009_Saturday_tagesschau-6589|am sonntag im osten freundliche abschnitte und an der küste frischer <unk>
20December_2010_Monday_tagesschau-3204|am samstag viel sonne und <unk>
02June_2010_Wednesday_tagesschau-7160|heute nacht fünf bis minus ein grad im <unk> plus fünf grad an der <unk>
16September_2010_Thursday_tagesschau-6271|am tag ein grad bei anhaltendem nebel und hochnebel sonnenschein
30October_2009_Friday_tagesschau-2276|am montag gibt es im norden und westen hier und da regen sonst sonne und es wird teilweise freundlich.
30January_2011_Sunday_tagesschau-6345|und nun die wettervorhersage für morgen freitag den sechzehnten september
09February_2010_Tuesday_tagesschau-4497|und es wird dann auch deutlich wärmer dabei
30December_2010_Thursday_tagesschau-2236|am tag fünf grad im vogtland und dreizehn grad am rhein
30July_2010_Friday_tagesschau-1520|und nun die wettervorhersage für morgen montag den zehnten februar
22April_2010_Thursday_heute-2125|am tag wird es kaum noch einmal freundlich
09July_2009_Thursday_tagesschau-7110|und nun die wettervorhersage für morgen freitag den neunten juni
21January_2011_Friday_tagesschau-4890|am dienstag gibt es abwechselnd sonne und wolken sowie einzelne <unk>
18April_2011_Monday_tagesschau-1316|am samstag gibt es im norden und westen etwas <unk> sonst ist es meist freundlich.
09May_2011_Monday_tagesschau-8586|und morgen wird es dann etwas kühler
13August_2011_Saturday_tagesschau-1410|am tag regnet es in der nordhälfte gebietsweise in der nordhälfte
27July_2010_Tuesday_heute-5261|liebe zuschauer guten abend
21November_2009_Saturday_tagesschau-4911|am donnerstag ist es im norden ebenfalls oft freundlich mit nur vereinzelt <unk>
08October_2009_Thursday_tagesschau-5350|in der nacht heute minus acht grad in einigen regionen des <unk>
16December_2009_Wednesday_tagesschau-5918|am samstag viel sonne in der nordöstlichen <unk> viel sonne und wolken, an den küsten fällt etwas <unk>
12September_2009_Saturday_tagesschau-6591|am montag ist es im süden recht freundlich, während es in der mitte und im osten noch wechselhaft bleibt.
23August_2010_Monday_heute-5319|und so wird es dann auch in norddeutschland nicht ganz so kalt sein, aber es bleibt dort auch morgen auch im norden
12July_2011_Tuesday_heute-1279|am freitag gibt es in der südosthälfte noch viele wolken und vor allem in der osthälfte und im nordwesten ist es meist freundlich
06August_2010_Friday_tagesschau-2172|und nun die wettervorhersage für morgen samstag den fünften märz
04December_2009_Friday_tagesschau-841|der wind weht schwach bis mäßig im nordwesten teilweise frisch bei gewittern stürmische böen
30November_2010_Tuesday_tagesschau-4617|in der neuen woche scheint erstmal verbreitet die sonne und es wird sonnig sein.
29September_2012_Saturday_tagesschau-2966|am montag ist es im norden und osten meist freundlich sonst regnet es hier und da etwas
15December_2010_Wednesday_tagesschau-40|am tag gibt es abwechselnd sonne und wolken sowie einige <unk>
28November_2011_Monday_heute-1587|am tag fünf grad im vogtland und dreizehn grad im breisgau
23December_2010_Thursday_tagesschau-1430|und nun die wettervorhersage für morgen freitag den dreizehnten januar
06July_2009_Monday_tagesschau-2109|am tag einundzwanzig grad in der eifel vierzehn grad in der lausitz
11October_2010_Monday_tagesschau-4612|morgen an der ostsee und im vogtland frische sieben grad am oberrhein
12September_2009_Saturday_tagesschau-6590|morgen wird es im norden und osten recht freundlich mit sonne und wolken
05February_2010_Friday_tagesschau-2920|und nun die wettervorhersage für morgen dienstag den dreiundzwanzigsten februar
14April_2010_Wednesday_heute-1892|ich wünsche ihnen noch einen schönen abend und machen sie es gut
10August_2011_Wednesday_tagesschau-6305|am mittwoch gibt es im norden und westen vereinzelt etwas <unk>
05May_2011_Thursday_tagesschau-25|und nun die wettervorhersage für morgen montag den siebenten juli
23February_2011_Wednesday_heute-3780|ich wünsche ihnen noch einen schönen abend und machen sie es gut
25June_2010_Friday_tagesschau-3884|am samstag gibt es im osten und süden noch sommerliche periode es kurz
12July_2009_Sunday_tagesschau-2573|am montag ist es meist sonnig mit nur wenigen <unk>
16December_2011_Friday_tagesschau-6532|am samstag gibt es viel <unk> in der nordosthälfte stellenweise regen und einzelne gewitter
07April_2010_Wednesday_tagesschau-6029|im osten und süden ist es morgen teilweise noch längere zeit klar später breiten sich dann die wolken mit schauern und gewittern zu rechnen.
17January_2010_Sunday_tagesschau-5554|am tag ist es zunächst in der nordosthälfte viel sonne sonst ist es meist freundlich
27August_2009_Thursday_tagesschau-3286|am montag ist es teilweise freundlich
06May_2010_Thursday_heute-1054|im norden ist es heute nacht überwiegend trocken
25August_2010_Wednesday_heute-6008|es bleibt dabei sehr mild
30November_2010_Tuesday_tagesschau-4621|im norden und nordosten viel sonne
26April_2010_Monday_heute-3398|am mittwoch und donnerstag ist es meist freundlich mit viel sonne
21November_2011_Monday_heute-5433|am montag ist es teilweise freundlich, teilweise wolkig mit schauern und <unk>
07October_2012_Sunday_tagesschau-3026|es gelten entsprechende unwetterwarnungen des deutschen wetterdienstes
02December_2010_Thursday_tagesschau-3637|dabei bleibt es überwiegend trocken
16May_2010_Sunday_tagesschau-5227|im norden ist es meist klar und es schneit örtlich noch etwas, sonst gibt es teilweise noch etwas <unk>
01April_2010_Thursday_heute-6698|morgen werte von sieben grad im sauerland bis dreizehn grad am oberrhein
12January_2010_Tuesday_heute-2546|am dienstag ist es zuerst freundlich, danach treten aus westen und südwesten teilweise wolken auf.
29January_2010_Friday_tagesschau-6489|morgen erwartet uns unter leichtem hochdruckeinfluss meist noch recht ruhiges und kaltes <unk>
25January_2010_Monday_heute-1467|und so fallen die niederschläge zunehmend als schnee im osten und süden ist im süden zunächst noch ziemlich freundlich.
26September_2009_Saturday_tagesschau-2335|am mittwoch gibt es im norden und nordosten zeitweise <unk>
13February_2010_Saturday_tagesschau-6044|morgen gibt es im norden und osten weiterhin viele wolken, die hier und da regen bringen.
15February_2010_Monday_tagesschau-1843|am montag mal sonne mal wolken und nur vereinzelt etwas regen
01December_2011_Thursday_heute-3061|und nun die wettervorhersage für morgen samstag den achtundzwanzigsten januar
18November_2009_Wednesday_tagesschau-5586|es bleibt dabei noch recht mild
09February_2011_Wednesday_heute-7538|und morgen wird es auch noch ein bisschen kühler sein als heute und an der nordsee da wird es aber noch ein wenig milder.
12December_2010_Sunday_tagesschau-5597|in der nacht ist es überwiegend trocken, jedoch fällt in manchen regionen entsteht <unk>
12December_2010_Sunday_tagesschau-5605|am tag minus fünf grad im vogtland und plus zwei grad an der ostsee
11May_2010_Tuesday_tagesschau-1964|im norden und osten ziehen allerdings die wolken eines tiefausläufers über den norden überquert sonst wieder verbreitet die mitte deutschlands
02November_2010_Tuesday_heute-2754|und jetzt die wettervorhersage für morgen, <unk> den 15. september
11May_2010_Tuesday_tagesschau-1971|am mittwoch gibt es im norden und osten hier und da regen oder <unk>
20October_2009_Tuesday_tagesschau-3586|und nun die wettervorhersage für morgen donnerstag den vierundzwanzigsten august
21July_2009_Tuesday_tagesschau-8062|am samstag gibt es im norden einige <unk> sonst ist es meist freundlich.
24October_2009_Saturday_tagesschau-4283|am montag ist es ebenfalls meist sonnig
24December_2010_Friday_tagesschau-5128|am tag gibt es abwechselnd sonne und wolken, wobei einzelne schauer oder gewitter auftreten.
14April_2010_Wednesday_heute-1880|morgen liegen die temperaturen zwischen zweiundzwanzig grad im breisgau und dreißig grad im breisgau
12November_2009_Thursday_tagesschau-6770|am tag gibt es im norden viel <unk> sonst ist es überwiegend freundlich.
22April_2010_Thursday_heute-2120|am tag scheint im norden viel <unk> sonst gibt es dichtere wolken, hier und da fällt etwas <unk>
20February_2011_Sunday_tagesschau-3164|und nun die wettervorhersage für morgen montag den dreiundzwanzigsten april
25November_2010_Thursday_tagesschau-2529|am tag im norden und osten hier und da regen sonst viel sonne
25May_2010_Tuesday_tagesschau-1294|am tag minus fünf grad im vogtland und plus zwei grad an der ostsee
23September_2010_Thursday_heute-6476|aber es wird ja schon wieder schwül warm sein, da es wird ja schon wieder wärmer als heute
02December_2010_Thursday_tagesschau-3636|im norden und westen ist es am freundlichsten
17May_2010_Monday_tagesschau-8473|am tag null grad auf rügen und dreizehn grad im breisgau
11December_2010_Saturday_tagesschau-8657|und nun die wettervorhersage für morgen donnerstag den dreiundzwanzigsten oktober
09May_2011_Monday_tagesschau-8585|am mittwoch ist es ebenfalls meist sonnig und größtenteils trocken
18September_2010_Saturday_tagesschau-4197|am mittwoch und donnerstag bleibt es meist freundlich mit nur vereinzelten schauern oder gewittern
19April_2010_Monday_heute-781|im norden und westen ist es meist klar und trocken
03October_2012_Wednesday_tagesschau-7656|morgen wird es dann im norden ein bisschen schneien
20November_2011_Sunday_tagesschau-536|am tag scheint die sonne oft neben einigen wolken und es regnet örtlich etwas
05April_2010_Monday_tagesschau-3546|und nun die wettervorhersage für morgen freitag den neunten april
24July_2011_Sunday_tagesschau-6621|es bleibt auf jeden fall erst einmal trocken.
02September_2010_Thursday_heute-3456|im norden bleibt es morgen meist freundlich mit sonne und wolken im tagesverlauf entwickeln sich einzelne zum teil heftige gewitter
02November_2010_Tuesday_heute-2742|guten abend liebe zuschauer
23September_2009_Wednesday_tagesschau-7583|im norden ist es heute nacht noch überwiegend klar,
26April_2010_Monday_tagesschau-7273|und das ganze entlädt sich über der heftigen schauern und gewittern eben auch in heftigen gewittern eben auch in der östlichen <unk> aber auch in norden
17October_2009_Saturday_tagesschau-2138|am mittwoch ziehen von westen wieder wolken wieder dichter und fallen stellenweise <unk>
13April_2011_Wednesday_tagesschau-1683|am dienstag gibt es abwechselnd sonne und wolken, vereinzelt <unk> vereinzelt <unk>
30September_2012_Sunday_tagesschau-4037|am mittwoch ist es ebenfalls sehr windig, am donnerstag ist es überwiegend freundlich.
05July_2010_Monday_tagesschau-1200|am montag scheint die sonne häufig und es wird etwas freundlicher
09August_2009_Sunday_tagesschau-1180|dabei bleibt es sehr mild
05January_2010_Tuesday_tagesschau-2672|heute nacht sind es acht grad an der oder und ein grad im osten
14October_2010_Thursday_tagesschau-299|heute nacht gibt es noch örtliche regenschauer
03November_2010_Wednesday_tagesschau-6507|im süden sind es heute nacht örtlich siebzehn grad, im breisgau bis zu einundzwanzig grad.
31January_2013_Thursday_tagesschau-2710|am montag ist es ebenfalls ziemlich freundlich, es gibt nur vereinzelt <unk> an der küste außerdem <unk> und im süden treten noch schauer auf.
06January_2010_Wednesday_heute-3525|und nun die wettervorhersage für morgen freitag den dreiundzwanzigsten oktober
09April_2010_Friday_tagesschau-7632|in der nacht heute neun bis drei grad im <unk> bis zu zwei grad.
22July_2010_Thursday_tagesschau-8195|das tief über dem atlantik zieht sorgt im norden für regen und wind morgen weiterhin für regen
17January_2011_Monday_tagesschau-7001|im süden ist es nach wie vor viel sonne
13May_2010_Thursday_tagesschau-7916|und nun die wettervorhersage für morgen freitag den ersten märz
20April_2011_Wednesday_tagesschau-3084|im süden und westen verläuft die nacht meist trocken sonst fällt gebietsweise etwas <unk> der sich örtlich bildet
27January_2013_Sunday_tagesschau-8836|am dienstag in der osthälfte noch längere sonnige abschnitte sonst eine deutliche abkühlung und an der nordsee
23September_2009_Wednesday_tagesschau-7582|das hoch über schottland verliert an einfluss auf unser wetter
27September_2009_Sunday_tagesschau-2170|in der nacht heute drei grad im <unk> örtlich nur ein grad
06October_2010_Wednesday_tagesschau-632|und es wird auch am wochenende noch höher werden vor allem in teilen deutschlands erwartet.
25February_2011_Friday_tagesschau-575|am dienstag ist es sonnig und überwiegend trocken
05December_2009_Saturday_tagesschau-4701|und morgen wird es im norden ein wenig freundlicher tag mit sonne und wolken ganz im osten sowie im süden scheint die sonne wieder häufiger
05October_2011_Wednesday_heute-1069|am donnerstag ist es sonnig und zeitweise dichtere wolken
08October_2009_Thursday_tagesschau-5348|am donnerstag im norden und osten hier und da regen im norden auch schnee
25January_2010_Monday_tagesschau-8298|und nun die wettervorhersage für morgen dienstag den einundzwanzigsten juli
03August_2010_Tuesday_tagesschau-2776|und in der mitte werden die wolken dichter und es regnet aber es noch gebietsweise
24October_2009_Saturday_tagesschau-4285|im norden und westen ist es morgen recht freundlich
27October_2009_Tuesday_tagesschau-6148|im norden deutschlands sorgt ein tief über dem atlantik für <unk>
23September_2010_Thursday_tagesschau-3444|am donnerstag ist es im norden recht freundlich und es wird wieder freundlicher.
02October_2009_Friday_tagesschau-1362|am dienstag gibt es im norden und westen teilweise kräftige <unk> ansonsten wechseln sich sonne und wolken ab.
09December_2009_Wednesday_tagesschau-2562|heute nacht plus drei grad an der nordsee und minus drei grad im <unk>
25October_2010_Monday_tagesschau-22|am samstag gibt es viele wolken und vor allem in der nordwestlichen <unk> und an den küsten etwas <unk>
31October_2009_Saturday_tagesschau-7147|am tag minus vier grad bei dauernebel im vogtland und plus zwei grad im <unk>
18November_2009_Wednesday_tagesschau-5584|am montag mal <unk> mal wolken, hier und da fallen <unk>
06October_2010_Wednesday_tagesschau-640|am tag zwanzig grad im <unk> dreiunddreißig grad am <unk>
01March_2011_Tuesday_tagesschau-2211|in der nacht regnet es in der nordhälfte gebietsweise im süden ist es teilweise klar und lokale nebelfelder
30October_2009_Friday_tagesschau-2275|der wind weht schwach bis mäßig an der see auch frisch
06July_2010_Tuesday_tagesschau-2653|im norden ist es heute nacht überwiegend klar, und an manchen stellen entsteht <unk>
16January_2010_Saturday_tagesschau-8073|im westen und nordwesten gibt es ebenfalls schon am vormittag noch schauer und gewitter die örtlich auch gewitter aber nicht mehr ganz so mild
07April_2010_Wednesday_heute-1632|ihnen einen schönen abend und machen sie es gut
30January_2013_Wednesday_tagesschau-477|am sonntag gibt es dann nur im nordwesten einzelne <unk>
20July_2010_Tuesday_heute-5251|und nun die wettervorhersage für morgen donnerstag den dreiundzwanzigsten oktober
10December_2011_Saturday_tagesschau-5421|am dienstag wird es zumindest ein wenig freundlicher
14April_2010_Wednesday_heute-1879|guten abend liebe zuschauer
24January_2013_Thursday_tagesschau-6323|im osten und südosten bleibt es bis zum abend meist sonnig und dort zeigt sich auch die sonne
06October_2012_Saturday_tagesschau-8729|und nun die wettervorhersage für morgen sonntag den siebten september
04April_2011_Monday_heute-965|und morgen wird es dann auch wieder etwas wärmer als heute
24June_2011_Friday_tagesschau-4071|am dienstag ist es im norden und westen meist freundlich sonst regnet es hier und da
16December_2011_Friday_tagesschau-6529|im süden bleibt es meist trocken, aber kommt die sonne auch zum vorschein
04May_2010_Tuesday_heute-453|morgen weht der wind schwach bis mäßig im norden teilweise frisch an der see und an der see teilweise stark
07December_2010_Tuesday_tagesschau-4152|am mittwoch und donnerstag und freitag im norden noch sehr windig
06December_2011_Tuesday_heute-1553|der wind weht schwach bis mäßig aus nordöstlicher richtung
10November_2009_Tuesday_tagesschau-7250|am dienstag ist es in der osthälfte noch recht freundlich; sonst gibt es wolken und nur vereinzelt <unk>
11December_2010_Saturday_tagesschau-8659|am dienstag ist es im norden und westen überwiegend freundlich.
20June_2011_Monday_heute-6514|dabei bleibt es recht kühl
26September_2009_Saturday_tagesschau-2343|morgen wird es freundlich und wieder wärmer mit sonne
03October_2012_Wednesday_tagesschau-7657|im norden und westen lockert es später wieder etwas auf
08December_2009_Tuesday_heute-4213|dabei gibt es zum teil unwetterartige gewitter
10December_2011_Saturday_tagesschau-5420|am freitag ist es ebenfalls wechselhaft und kühl
12January_2011_Wednesday_tagesschau-1732|in der nacht zehn grad in der <unk> bis zu siebzehn grad.
11October_2010_Monday_tagesschau-4615|am freitag gibt es viele wolken, die gebietsweise regen bringen.
20December_2010_Monday_tagesschau-3205|am freitag gibt es viele wolken, einige schauer oder gewitter
17October_2009_Saturday_tagesschau-2139|es bleibt dabei sehr mild.
07January_2010_Thursday_tagesschau-2302|der wind weht schwach bis mäßig an der nordsee auch frisch
05September_2010_Sunday_tagesschau-3132|es ist nicht ganz so mild und anfang kann es an den küsten weiterhin viel regnen
09July_2009_Thursday_tagesschau-7122|am mittwoch und donnerstag bleibt es im norden überwiegend trocken, und vereinzelt treten schneeschauer auf.
27May_2011_Friday_tagesschau-8133|am montag ziehen von westen wieder schauer und gewitter durch, während es in der westhälfte wieder mehr sonne als wolken als sonne und einzelne <unk>
28November_2011_Monday_tagesschau-165|in der südhälfte gibt es teilweise starke <unk> auch gewitter und es ist zeitweise freundlich.
28January_2010_Thursday_tagesschau-2817|am mittwoch und donnerstag sind die sonne häufiger zu sehen.
08June_2010_Tuesday_tagesschau-5527|in der nacht heute minus fünf grad im <unk> plus vier grad.
06January_2010_Wednesday_tagesschau-7726|und das wetter ist in norddeutschland haben wir morgen schon über westeuropa bei uns hinweg ziehen
27June_2010_Sunday_tagesschau-7386|morgen liegen die temperaturen zwischen fünf grad im sauerland und achtzehn grad im passauer <unk>
15July_2011_Friday_tagesschau-8726|und nun die wettervorhersage für morgen samstag den neunundzwanzigsten märz
24January_2011_Monday_tagesschau-3720|der wind weht schwach bis mäßig an der see teilweise frisch
09August_2010_Monday_tagesschau-3000|am montag gibt es im norden noch viele wolken, die gebietsweise regen bringen.
13July_2010_Tuesday_tagesschau-4317|im osten bleibt es noch trocken und zum teil längere zeit freundlich und dort regnet es auch für längere zeit
25April_2010_Sunday_tagesschau-4942|sonst ist es meist bewölkt oder neblig trüb aber auch freundliche abschnitte im westen und nordwesten scheint häufig die sonne
21April_2010_Wednesday_heute-3124|und morgen wird es wieder ein wenig wärmer als heute
12July_2011_Tuesday_heute-1281|der wind weht schwach bis mäßig aus nördlichen richtungen
28July_2011_Thursday_tagesschau-8521|und am mittwoch kommen von südwesten schauer und gewitter mit unwettergefahr von westen
12December_2011_Monday_tagesschau-8282|am mittwoch ist es noch leicht wechselhaft und wieder kühler
06July_2011_Wednesday_tagesschau-6870|am dienstag ist es im nordwesten etwas kühler, und am mittwoch ist es überwiegend sonnig und trocken.
06October_2011_Thursday_heute-5532|am samstag wird es zunehmend freundlicher
31January_2010_Sunday_tagesschau-1333|am montag gibt es im norden und westen nur vereinzelt schauer oder gewitter
23November_2011_Wednesday_tagesschau-980|am samstag zieht der regen in der nordhälfte ab und zu zeigt sich die sonne im süden und westen häufiger
12September_2010_Sunday_tagesschau-3919|in der südhälfte bleibt es trocken
28September_2012_Friday_tagesschau-917|am freundlichsten ist es im norden
10March_2011_Thursday_heute-51|und die temperaturen liegen dann auch bei fünfundzwanzig grad liegen zwischen einundzwanzig und dreiundzwanzig grad am <unk>
13November_2009_Friday_tagesschau-8610|heute nacht fünf grad an der ostsee und bis zu zwölf grad an der ostsee
19July_2009_Sunday_tagesschau-1568|morgen an der ostsee zwanzig grad, am rhein und an der donau am rhein ist es nicht mehr ganz so mild.
10April_2010_Saturday_tagesschau-4140|im norden und westen ist es heute nacht meist stark bewölkt, nur wenige schauer und gewitter im süden scheint die sonne häufig.
10December_2011_Saturday_tagesschau-5423|es weht ein schwacher bis mäßiger wind aus nördlichen richtungen
24May_2010_Monday_tagesschau-3142|in der nacht ist es im norden und nordwesten oft klar sonst nur vereinzelt ein paar tropfen
13December_2009_Sunday_tagesschau-6822|im osten und süden sind es morgen dank des <unk> wahrscheinlich bis zu sechs grad.
14October_2010_Thursday_tagesschau-298|am donnerstag regnet es gebietsweise im norden und westen ist es windig
08October_2009_Thursday_tagesschau-5351|am montag ist es im norden noch recht freundlich sonst ist es teilweise freundlich
01March_2011_Tuesday_tagesschau-2210|im norden und nordwesten mal sonne mal wolken
15September_2010_Wednesday_tagesschau-5210|am sonntag gibt es im norden nur vereinzelt schauer oder <unk> sonst scheint häufig die sonne
07January_2010_Thursday_tagesschau-2301|aber es wird nicht viel regen geben, wenn er sich auf das wetter schon wieder auf und bringt
03October_2012_Wednesday_tagesschau-7655|im süden bleibt es noch trocken
10January_2011_Monday_heute-1375|im norden weht der wind schwach bis mäßig, an der see frisch mit starken bis stürmischen <unk>
24January_2011_Monday_heute-6984|und es wird auch noch heißer als heute, nämlich zwischen vierundzwanzig und dreiunddreißig grad, das heißt in der mitte
12February_2010_Friday_tagesschau-126|am dienstag ist es teils freundlich, vor allem in der osthälfte und im süden gibt es <unk>
21June_2011_Tuesday_tagesschau-1264|im norden und nordwesten ist es heute nacht meist stark bewölkt, es regnet stellenweise.
23August_2010_Monday_tagesschau-4438|im süden und osten bleibt es noch freundlich
25June_2010_Friday_tagesschau-3887|und morgen wird es dann auch im süden noch heißer
21November_2009_Saturday_tagesschau-4905|im süden weht der wind schwach, im norden mäßig bis frisch aus <unk>
14July_2010_Wednesday_tagesschau-1865|heute nacht bleibt es meist trocken
20September_2010_Monday_heute-2934|und nun die wettervorhersage für morgen, <unk> den siebten juli
29July_2010_Thursday_tagesschau-7411|im westen und nordwesten ziehen heute nacht dichtere wolken mit etwas regen auf; im ganzen land scheint die sonne häufig.
20June_2011_Monday_heute-6521|in den kommenden tagen wird es allmählich kühler, dabei wird die luft noch kälter.
01February_2011_Tuesday_tagesschau-4975|im süden und in der mitte ist es meist freundlich.
12May_2010_Wednesday_tagesschau-318|im norden und osten bleibt es heute nacht meist trocken, sonst fällt zeitweise <unk>
06December_2011_Tuesday_heute-1554|ich wünsche ihnen noch einen schönen abend und machen sie es gut
30March_2011_Wednesday_tagesschau-7130|am donnerstag ist es im norden ebenfalls stürmisch, mit einzelnen <unk>
30November_2009_Monday_tagesschau-5755|am tag dann werte von neunzehn grad an der nordsee bis zu siebenundzwanzig grad an der <unk>
18November_2009_Wednesday_tagesschau-5585|im norden ist es überwiegend klar.
09August_2009_Sunday_tagesschau-1181|am samstag gibt es viel <unk> im norden ist es meist freundlich.
02December_2011_Friday_tagesschau-8009|heute nacht ist es teils klar teils bedeckt vereinzelt fallen ein paar tropfen
24January_2013_Thursday_heute-7254|und nun die wettervorhersage für morgen freitag den ersten oktober
20July_2010_Tuesday_tagesschau-7877|und nun die wettervorhersage für morgen freitag den vierten juni
06October_2012_Saturday_tagesschau-8744|am dienstag ist es oft freundlich und überwiegend trocken
06April_2010_Tuesday_tagesschau-308|der wind weht schwach bis mäßig und an der see auch frisch.
13August_2009_Thursday_tagesschau-8487|der wind weht schwach bis mäßig im westen auch frisch aus süd bis südwest
29January_2010_Friday_tagesschau-6490|in der nacht regnet es in der nordhälfte gebietsweise im süden ist es teilweise klar im osten scheint die sonne für längere zeit
23August_2010_Monday_tagesschau-4430|das ist ja schon alles ruhig und das ist auch nicht so weiter.
23July_2011_Saturday_tagesschau-5498|am dienstag gibt es neben wolken und sonnenschein
12March_2011_Saturday_tagesschau-2455|am samstag wird es dann schon wieder freundlicher, und am sonntag scheint die sonne wieder verbreitet.
13July_2009_Monday_tagesschau-7513|im norden und nordwesten gibt es morgen viele wolken, die besonders in der nähe der ostsee und gewittern fallen stürmische <unk>
23August_2010_Monday_heute-5320|am tag ist es zunächst meist freundlich, später ziehen dichte wolken und stellenweise dichte <unk>
23November_2011_Wednesday_tagesschau-973|und nun die wettervorhersage für morgen freitag den einunddreißigsten juli
06January_2010_Wednesday_heute-3523|am tag bleibt es erst mal freundlich, mal gibt es dichte wolken, und nur vereinzelt etwas <unk>
08February_2010_Monday_tagesschau-2796|und nun die wettervorhersage für morgen montag den sechsundzwanzigsten februar
23May_2011_Monday_heute-6466|und dann wird es heute nacht noch ein bisschen schneien
28May_2010_Friday_tagesschau-7496|das hoch über norwegen bringt morgen vor allem dem osten und süden deutschlands noch recht freundliches wetter
26March_2011_Saturday_tagesschau-5730|im süden bleibt es noch freundlich
23January_2011_Sunday_tagesschau-7834|am dienstag ist es zunächst freundlich, aber es gibt nur vereinzelt <unk>
17May_2010_Monday_tagesschau-8477|am mittwoch und donnerstag bleibt es im norden meist freundlich in der nordhälfte wolkig und stellenweise etwas regen
04February_2010_Thursday_heute-7966|es kann auch sehr glatt werden aber es muss wieder mit also in dieser nacht vor allem im westen und südwesten wieder mit schauern und gewittern gerechnet werden
02December_2010_Thursday_heute-8444|guten abend liebe zuschauer
15September_2010_Wednesday_heute-2476|es ist dabei sehr mild
31May_2011_Tuesday_tagesschau-4294|und es wird auch morgen noch ein wenig wärmer als heute
15September_2010_Wednesday_tagesschau-5209|am samstag gibt es viel <unk> nur an den küsten und im süden freundliches <unk>
20October_2009_Tuesday_tagesschau-3595|der wind weht schwach bis mäßig aus nordöstlicher richtung
09August_2010_Monday_heute-5906|ich wünsche ihnen noch einen schönen abend und machen sie es gut
25November_2010_Thursday_tagesschau-2530|am montag gibt es im norden und nordwesten einige <unk> ansonsten ist es meist freundlich.
02September_2010_Thursday_heute-3457|im norden und westen hin und wieder ein paar tropfen
11January_2011_Tuesday_heute-8176|am nachmittag ziehen im westen wieder wolken auf, die sich nachmittags verdichten werden.
10August_2010_Tuesday_tagesschau-3865|im süden ist es recht freundlich und es ist meist trocken
26October_2010_Tuesday_tagesschau-5789|am mittwoch gibt es in der nordosthälfte viel <unk> in der südosthälfte auch längere zeit freundlich.
04January_2010_Monday_heute-7399|und nun die wettervorhersage für morgen sonntag den siebten juli
23August_2010_Monday_tagesschau-4429|der wind weht schwach bis mäßig im norden frisch an der nordsee auch stark
08December_2009_Tuesday_heute-4212|und die temperaturen gehen auf einstellige werte zurück
01March_2011_Tuesday_tagesschau-2209|morgen wird es dann wieder sonniger und es wird ja aber auch wieder sonniger tag
20March_2010_Saturday_heute-7288|am dienstag ist es im südwesten und westen meist freundlich
31May_2011_Tuesday_tagesschau-4295|am samstag zieht ein regengebiet das wetter bei diesem wetter mit anschließend
19February_2010_Friday_tagesschau-4101|am montag insgesamt wechselhaftes wetter
01February_2011_Tuesday_heute-4637|im süden weht der wind schwach nach <unk> an der see auch mäßig
04July_2011_Monday_heute-6441|und nun wünsche ich ihnen einen schönen abend
01December_2011_Thursday_heute-3058|am mittwoch viel sonne und vor allem in der nordhälfte sonne
29April_2010_Thursday_heute-8622|und nun die wettervorhersage für morgen sonntag den achtzehnten oktober
30May_2011_Monday_heute-3677|und das wird sich an diesem wetter vor allem im norden und westen deutschlands etwas stärker.
18November_2009_Wednesday_tagesschau-5587|im norden weht der wind schwach bis mäßig an den küsten auch frisch
08April_2010_Thursday_tagesschau-3949|und das ist auch noch nicht ganz so mild im nordosten deutschlands zieht, bringt
08April_2010_Thursday_heute-4004|bei schauern und gewittern können sturmböen auftreten, sonst weht der wind nur leicht aus nördlichen <unk>
22January_2010_Friday_tagesschau-907|im norden ist es meist bedeckt und vereinzelt gibt es schauer oder gewitter
08October_2009_Thursday_tagesschau-5349|und in den nächsten tagen naja sie sehen es hier und da
03February_2011_Thursday_tagesschau-938|am samstag ist es im westen freundlich und nordwesten regnet es mancherorts
01July_2011_Friday_tagesschau-2766|am tag null grad bei anhaltendem nebel im südosten und osten
17October_2009_Saturday_tagesschau-2133|der wind weht schwach bis mäßig an der see auch frisch
06October_2012_Saturday_tagesschau-8730|am tag zwanzig grad auf <unk> bis fünfundzwanzig grad in berlin
10December_2009_Thursday_tagesschau-7482|und nun die wettervorhersage für morgen freitag den dreizehnten dezember
21August_2011_Sunday_tagesschau-265|im norden ist es meist klar und trocken
07February_2011_Monday_tagesschau-1612|in der nacht fallen in der mitte und im norden ist es überwiegend klar.
26October_2010_Tuesday_tagesschau-5796|am freitag wird es noch etwas milder
22January_2011_Saturday_tagesschau-2080|es weht ein schwacher bis mäßiger wind aus unterschiedlichen richtungen
30January_2013_Wednesday_tagesschau-475|am freitag kommen von westen wieder regenwolken auf
02November_2010_Tuesday_tagesschau-2039|am samstag ist es im norden überwiegend freundlich und trocken
09June_2010_Wednesday_heute-8266|am montag ist es ebenfalls recht freundlich und trocken aber im westen wird es schon wieder milder
01June_2010_Tuesday_tagesschau-5002|und nun die wettervorhersage für morgen mittwoch den einunddreißigsten juli
15October_2009_Thursday_tagesschau-7719|am tag minus fünf grad im vogtland und plus ein grad an der <unk>
20October_2010_Wednesday_heute-8493|liebe zuschauer guten abend
25August_2010_Wednesday_heute-6009|und das ist jetzt schon alles vorbei
22November_2009_Sunday_tagesschau-5490|am montag ist es freundlich, später erneut mit vereinzelten gewittern zu rechnen.
04July_2010_Sunday_tagesschau-7198|und nun die wettervorhersage für morgen montag den einunddreißigsten juli
29September_2011_Thursday_heute-4235|ihnen einen schönen abend und machen sie es gut
29September_2012_Saturday_tagesschau-2967|am dienstag wird es dann von westen her freundlicher
29April_2010_Thursday_heute-8625|und das wird sich in norddeutschland wenn die sonne sich am ehesten noch mal im süden mal wieder mal die sonne mal für den ganzen land mal
25August_2009_Tuesday_tagesschau-7093|am mittwoch ist es in der nordosthälfte viel sonne
29March_2010_Monday_tagesschau-8384|und nun die wettervorhersage für morgen dienstag den elften märz
24December_2010_Friday_tagesschau-5129|der wind weht schwach bis mäßig im norden frisch und an den küsten stark
12January_2010_Tuesday_heute-2545|dabei strömt weiterhin kalte luft aus dem nordosten zu uns in den folgenden tagen wieder kühler und bringt
03July_2009_Friday_tagesschau-2003|am tag ein grad bei dauernebel im süden und südosten und im süden bayerns
29June_2011_Wednesday_tagesschau-4482|am freitag wird es im norden freundlicher und auch wieder wärmer
28November_2011_Monday_tagesschau-172|heute nacht gibt es mal <unk> mal wolken, mal mehr, mal weniger <unk> und es gibt aber auch <unk>
03July_2011_Sunday_tagesschau-1674|am montag ändert sich daran kaum etwas.
28September_2009_Monday_tagesschau-4679|und nun die wettervorhersage für morgen montag den einunddreißigsten januar
01October_2009_Thursday_tagesschau-417|morgen liegen die temperaturen zwischen minus fünf und plus vier grad.
24January_2013_Thursday_heute-7265|und nun die wettervorhersage für morgen donnerstag den dreiundzwanzigsten november
20October_2010_Wednesday_heute-8494|am tag ein grad auf rügen und dreizehn grad an der <unk>
14August_2009_Friday_tagesschau-72|morgen an der ostsee zwanzig grad an der nordsee und siebenundzwanzig grad am <unk>
04July_2011_Monday_heute-6440|und nun die wettervorhersage für morgen mittwoch den sechsundzwanzigsten märz
25April_2010_Sunday_tagesschau-4951|und nun die wettervorhersage für morgen freitag den ersten oktober
29June_2010_Tuesday_tagesschau-7704|der wind weht schwach bis mäßig im norden auch frisch an der nordsee auch stark
21July_2009_Tuesday_tagesschau-8061|und nun die wettervorhersage für morgen samstag den ersten oktober
24September_2009_Thursday_heute-6077|am mittwoch ziehen schauer und gewitter über uns hinweg, die vor allem in der <unk> unwetterpotenzial besitzen.
20May_2010_Thursday_tagesschau-3151|und nun die wettervorhersage für morgen freitag den dreiundzwanzigsten juli
16July_2011_Saturday_tagesschau-7524|in der nacht breiten sich von westen schauer und gewitter aus, die vor allem in der nähe der oder sowie im osten können
11August_2010_Wednesday_tagesschau-2|in der südhälfte scheint die sonne auch in der mitte
17January_2010_Sunday_tagesschau-5555|im südwesten weht der wind schwach bis mäßig
31August_2010_Tuesday_tagesschau-5174|der wind weht schwach bis mäßig aus nordöstlicher richtung
24April_2010_Saturday_tagesschau-3963|am montag ist es recht freundlich und trocken
23May_2011_Monday_heute-6461|am tag ist es erst bewölkt später kommt es im osten und südosten regen
26August_2010_Thursday_tagesschau-4265|und nun die wettervorhersage für morgen mittwoch den sechsundzwanzigsten november
25August_2009_Tuesday_tagesschau-7094|die aussichten am sonntag sind im nordwesten und westen teilweise kräftige schauer und gewitter möglich sonst mal wolkig mal klar
